date,station_name,station_name_en,arr_delay,dep_delay,def_arrtime,act_arrtime,def_deptime,act_deptime,delay_cause_th,delay_cause_en
2024-06-01,กรุงเทพอภิวัฒน์,Bangkok (Krung Thep Aphiwat),-10,0,16:30,16:20,16:50,16:50,"เนื่องจากผ่านพื้นที่ก่อสร้าง, รอหลีกขบวนรถ","due to Passing construction site, Wait for track cleared"
2024-06-01,บางบำหรุ,Bang Bamru,0,0,17:01,17:01,17:02,17:02,"เนื่องจากผ่านพื้นที่ก่อสร้าง, รอหลีกขบวนรถ","due to Passing construction site, Wait for track cleared"
2024-06-01,ศาลายา,Sala Ya,0,0,17:22,17:22,17:23,17:23,"เนื่องจากผ่านพื้นที่ก่อสร้าง, รอหลีกขบวนรถ","due to Passing construction site, Wait for track cleared"
2024-06-01,นครปฐม,Nakhon Pathom,11,11,17:48,17:59,17:50,18:01,"เนื่องจากผ่านพื้นที่ก่อสร้าง, รอหลีกขบวนรถ","due to Passing construction site, Wait for track cleared"
2024-06-01,บ้านโป่ง,Ban Pong,17,17,18:08,18:25,18:09,18:26,"เนื่องจากผ่านพื้นที่ก่อสร้าง, รอหลีกขบวนรถ","due to Passing construction site, Wait for track cleared"
2024-06-01,ราชบุรี,Ratchaburi,20,12,18:37,18:57,18:47,18:59,"เนื่องจากผ่านพื้นที่ก่อสร้าง, รอหลีกขบวนรถ","due to Passing construction site, Wait for track cleared"
2024-06-01,เพชรบุรี,Phetchaburi,10,11,19:30,19:40,19:31,19:42,"เนื่องจากผ่านพื้นที่ก่อสร้าง, รอหลีกขบวนรถ","due to Passing construction site, Wait for track cleared"
2024-06-01,หัวหิน,Hua Hin,15,13,20:20,20:35,20:25,20:38,"เนื่องจากผ่านพื้นที่ก่อสร้าง, รอหลีกขบวนรถ","due to Passing construction site, Wait for track cleared"
2024-06-01,ประจวบคีรีขันธ์,Prachuap Khiri Khan,3,3,21:40,21:43,21:41,21:44,"เนื่องจากผ่านพื้นที่ก่อสร้าง, รอหลีกขบวนรถ","due to Passing construction site, Wait for track cleared"
2024-06-01,ชุมพร,Chumphon,15,13,23:55,00:10,00:05,00:18,"เนื่องจากผ่านพื้นที่ก่อสร้าง, รอหลีกขบวนรถ","due to Passing construction site, Wait for track cleared"
2024-06-01,สุราษฎร์ธานี,Surat Thani,45,45,02:20,03:05,02:23,03:08,"เนื่องจากผ่านพื้นที่ก่อสร้าง, รอหลีกขบวนรถ","due to Passing construction site, Wait for track cleared"
2024-06-01,ชุมทางทุ่งสง,Thung Song Junction,40,36,04:08,04:48,04:18,04:54,"เนื่องจากผ่านพื้นที่ก่อสร้าง, รอหลีกขบวนรถ","due to Passing construction site, Wait for track cleared"
2024-06-01,พัทลุง,Phatthalung,30,30,05:51,06:21,05:53,06:23,"เนื่องจากผ่านพื้นที่ก่อสร้าง, รอหลีกขบวนรถ","due to Passing construction site, Wait for track cleared"
2024-06-01,ชุมทางหาดใหญ่,Hat Yai Junction,49,49,07:05,07:54,07:05,07:54,"เนื่องจากผ่านพื้นที่ก่อสร้าง, รอหลีกขบวนรถ","due to Passing construction site, Wait for track cleared"
2024-06-02,กรุงเทพอภิวัฒน์,Bangkok (Krung Thep Aphiwat),-9,0,16:30,16:21,16:50,16:50,"เนื่องจากผ่านพื้นที่ก่อสร้าง, รอหลีกขบวนรถ","due to Passing construction site, Wait for track cleared"
2024-06-02,บางบำหรุ,Bang Bamru,0,0,17:01,17:01,17:02,17:02,"เนื่องจากผ่านพื้นที่ก่อสร้าง, รอหลีกขบวนรถ","due to Passing construction site, Wait for track cleared"
2024-06-02,ศาลายา,Sala Ya,0,2,17:22,17:22,17:23,17:25,"เนื่องจากผ่านพื้นที่ก่อสร้าง, รอหลีกขบวนรถ","due to Passing construction site, Wait for track cleared"
2024-06-02,นครปฐม,Nakhon Pathom,7,7,17:48,17:55,17:50,17:57,"เนื่องจากผ่านพื้นที่ก่อสร้าง, รอหลีกขบวนรถ","due to Passing construction site, Wait for track cleared"
2024-06-02,บ้านโป่ง,Ban Pong,31,31,18:08,18:39,18:09,18:40,"เนื่องจากผ่านพื้นที่ก่อสร้าง, รอหลีกขบวนรถ","due to Passing construction site, Wait for track cleared"
2024-06-02,ราชบุรี,Ratchaburi,37,30,18:37,19:14,18:47,19:17,"เนื่องจากผ่านพื้นที่ก่อสร้าง, รอหลีกขบวนรถ","due to Passing construction site, Wait for track cleared"
2024-06-02,เพชรบุรี,Phetchaburi,30,30,19:30,20:00,19:31,20:01,"เนื่องจากผ่านพื้นที่ก่อสร้าง, รอหลีกขบวนรถ","due to Passing construction site, Wait for track cleared"
2024-06-02,หัวหิน,Hua Hin,31,29,20:20,20:51,20:25,20:54,"เนื่องจากผ่านพื้นที่ก่อสร้าง, รอหลีกขบวนรถ","due to Passing construction site, Wait for track cleared"
2024-06-02,ประจวบคีรีขันธ์,Prachuap Khiri Khan,21,21,21:40,22:01,21:41,22:02,"เนื่องจากผ่านพื้นที่ก่อสร้าง, รอหลีกขบวนรถ","due to Passing construction site, Wait for track cleared"
2024-06-02,ชุมพร,Chumphon,30,29,23:55,00:25,00:05,00:34,"เนื่องจากผ่านพื้นที่ก่อสร้าง, รอหลีกขบวนรถ","due to Passing construction site, Wait for track cleared"
2024-06-02,สุราษฎร์ธานี,Surat Thani,37,37,02:20,02:57,02:23,03:00,"เนื่องจากผ่านพื้นที่ก่อสร้าง, รอหลีกขบวนรถ","due to Passing construction site, Wait for track cleared"
2024-06-02,ชุมทางทุ่งสง,Thung Song Junction,37,35,04:08,04:45,04:18,04:53,"เนื่องจากผ่านพื้นที่ก่อสร้าง, รอหลีกขบวนรถ","due to Passing construction site, Wait for track cleared"
2024-06-02,พัทลุง,Phatthalung,30,30,05:51,06:21,05:53,06:23,"เนื่องจากผ่านพื้นที่ก่อสร้าง, รอหลีกขบวนรถ","due to Passing construction site, Wait for track cleared"
2024-06-02,ชุมทางหาดใหญ่,Hat Yai Junction,52,52,07:05,07:57,07:05,07:57,"เนื่องจากผ่านพื้นที่ก่อสร้าง, รอหลีกขบวนรถ","due to Passing construction site, Wait for track cleared"
2024-06-03,กรุงเทพอภิวัฒน์,Bangkok (Krung Thep Aphiwat),-6,0,16:30,16:24,16:50,16:50,,
2024-06-03,บางบำหรุ,Bang Bamru,0,0,17:01,17:01,17:02,17:02,,
2024-06-03,ศาลายา,Sala Ya,0,0,17:22,17:22,17:23,17:23,,
2024-06-03,นครปฐม,Nakhon Pathom,4,4,17:48,17:52,17:50,17:54,,
2024-06-03,บ้านโป่ง,Ban Pong,18,18,18:08,18:26,18:09,18:27,,
2024-06-03,ราชบุรี,Ratchaburi,32,25,18:37,19:09,18:47,19:12,,
2024-06-03,เพชรบุรี,Phetchaburi,18,19,19:30,19:48,19:31,19:50,,
2024-06-03,หัวหิน,Hua Hin,17,15,20:20,20:37,20:25,20:40,,
2024-06-03,ประจวบคีรีขันธ์,Prachuap Khiri Khan,6,6,21:40,21:46,21:41,21:47,,
2024-06-03,ชุมพร,Chumphon,8,6,23:55,00:03,00:05,00:11,,
2024-06-03,สุราษฎร์ธานี,Surat Thani,16,16,02:20,02:36,02:23,02:39,,
2024-06-03,ชุมทางทุ่งสง,Thung Song Junction,11,10,04:08,04:19,04:18,04:28,,
2024-06-03,พัทลุง,Phatthalung,0,2,05:51,05:51,05:53,05:55,,
2024-06-03,ชุมทางหาดใหญ่,Hat Yai Junction,20,20,07:05,07:25,07:05,07:25,,
2024-06-04,กรุงเทพอภิวัฒน์,Bangkok (Krung Thep Aphiwat),-8,0,16:30,16:22,16:50,16:50,,
2024-06-04,บางบำหรุ,Bang Bamru,0,0,17:01,17:01,17:02,17:02,,
2024-06-04,ศาลายา,Sala Ya,6,6,17:22,17:28,17:23,17:29,,
2024-06-04,นครปฐม,Nakhon Pathom,7,7,17:48,17:55,17:50,17:57,,
2024-06-04,บ้านโป่ง,Ban Pong,16,16,18:08,18:24,18:09,18:25,,
2024-06-04,ราชบุรี,Ratchaburi,13,6,18:37,18:50,18:47,18:53,,
2024-06-04,เพชรบุรี,Phetchaburi,-2,0,19:30,19:28,19:31,19:31,,
2024-06-04,หัวหิน,Hua Hin,0,0,20:20,20:20,20:25,20:25,,
2024-06-04,ประจวบคีรีขันธ์,Prachuap Khiri Khan,-11,0,21:40,21:29,21:41,21:41,,
2024-06-04,ชุมพร,Chumphon,-8,4,23:55,23:47,00:05,00:09,,
2024-06-04,สุราษฎร์ธานี,Surat Thani,31,31,02:20,02:51,02:23,02:54,,
2024-06-04,ชุมทางทุ่งสง,Thung Song Junction,27,24,04:08,04:35,04:18,04:42,,
2024-06-04,พัทลุง,Phatthalung,14,14,05:51,06:05,05:53,06:07,,
2024-06-04,ชุมทางหาดใหญ่,Hat Yai Junction,16,16,07:05,07:21,07:05,07:21,,
2024-06-05,กรุงเทพอภิวัฒน์,Bangkok (Krung Thep Aphiwat),-9,0,16:30,16:21,16:50,16:50,,
2024-06-05,บางบำหรุ,Bang Bamru,0,0,17:01,17:01,17:02,17:02,,
2024-06-05,ศาลายา,Sala Ya,0,0,17:22,17:22,17:23,17:23,,
2024-06-05,นครปฐม,Nakhon Pathom,0,0,17:48,17:48,17:50,17:50,,
2024-06-05,บ้านโป่ง,Ban Pong,0,0,18:08,18:08,18:09,18:09,,
2024-06-05,ราชบุรี,Ratchaburi,-2,0,18:37,18:35,18:47,18:47,,
2024-06-05,เพชรบุรี,Phetchaburi,-8,0,19:30,19:22,19:31,19:31,,
2024-06-05,หัวหิน,Hua Hin,-4,0,20:20,20:16,20:25,20:25,,
2024-06-05,ประจวบคีรีขันธ์,Prachuap Khiri Khan,-6,0,21:40,21:34,21:41,21:41,,
2024-06-05,ชุมพร,Chumphon,7,5,23:55,00:02,00:05,00:10,,
2024-06-05,สุราษฎร์ธานี,Surat Thani,27,27,02:20,02:47,02:23,02:50,,
2024-06-05,ชุมทางทุ่งสง,Thung Song Junction,24,22,04:08,04:32,04:18,04:40,,
2024-06-05,พัทลุง,Phatthalung,13,13,05:51,06:04,05:53,06:06,,
2024-06-05,ชุมทางหาดใหญ่,Hat Yai Junction,11,11,07:05,07:16,07:05,07:16,,
2024-06-06,กรุงเทพอภิวัฒน์,Bangkok (Krung Thep Aphiwat),-12,0,16:30,16:18,16:50,16:50,,
2024-06-06,บางบำหรุ,Bang Bamru,2,2,17:01,17:03,17:02,17:04,,
2024-06-06,ศาลายา,Sala Ya,1,2,17:22,17:23,17:23,17:25,,
2024-06-06,นครปฐม,Nakhon Pathom,10,10,17:48,17:58,17:50,18:00,,
2024-06-06,บ้านโป่ง,Ban Pong,14,14,18:08,18:22,18:09,18:23,,
2024-06-06,ราชบุรี,Ratchaburi,11,3,18:37,18:48,18:47,18:50,,
2024-06-06,เพชรบุรี,Phetchaburi,-2,0,19:30,19:28,19:31,19:31,,
2024-06-06,หัวหิน,Hua Hin,0,0,20:20,20:20,20:25,20:25,,
2024-06-06,ประจวบคีรีขันธ์,Prachuap Khiri Khan,-9,0,21:40,21:31,21:41,21:41,,
2024-06-06,ชุมพร,Chumphon,2,4,23:55,23:57,00:05,00:09,,
2024-06-06,สุราษฎร์ธานี,Surat Thani,11,11,02:20,02:31,02:23,02:34,,
2024-06-06,ชุมทางทุ่งสง,Thung Song Junction,3,0,04:08,04:11,04:18,04:18,,
2024-06-06,พัทลุง,Phatthalung,4,4,05:51,05:55,05:53,05:57,,
2024-06-06,ชุมทางหาดใหญ่,Hat Yai Junction,13,13,07:05,07:18,07:05,07:18,,
2024-06-07,กรุงเทพอภิวัฒน์,Bangkok (Krung Thep Aphiwat),-11,0,16:30,16:19,16:50,16:50,"เนื่องจากผ่านพื้นที่ก่อสร้าง, รอหลีกขบวนรถ, ระบบอาณัติสัญญาณขัดข้อง","due to Passing construction site, Wait for track cleared, Signal malfunction"
2024-06-07,บางบำหรุ,Bang Bamru,0,0,17:01,17:01,17:02,17:02,"เนื่องจากผ่านพื้นที่ก่อสร้าง, รอหลีกขบวนรถ, ระบบอาณัติสัญญาณขัดข้อง","due to Passing construction site, Wait for track cleared, Signal malfunction"
2024-06-07,ศาลายา,Sala Ya,0,0,17:22,17:22,17:23,17:23,"เนื่องจากผ่านพื้นที่ก่อสร้าง, รอหลีกขบวนรถ, ระบบอาณัติสัญญาณขัดข้อง","due to Passing construction site, Wait for track cleared, Signal malfunction"
2024-06-07,นครปฐม,Nakhon Pathom,5,5,17:48,17:53,17:50,17:55,"เนื่องจากผ่านพื้นที่ก่อสร้าง, รอหลีกขบวนรถ, ระบบอาณัติสัญญาณขัดข้อง","due to Passing construction site, Wait for track cleared, Signal malfunction"
2024-06-07,บ้านโป่ง,Ban Pong,8,8,18:08,18:16,18:09,18:17,"เนื่องจากผ่านพื้นที่ก่อสร้าง, รอหลีกขบวนรถ, ระบบอาณัติสัญญาณขัดข้อง","due to Passing construction site, Wait for track cleared, Signal malfunction"
2024-06-07,ราชบุรี,Ratchaburi,5,0,18:37,18:42,18:47,18:47,"เนื่องจากผ่านพื้นที่ก่อสร้าง, รอหลีกขบวนรถ, ระบบอาณัติสัญญาณขัดข้อง","due to Passing construction site, Wait for track cleared, Signal malfunction"
2024-06-07,เพชรบุรี,Phetchaburi,-7,0,19:30,19:23,19:31,19:31,"เนื่องจากผ่านพื้นที่ก่อสร้าง, รอหลีกขบวนรถ, ระบบอาณัติสัญญาณขัดข้อง","due to Passing construction site, Wait for track cleared, Signal malfunction"
2024-06-07,หัวหิน,Hua Hin,-1,0,20:20,20:19,20:25,20:25,"เนื่องจากผ่านพื้นที่ก่อสร้าง, รอหลีกขบวนรถ, ระบบอาณัติสัญญาณขัดข้อง","due to Passing construction site, Wait for track cleared, Signal malfunction"
2024-06-07,ประจวบคีรีขันธ์,Prachuap Khiri Khan,-13,0,21:40,21:27,21:41,21:41,"เนื่องจากผ่านพื้นที่ก่อสร้าง, รอหลีกขบวนรถ, ระบบอาณัติสัญญาณขัดข้อง","due to Passing construction site, Wait for track cleared, Signal malfunction"
2024-06-07,ชุมพร,Chumphon,-1,0,23:55,23:54,00:05,00:05,"เนื่องจากผ่านพื้นที่ก่อสร้าง, รอหลีกขบวนรถ, ระบบอาณัติสัญญาณขัดข้อง","due to Passing construction site, Wait for track cleared, Signal malfunction"
2024-06-07,สุราษฎร์ธานี,Surat Thani,27,27,02:20,02:47,02:23,02:50,"เนื่องจากผ่านพื้นที่ก่อสร้าง, รอหลีกขบวนรถ, ระบบอาณัติสัญญาณขัดข้อง","due to Passing construction site, Wait for track cleared, Signal malfunction"
2024-06-07,ชุมทางทุ่งสง,Thung Song Junction,26,26,04:08,04:34,04:18,04:44,"เนื่องจากผ่านพื้นที่ก่อสร้าง, รอหลีกขบวนรถ, ระบบอาณัติสัญญาณขัดข้อง","due to Passing construction site, Wait for track cleared, Signal malfunction"
2024-06-07,พัทลุง,Phatthalung,20,20,05:51,06:11,05:53,06:13,"เนื่องจากผ่านพื้นที่ก่อสร้าง, รอหลีกขบวนรถ, ระบบอาณัติสัญญาณขัดข้อง","due to Passing construction site, Wait for track cleared, Signal malfunction"
2024-06-07,ชุมทางหาดใหญ่,Hat Yai Junction,67,67,07:05,08:12,07:05,08:12,"เนื่องจากผ่านพื้นที่ก่อสร้าง, รอหลีกขบวนรถ, ระบบอาณัติสัญญาณขัดข้อง","due to Passing construction site, Wait for track cleared, Signal malfunction"
2024-06-08,กรุงเทพอภิวัฒน์,Bangkok (Krung Thep Aphiwat),-11,0,16:30,16:19,16:50,16:50,เนื่องจากรถจักรขัดข้อง,due to Locomotive issue
2024-06-08,บางบำหรุ,Bang Bamru,0,0,17:01,17:01,17:02,17:02,เนื่องจากรถจักรขัดข้อง,due to Locomotive issue
2024-06-08,ศาลายา,Sala Ya,0,0,17:22,17:22,17:23,17:23,เนื่องจากรถจักรขัดข้อง,due to Locomotive issue
2024-06-08,นครปฐม,Nakhon Pathom,5,5,17:48,17:53,17:50,17:55,เนื่องจากรถจักรขัดข้อง,due to Locomotive issue
2024-06-08,บ้านโป่ง,Ban Pong,9,9,18:08,18:17,18:09,18:18,เนื่องจากรถจักรขัดข้อง,due to Locomotive issue
2024-06-08,ราชบุรี,Ratchaburi,6,0,18:37,18:43,18:47,18:47,เนื่องจากรถจักรขัดข้อง,due to Locomotive issue
2024-06-08,เพชรบุรี,Phetchaburi,-5,0,19:30,19:25,19:31,19:31,เนื่องจากรถจักรขัดข้อง,due to Locomotive issue
2024-06-08,หัวหิน,Hua Hin,0,0,20:20,20:20,20:25,20:25,เนื่องจากรถจักรขัดข้อง,due to Locomotive issue
2024-06-08,ประจวบคีรีขันธ์,Prachuap Khiri Khan,-6,0,21:40,21:34,21:41,21:41,เนื่องจากรถจักรขัดข้อง,due to Locomotive issue
2024-06-08,ชุมพร,Chumphon,193,230,23:55,03:08,00:05,03:55,เนื่องจากรถจักรขัดข้อง,due to Locomotive issue
2024-06-08,สุราษฎร์ธานี,Surat Thani,211,211,02:20,05:51,02:23,05:54,เนื่องจากรถจักรขัดข้อง,due to Locomotive issue
2024-06-08,ชุมทางทุ่งสง,Thung Song Junction,203,201,04:08,07:31,04:18,07:39,เนื่องจากรถจักรขัดข้อง,due to Locomotive issue
2024-06-08,พัทลุง,Phatthalung,197,199,05:51,09:08,05:53,09:12,เนื่องจากรถจักรขัดข้อง,due to Locomotive issue
2024-06-08,ชุมทางหาดใหญ่,Hat Yai Junction,212,212,07:05,10:37,07:05,10:37,เนื่องจากรถจักรขัดข้อง,due to Locomotive issue
2024-06-09,กรุงเทพอภิวัฒน์,Bangkok (Krung Thep Aphiwat),-11,0,16:30,16:19,16:50,16:50,,
2024-06-09,บางบำหรุ,Bang Bamru,0,0,17:01,17:01,17:02,17:02,,
2024-06-09,ศาลายา,Sala Ya,0,0,17:22,17:22,17:23,17:23,,
2024-06-09,นครปฐม,Nakhon Pathom,3,3,17:48,17:51,17:50,17:53,,
2024-06-09,บ้านโป่ง,Ban Pong,4,4,18:08,18:12,18:09,18:13,,
2024-06-09,ราชบุรี,Ratchaburi,0,0,18:37,18:37,18:47,18:47,,
2024-06-09,เพชรบุรี,Phetchaburi,-8,0,19:30,19:22,19:31,19:31,,
2024-06-09,หัวหิน,Hua Hin,-3,13,20:20,20:17,20:25,20:38,,
2024-06-09,ประจวบคีรีขันธ์,Prachuap Khiri Khan,0,0,21:40,21:40,21:41,21:41,,
2024-06-09,ชุมพร,Chumphon,-5,0,23:55,23:50,00:05,00:05,,
2024-06-09,สุราษฎร์ธานี,Surat Thani,27,27,02:20,02:47,02:23,02:50,,
2024-06-09,ชุมทางทุ่งสง,Thung Song Junction,26,26,04:08,04:34,04:18,04:44,,
2024-06-09,พัทลุง,Phatthalung,16,16,05:51,06:07,05:53,06:09,,
2024-06-09,ชุมทางหาดใหญ่,Hat Yai Junction,17,17,07:05,07:22,07:05,07:22,,
2024-06-10,กรุงเทพอภิวัฒน์,Bangkok (Krung Thep Aphiwat),-10,0,16:30,16:20,16:50,16:50,,
2024-06-10,บางบำหรุ,Bang Bamru,0,0,17:01,17:01,17:02,17:02,,
2024-06-10,ศาลายา,Sala Ya,0,0,17:22,17:22,17:23,17:23,,
2024-06-10,นครปฐม,Nakhon Pathom,5,5,17:48,17:53,17:50,17:55,,
2024-06-10,บ้านโป่ง,Ban Pong,7,7,18:08,18:15,18:09,18:16,,
2024-06-10,ราชบุรี,Ratchaburi,5,0,18:37,18:42,18:47,18:47,,
2024-06-10,เพชรบุรี,Phetchaburi,-6,0,19:30,19:24,19:31,19:31,,
2024-06-10,หัวหิน,Hua Hin,1,0,20:20,20:21,20:25,20:25,,
2024-06-10,ประจวบคีรีขันธ์,Prachuap Khiri Khan,-6,0,21:40,21:34,21:41,21:41,,
2024-06-10,ชุมพร,Chumphon,2,14,23:55,23:57,00:05,00:19,,
2024-06-10,สุราษฎร์ธานี,Surat Thani,15,15,02:20,02:35,02:23,02:38,,
2024-06-10,ชุมทางทุ่งสง,Thung Song Junction,27,27,04:08,04:35,04:18,04:45,,
2024-06-10,พัทลุง,Phatthalung,19,19,05:51,06:10,05:53,06:12,,
2024-06-10,ชุมทางหาดใหญ่,Hat Yai Junction,20,20,07:05,07:25,07:05,07:25,,
2024-06-11,กรุงเทพอภิวัฒน์,Bangkok (Krung Thep Aphiwat),-10,0,16:30,16:20,16:50,16:50,,
2024-06-11,บางบำหรุ,Bang Bamru,0,0,17:01,17:01,17:02,17:02,,
2024-06-11,ศาลายา,Sala Ya,0,0,17:22,17:22,17:23,17:23,,
2024-06-11,นครปฐม,Nakhon Pathom,2,2,17:48,17:50,17:50,17:52,,
2024-06-11,บ้านโป่ง,Ban Pong,4,4,18:08,18:12,18:09,18:13,,
2024-06-11,ราชบุรี,Ratchaburi,3,0,18:37,18:40,18:47,18:47,,
2024-06-11,เพชรบุรี,Phetchaburi,-7,0,19:30,19:23,19:31,19:31,,
2024-06-11,หัวหิน,Hua Hin,-1,0,20:20,20:19,20:25,20:25,,
2024-06-11,ประจวบคีรีขันธ์,Prachuap Khiri Khan,-14,0,21:40,21:26,21:41,21:41,,
2024-06-11,ชุมพร,Chumphon,-9,0,23:55,23:46,00:05,00:05,,
2024-06-11,สุราษฎร์ธานี,Surat Thani,8,8,02:20,02:28,02:23,02:31,,
2024-06-11,ชุมทางทุ่งสง,Thung Song Junction,9,6,04:08,04:17,04:18,04:24,,
2024-06-11,พัทลุง,Phatthalung,-1,0,05:51,05:50,05:53,05:53,,
2024-06-11,ชุมทางหาดใหญ่,Hat Yai Junction,0,0,07:05,07:05,07:05,07:05,,
2024-06-12,กรุงเทพอภิวัฒน์,Bangkok (Krung Thep Aphiwat),-9,0,16:30,16:21,16:50,16:50,,
2024-06-12,บางบำหรุ,Bang Bamru,0,0,17:01,17:01,17:02,17:02,,
2024-06-12,ศาลายา,Sala Ya,0,0,17:22,17:22,17:23,17:23,,
2024-06-12,นครปฐม,Nakhon Pathom,3,3,17:48,17:51,17:50,17:53,,
2024-06-12,บ้านโป่ง,Ban Pong,5,5,18:08,18:13,18:09,18:14,,
2024-06-12,ราชบุรี,Ratchaburi,4,0,18:37,18:41,18:47,18:47,,
2024-06-12,เพชรบุรี,Phetchaburi,-7,0,19:30,19:23,19:31,19:31,,
2024-06-12,หัวหิน,Hua Hin,0,0,20:20,20:20,20:25,20:25,,
2024-06-12,ประจวบคีรีขันธ์,Prachuap Khiri Khan,-6,0,21:40,21:34,21:41,21:41,,
2024-06-12,ชุมพร,Chumphon,0,0,23:55,23:55,00:05,00:05,,
2024-06-12,สุราษฎร์ธานี,Surat Thani,26,26,02:20,02:46,02:23,02:49,,
2024-06-12,ชุมทางทุ่งสง,Thung Song Junction,16,15,04:08,04:24,04:18,04:33,,
2024-06-12,พัทลุง,Phatthalung,3,3,05:51,05:54,05:53,05:56,,
2024-06-12,ชุมทางหาดใหญ่,Hat Yai Junction,6,6,07:05,07:11,07:05,07:11,,
2024-06-13,กรุงเทพอภิวัฒน์,Bangkok (Krung Thep Aphiwat),-9,0,16:30,16:21,16:50,16:50,,
2024-06-13,บางบำหรุ,Bang Bamru,0,0,17:01,17:01,17:02,17:02,,
2024-06-13,ศาลายา,Sala Ya,0,0,17:22,17:22,17:23,17:23,,
2024-06-13,นครปฐม,Nakhon Pathom,0,0,17:48,17:48,17:50,17:50,,
2024-06-13,บ้านโป่ง,Ban Pong,1,1,18:08,18:09,18:09,18:10,,
2024-06-13,ราชบุรี,Ratchaburi,0,0,18:37,18:37,18:47,18:47,,
2024-06-13,เพชรบุรี,Phetchaburi,-5,0,19:30,19:25,19:31,19:31,,
2024-06-13,หัวหิน,Hua Hin,-3,2,20:20,20:17,20:25,20:27,,
2024-06-13,ประจวบคีรีขันธ์,Prachuap Khiri Khan,-6,11,21:40,21:34,21:41,21:52,,
2024-06-13,ชุมพร,Chumphon,20,20,23:55,00:15,00:05,00:25,,
2024-06-13,สุราษฎร์ธานี,Surat Thani,43,43,02:20,03:03,02:23,03:06,,
2024-06-13,ชุมทางทุ่งสง,Thung Song Junction,42,38,04:08,04:50,04:18,04:56,,
2024-06-13,พัทลุง,Phatthalung,27,27,05:51,06:18,05:53,06:20,,
2024-06-13,ชุมทางหาดใหญ่,Hat Yai Junction,20,20,07:05,07:25,07:05,07:25,,
2024-06-14,กรุงเทพอภิวัฒน์,Bangkok (Krung Thep Aphiwat),-10,0,16:30,16:20,16:50,16:50,"เนื่องจากผ่านพื้นที่ก่อสร้าง, รอหลีกขบวนรถ","due to Passing construction site, Wait for track cleared"
2024-06-14,บางบำหรุ,Bang Bamru,0,0,17:01,17:01,17:02,17:02,"เนื่องจากผ่านพื้นที่ก่อสร้าง, รอหลีกขบวนรถ","due to Passing construction site, Wait for track cleared"
2024-06-14,ศาลายา,Sala Ya,0,0,17:22,17:22,17:23,17:23,"เนื่องจากผ่านพื้นที่ก่อสร้าง, รอหลีกขบวนรถ","due to Passing construction site, Wait for track cleared"
2024-06-14,นครปฐม,Nakhon Pathom,4,4,17:48,17:52,17:50,17:54,"เนื่องจากผ่านพื้นที่ก่อสร้าง, รอหลีกขบวนรถ","due to Passing construction site, Wait for track cleared"
2024-06-14,บ้านโป่ง,Ban Pong,8,8,18:08,18:16,18:09,18:17,"เนื่องจากผ่านพื้นที่ก่อสร้าง, รอหลีกขบวนรถ","due to Passing construction site, Wait for track cleared"
2024-06-14,ราชบุรี,Ratchaburi,6,0,18:37,18:43,18:47,18:47,"เนื่องจากผ่านพื้นที่ก่อสร้าง, รอหลีกขบวนรถ","due to Passing construction site, Wait for track cleared"
2024-06-14,เพชรบุรี,Phetchaburi,-5,0,19:30,19:25,19:31,19:31,"เนื่องจากผ่านพื้นที่ก่อสร้าง, รอหลีกขบวนรถ","due to Passing construction site, Wait for track cleared"
2024-06-14,หัวหิน,Hua Hin,-1,0,20:20,20:19,20:25,20:25,"เนื่องจากผ่านพื้นที่ก่อสร้าง, รอหลีกขบวนรถ","due to Passing construction site, Wait for track cleared"
2024-06-14,ประจวบคีรีขันธ์,Prachuap Khiri Khan,-4,0,21:40,21:36,21:41,21:41,"เนื่องจากผ่านพื้นที่ก่อสร้าง, รอหลีกขบวนรถ","due to Passing construction site, Wait for track cleared"
2024-06-14,ชุมพร,Chumphon,-1,0,23:55,23:54,00:05,00:05,"เนื่องจากผ่านพื้นที่ก่อสร้าง, รอหลีกขบวนรถ","due to Passing construction site, Wait for track cleared"
2024-06-14,สุราษฎร์ธานี,Surat Thani,25,27,02:20,02:45,02:23,02:50,"เนื่องจากผ่านพื้นที่ก่อสร้าง, รอหลีกขบวนรถ","due to Passing construction site, Wait for track cleared"
2024-06-14,ชุมทางทุ่งสง,Thung Song Junction,41,39,04:08,04:49,04:18,04:57,"เนื่องจากผ่านพื้นที่ก่อสร้าง, รอหลีกขบวนรถ","due to Passing construction site, Wait for track cleared"
2024-06-14,พัทลุง,Phatthalung,35,35,05:51,06:26,05:53,06:28,"เนื่องจากผ่านพื้นที่ก่อสร้าง, รอหลีกขบวนรถ","due to Passing construction site, Wait for track cleared"
2024-06-14,ชุมทางหาดใหญ่,Hat Yai Junction,40,40,07:05,07:45,07:05,07:45,"เนื่องจากผ่านพื้นที่ก่อสร้าง, รอหลีกขบวนรถ","due to Passing construction site, Wait for track cleared"
2024-06-15,กรุงเทพอภิวัฒน์,Bangkok (Krung Thep Aphiwat),-10,0,16:30,16:20,16:50,16:50,,
2024-06-15,บางบำหรุ,Bang Bamru,0,0,17:01,17:01,17:02,17:02,,
2024-06-15,ศาลายา,Sala Ya,4,4,17:22,17:26,17:23,17:27,,
2024-06-15,นครปฐม,Nakhon Pathom,10,10,17:48,17:58,17:50,18:00,,
2024-06-15,บ้านโป่ง,Ban Pong,17,17,18:08,18:25,18:09,18:26,,
2024-06-15,ราชบุรี,Ratchaburi,18,11,18:37,18:55,18:47,18:58,,
2024-06-15,เพชรบุรี,Phetchaburi,7,8,19:30,19:37,19:31,19:39,,
2024-06-15,หัวหิน,Hua Hin,8,6,20:20,20:28,20:25,20:31,,
2024-06-15,ประจวบคีรีขันธ์,Prachuap Khiri Khan,-2,0,21:40,21:38,21:41,21:41,,
2024-06-15,ชุมพร,Chumphon,7,5,23:55,00:02,00:05,00:10,,
2024-06-15,สุราษฎร์ธานี,Surat Thani,41,41,02:20,03:01,02:23,03:04,,
2024-06-15,ชุมทางทุ่งสง,Thung Song Junction,36,33,04:08,04:44,04:18,04:51,,
2024-06-15,พัทลุง,Phatthalung,27,27,05:51,06:18,05:53,06:20,,
2024-06-15,ชุมทางหาดใหญ่,Hat Yai Junction,20,20,07:05,07:25,07:05,07:25,,
2024-06-16,กรุงเทพอภิวัฒน์,Bangkok (Krung Thep Aphiwat),-11,0,16:30,16:19,16:50,16:50,,
2024-06-16,บางบำหรุ,Bang Bamru,0,0,17:01,17:01,17:02,17:02,,
2024-06-16,ศาลายา,Sala Ya,0,0,17:22,17:22,17:23,17:23,,
2024-06-16,นครปฐม,Nakhon Pathom,1,1,17:48,17:49,17:50,17:51,,
2024-06-16,บ้านโป่ง,Ban Pong,6,6,18:08,18:14,18:09,18:15,,
2024-06-16,ราชบุรี,Ratchaburi,2,0,18:37,18:39,18:47,18:47,,
2024-06-16,เพชรบุรี,Phetchaburi,-8,0,19:30,19:22,19:31,19:31,,
2024-06-16,หัวหิน,Hua Hin,-4,0,20:20,20:16,20:25,20:25,,
2024-06-16,ประจวบคีรีขันธ์,Prachuap Khiri Khan,-9,4,21:40,21:31,21:41,21:45,,
2024-06-16,ชุมพร,Chumphon,-7,0,23:55,23:48,00:05,00:05,,
2024-06-16,สุราษฎร์ธานี,Surat Thani,30,30,02:20,02:50,02:23,02:53,,
2024-06-16,ชุมทางทุ่งสง,Thung Song Junction,25,24,04:08,04:33,04:18,04:42,,
2024-06-16,พัทลุง,Phatthalung,12,12,05:51,06:03,05:53,06:05,,
2024-06-16,ชุมทางหาดใหญ่,Hat Yai Junction,15,15,07:05,07:20,07:05,07:20,,
2024-06-17,กรุงเทพอภิวัฒน์,Bangkok (Krung Thep Aphiwat),-10,0,16:30,16:20,16:50,16:50,,
2024-06-17,บางบำหรุ,Bang Bamru,0,0,17:01,17:01,17:02,17:02,,
2024-06-17,ศาลายา,Sala Ya,0,0,17:22,17:22,17:23,17:23,,
2024-06-17,นครปฐม,Nakhon Pathom,0,0,17:48,17:48,17:50,17:50,,
2024-06-17,บ้านโป่ง,Ban Pong,1,1,18:08,18:09,18:09,18:10,,
2024-06-17,ราชบุรี,Ratchaburi,0,0,18:37,18:37,18:47,18:47,,
2024-06-17,เพชรบุรี,Phetchaburi,-6,0,19:30,19:24,19:31,19:31,,
2024-06-17,หัวหิน,Hua Hin,0,0,20:20,20:20,20:25,20:25,,
2024-06-17,ประจวบคีรีขันธ์,Prachuap Khiri Khan,-5,0,21:40,21:35,21:41,21:41,,
2024-06-17,ชุมพร,Chumphon,2,12,23:55,23:57,00:05,00:17,,
2024-06-17,สุราษฎร์ธานี,Surat Thani,35,35,02:20,02:55,02:23,02:58,,
2024-06-17,ชุมทางทุ่งสง,Thung Song Junction,40,38,04:08,04:48,04:18,04:56,,
2024-06-17,พัทลุง,Phatthalung,27,27,05:51,06:18,05:53,06:20,,
2024-06-17,ชุมทางหาดใหญ่,Hat Yai Junction,20,20,07:05,07:25,07:05,07:25,,
2024-06-18,กรุงเทพอภิวัฒน์,Bangkok (Krung Thep Aphiwat),-9,0,16:30,16:21,16:50,16:50,,
2024-06-18,บางบำหรุ,Bang Bamru,0,0,17:01,17:01,17:02,17:02,,
2024-06-18,ศาลายา,Sala Ya,0,0,17:22,17:22,17:23,17:23,,
2024-06-18,นครปฐม,Nakhon Pathom,4,4,17:48,17:52,17:50,17:54,,
2024-06-18,บ้านโป่ง,Ban Pong,7,7,18:08,18:15,18:09,18:16,,
2024-06-18,ราชบุรี,Ratchaburi,3,0,18:37,18:40,18:47,18:47,,
2024-06-18,เพชรบุรี,Phetchaburi,-6,0,19:30,19:24,19:31,19:31,,
2024-06-18,หัวหิน,Hua Hin,-4,0,20:20,20:16,20:25,20:25,,
2024-06-18,ประจวบคีรีขันธ์,Prachuap Khiri Khan,-10,0,21:40,21:30,21:41,21:41,,
2024-06-18,ชุมพร,Chumphon,4,8,23:55,23:59,00:05,00:13,,
2024-06-18,สุราษฎร์ธานี,Surat Thani,38,38,02:20,02:58,02:23,03:01,,
2024-06-18,ชุมทางทุ่งสง,Thung Song Junction,28,28,04:08,04:36,04:18,04:46,,
2024-06-18,พัทลุง,Phatthalung,10,10,05:51,06:01,05:53,06:03,,
2024-06-18,ชุมทางหาดใหญ่,Hat Yai Junction,10,10,07:05,07:15,07:05,07:15,,
2024-06-19,กรุงเทพอภิวัฒน์,Bangkok (Krung Thep Aphiwat),-10,0,16:30,16:20,16:50,16:50,,
2024-06-19,บางบำหรุ,Bang Bamru,0,0,17:01,17:01,17:02,17:02,,
2024-06-19,ศาลายา,Sala Ya,0,0,17:22,17:22,17:23,17:23,,
2024-06-19,นครปฐม,Nakhon Pathom,2,2,17:48,17:50,17:50,17:52,,
2024-06-19,บ้านโป่ง,Ban Pong,4,4,18:08,18:12,18:09,18:13,,
2024-06-19,ราชบุรี,Ratchaburi,2,0,18:37,18:39,18:47,18:47,,
2024-06-19,เพชรบุรี,Phetchaburi,-5,0,19:30,19:25,19:31,19:31,,
2024-06-19,หัวหิน,Hua Hin,-2,0,20:20,20:18,20:25,20:25,,
2024-06-19,ประจวบคีรีขันธ์,Prachuap Khiri Khan,-6,0,21:40,21:34,21:41,21:41,,
2024-06-19,ชุมพร,Chumphon,-4,0,23:55,23:51,00:05,00:05,,
2024-06-19,สุราษฎร์ธานี,Surat Thani,24,24,02:20,02:44,02:23,02:47,,
2024-06-19,ชุมทางทุ่งสง,Thung Song Junction,21,19,04:08,04:29,04:18,04:37,,
2024-06-19,พัทลุง,Phatthalung,7,7,05:51,05:58,05:53,06:00,,
2024-06-19,ชุมทางหาดใหญ่,Hat Yai Junction,8,8,07:05,07:13,07:05,07:13,,
2024-06-20,กรุงเทพอภิวัฒน์,Bangkok (Krung Thep Aphiwat),-10,0,16:30,16:20,16:50,16:50,,
2024-06-20,บางบำหรุ,Bang Bamru,0,0,17:01,17:01,17:02,17:02,,
2024-06-20,ศาลายา,Sala Ya,0,0,17:22,17:22,17:23,17:23,,
2024-06-20,นครปฐม,Nakhon Pathom,2,2,17:48,17:50,17:50,17:52,,
2024-06-20,บ้านโป่ง,Ban Pong,2,2,18:08,18:10,18:09,18:11,,
2024-06-20,ราชบุรี,Ratchaburi,0,0,18:37,18:37,18:47,18:47,,
2024-06-20,เพชรบุรี,Phetchaburi,-7,0,19:30,19:23,19:31,19:31,,
2024-06-20,หัวหิน,Hua Hin,-2,0,20:20,20:18,20:25,20:25,,
2024-06-20,ประจวบคีรีขันธ์,Prachuap Khiri Khan,-4,0,21:40,21:36,21:41,21:41,,
2024-06-20,ชุมพร,Chumphon,5,5,23:55,00:00,00:05,00:10,,
2024-06-20,สุราษฎร์ธานี,Surat Thani,29,29,02:20,02:49,02:23,02:52,,
2024-06-20,ชุมทางทุ่งสง,Thung Song Junction,22,20,04:08,04:30,04:18,04:38,,
2024-06-20,พัทลุง,Phatthalung,12,12,05:51,06:03,05:53,06:05,,
2024-06-20,ชุมทางหาดใหญ่,Hat Yai Junction,20,20,07:05,07:25,07:05,07:25,,
2024-06-21,กรุงเทพอภิวัฒน์,Bangkok (Krung Thep Aphiwat),-10,0,16:30,16:20,16:50,16:50,,
2024-06-21,บางบำหรุ,Bang Bamru,0,0,17:01,17:01,17:02,17:02,,
2024-06-21,ศาลายา,Sala Ya,0,0,17:22,17:22,17:23,17:23,,
2024-06-21,นครปฐม,Nakhon Pathom,4,4,17:48,17:52,17:50,17:54,,
2024-06-21,บ้านโป่ง,Ban Pong,9,9,18:08,18:17,18:09,18:18,,
2024-06-21,ราชบุรี,Ratchaburi,8,0,18:37,18:45,18:47,18:47,,
2024-06-21,เพชรบุรี,Phetchaburi,-5,0,19:30,19:25,19:31,19:31,,
2024-06-21,หัวหิน,Hua Hin,1,0,20:20,20:21,20:25,20:25,,
2024-06-21,ประจวบคีรีขันธ์,Prachuap Khiri Khan,-9,0,21:40,21:31,21:41,21:41,,
2024-06-21,ชุมพร,Chumphon,6,8,23:55,00:01,00:05,00:13,,
2024-06-21,สุราษฎร์ธานี,Surat Thani,14,14,02:20,02:34,02:23,02:37,,
2024-06-21,ชุมทางทุ่งสง,Thung Song Junction,19,18,04:08,04:27,04:18,04:36,,
2024-06-21,พัทลุง,Phatthalung,11,11,05:51,06:02,05:53,06:04,,
2024-06-21,ชุมทางหาดใหญ่,Hat Yai Junction,16,16,07:05,07:21,07:05,07:21,,
2024-06-22,กรุงเทพอภิวัฒน์,Bangkok (Krung Thep Aphiwat),-10,0,16:30,16:20,16:50,16:50,,
2024-06-22,บางบำหรุ,Bang Bamru,0,0,17:01,17:01,17:02,17:02,,
2024-06-22,ศาลายา,Sala Ya,0,1,17:22,17:22,17:23,17:24,,
2024-06-22,นครปฐม,Nakhon Pathom,4,4,17:48,17:52,17:50,17:54,,
2024-06-22,บ้านโป่ง,Ban Pong,8,8,18:08,18:16,18:09,18:17,,
2024-06-22,ราชบุรี,Ratchaburi,8,0,18:37,18:45,18:47,18:47,,
2024-06-22,เพชรบุรี,Phetchaburi,-6,0,19:30,19:24,19:31,19:31,,
2024-06-22,หัวหิน,Hua Hin,-2,0,20:20,20:18,20:25,20:25,,
2024-06-22,ประจวบคีรีขันธ์,Prachuap Khiri Khan,-1,0,21:40,21:39,21:41,21:41,,
2024-06-22,ชุมพร,Chumphon,2,17,23:55,23:57,00:05,00:22,,
2024-06-22,สุราษฎร์ธานี,Surat Thani,10,10,02:20,02:30,02:23,02:33,,
2024-06-22,ชุมทางทุ่งสง,Thung Song Junction,4,2,04:08,04:12,04:18,04:20,,
2024-06-22,พัทลุง,Phatthalung,0,0,05:51,05:51,05:53,05:53,,
2024-06-22,ชุมทางหาดใหญ่,Hat Yai Junction,8,8,07:05,07:13,07:05,07:13,,
2024-06-23,กรุงเทพอภิวัฒน์,Bangkok (Krung Thep Aphiwat),-10,0,16:30,16:20,16:50,16:50,,
2024-06-23,บางบำหรุ,Bang Bamru,0,0,17:01,17:01,17:02,17:02,,
2024-06-23,ศาลายา,Sala Ya,0,0,17:22,17:22,17:23,17:23,,
2024-06-23,นครปฐม,Nakhon Pathom,3,3,17:48,17:51,17:50,17:53,,
2024-06-23,บ้านโป่ง,Ban Pong,7,7,18:08,18:15,18:09,18:16,,
2024-06-23,ราชบุรี,Ratchaburi,6,0,18:37,18:43,18:47,18:47,,
2024-06-23,เพชรบุรี,Phetchaburi,-5,0,19:30,19:25,19:31,19:31,,
2024-06-23,หัวหิน,Hua Hin,0,0,20:20,20:20,20:25,20:25,,
2024-06-23,ประจวบคีรีขันธ์,Prachuap Khiri Khan,-11,0,21:40,21:29,21:41,21:41,,
2024-06-23,ชุมพร,Chumphon,1,2,23:55,23:56,00:05,00:07,,
2024-06-23,สุราษฎร์ธานี,Surat Thani,23,23,02:20,02:43,02:23,02:46,,
2024-06-23,ชุมทางทุ่งสง,Thung Song Junction,19,14,04:08,04:27,04:18,04:32,,
2024-06-23,พัทลุง,Phatthalung,0,0,05:51,05:51,05:53,05:53,,
2024-06-23,ชุมทางหาดใหญ่,Hat Yai Junction,10,10,07:05,07:15,07:05,07:15,,
2024-06-24,กรุงเทพอภิวัฒน์,Bangkok (Krung Thep Aphiwat),-10,0,16:30,16:20,16:50,16:50,,
2024-06-24,บางบำหรุ,Bang Bamru,0,0,17:01,17:01,17:02,17:02,,
2024-06-24,ศาลายา,Sala Ya,0,0,17:22,17:22,17:23,17:23,,
2024-06-24,นครปฐม,Nakhon Pathom,4,4,17:48,17:52,17:50,17:54,,
2024-06-24,บ้านโป่ง,Ban Pong,6,6,18:08,18:14,18:09,18:15,,
2024-06-24,ราชบุรี,Ratchaburi,4,0,18:37,18:41,18:47,18:47,,
2024-06-24,เพชรบุรี,Phetchaburi,-7,0,19:30,19:23,19:31,19:31,,
2024-06-24,หัวหิน,Hua Hin,0,0,20:20,20:20,20:25,20:25,,
2024-06-24,ประจวบคีรีขันธ์,Prachuap Khiri Khan,-10,0,21:40,21:30,21:41,21:41,,
2024-06-24,ชุมพร,Chumphon,-12,0,23:55,23:43,00:05,00:05,,
2024-06-24,สุราษฎร์ธานี,Surat Thani,31,31,02:20,02:51,02:23,02:54,,
2024-06-24,ชุมทางทุ่งสง,Thung Song Junction,32,29,04:08,04:40,04:18,04:47,,
2024-06-24,พัทลุง,Phatthalung,18,18,05:51,06:09,05:53,06:11,,
2024-06-24,ชุมทางหาดใหญ่,Hat Yai Junction,20,20,07:05,07:25,07:05,07:25,,
2024-06-25,กรุงเทพอภิวัฒน์,Bangkok (Krung Thep Aphiwat),-10,0,16:30,16:20,16:50,16:50,,
2024-06-25,บางบำหรุ,Bang Bamru,0,0,17:01,17:01,17:02,17:02,,
2024-06-25,ศาลายา,Sala Ya,0,0,17:22,17:22,17:23,17:23,,
2024-06-25,นครปฐม,Nakhon Pathom,3,3,17:48,17:51,17:50,17:53,,
2024-06-25,บ้านโป่ง,Ban Pong,6,6,18:08,18:14,18:09,18:15,,
2024-06-25,ราชบุรี,Ratchaburi,6,0,18:37,18:43,18:47,18:47,,
2024-06-25,เพชรบุรี,Phetchaburi,-6,0,19:30,19:24,19:31,19:31,,
2024-06-25,หัวหิน,Hua Hin,-1,0,20:20,20:19,20:25,20:25,,
2024-06-25,ประจวบคีรีขันธ์,Prachuap Khiri Khan,-7,0,21:40,21:33,21:41,21:41,,
2024-06-25,ชุมพร,Chumphon,-2,0,23:55,23:53,00:05,00:05,,
2024-06-25,สุราษฎร์ธานี,Surat Thani,40,40,02:20,03:00,02:23,03:03,,
2024-06-25,ชุมทางทุ่งสง,Thung Song Junction,41,41,04:08,04:49,04:18,04:59,,
2024-06-25,พัทลุง,Phatthalung,29,29,05:51,06:20,05:53,06:22,,
2024-06-25,ชุมทางหาดใหญ่,Hat Yai Junction,20,20,07:05,07:25,07:05,07:25,,
2024-06-26,กรุงเทพอภิวัฒน์,Bangkok (Krung Thep Aphiwat),-1,0,16:30,16:29,16:50,16:50,,
2024-06-26,บางบำหรุ,Bang Bamru,0,0,17:01,17:01,17:02,17:02,,
2024-06-26,ศาลายา,Sala Ya,0,0,17:22,17:22,17:23,17:23,,
2024-06-26,นครปฐม,Nakhon Pathom,3,3,17:48,17:51,17:50,17:53,,
2024-06-26,บ้านโป่ง,Ban Pong,4,4,18:08,18:12,18:09,18:13,,
2024-06-26,ราชบุรี,Ratchaburi,2,0,18:37,18:39,18:47,18:47,,
2024-06-26,เพชรบุรี,Phetchaburi,-4,0,19:30,19:26,19:31,19:31,,
2024-06-26,หัวหิน,Hua Hin,-2,0,20:20,20:18,20:25,20:25,,
2024-06-26,ประจวบคีรีขันธ์,Prachuap Khiri Khan,-11,0,21:40,21:29,21:41,21:41,,
2024-06-26,ชุมพร,Chumphon,-5,0,23:55,23:50,00:05,00:05,,
2024-06-26,สุราษฎร์ธานี,Surat Thani,10,10,02:20,02:30,02:23,02:33,,
2024-06-26,ชุมทางทุ่งสง,Thung Song Junction,5,1,04:08,04:13,04:18,04:19,,
2024-06-26,พัทลุง,Phatthalung,0,0,05:51,05:51,05:53,05:53,,
2024-06-26,ชุมทางหาดใหญ่,Hat Yai Junction,10,10,07:05,07:15,07:05,07:15,,
2024-06-27,กรุงเทพอภิวัฒน์,Bangkok (Krung Thep Aphiwat),-11,0,16:30,16:19,16:50,16:50,"เนื่องจากผ่านพื้นที่ก่อสร้าง, รอหลีกขบวนรถ","due to Passing construction site, Wait for track cleared"
2024-06-27,บางบำหรุ,Bang Bamru,0,0,17:01,17:01,17:02,17:02,"เนื่องจากผ่านพื้นที่ก่อสร้าง, รอหลีกขบวนรถ","due to Passing construction site, Wait for track cleared"
2024-06-27,ศาลายา,Sala Ya,0,0,17:22,17:22,17:23,17:23,"เนื่องจากผ่านพื้นที่ก่อสร้าง, รอหลีกขบวนรถ","due to Passing construction site, Wait for track cleared"
2024-06-27,นครปฐม,Nakhon Pathom,5,5,17:48,17:53,17:50,17:55,"เนื่องจากผ่านพื้นที่ก่อสร้าง, รอหลีกขบวนรถ","due to Passing construction site, Wait for track cleared"
2024-06-27,บ้านโป่ง,Ban Pong,10,10,18:08,18:18,18:09,18:19,"เนื่องจากผ่านพื้นที่ก่อสร้าง, รอหลีกขบวนรถ","due to Passing construction site, Wait for track cleared"
2024-06-27,ราชบุรี,Ratchaburi,8,1,18:37,18:45,18:47,18:48,"เนื่องจากผ่านพื้นที่ก่อสร้าง, รอหลีกขบวนรถ","due to Passing construction site, Wait for track cleared"
2024-06-27,เพชรบุรี,Phetchaburi,-4,0,19:30,19:26,19:31,19:31,"เนื่องจากผ่านพื้นที่ก่อสร้าง, รอหลีกขบวนรถ","due to Passing construction site, Wait for track cleared"
2024-06-27,หัวหิน,Hua Hin,0,0,20:20,20:20,20:25,20:25,"เนื่องจากผ่านพื้นที่ก่อสร้าง, รอหลีกขบวนรถ","due to Passing construction site, Wait for track cleared"
2024-06-27,ประจวบคีรีขันธ์,Prachuap Khiri Khan,-13,0,21:40,21:27,21:41,21:41,"เนื่องจากผ่านพื้นที่ก่อสร้าง, รอหลีกขบวนรถ","due to Passing construction site, Wait for track cleared"
2024-06-27,ชุมพร,Chumphon,-5,0,23:55,23:50,00:05,00:05,"เนื่องจากผ่านพื้นที่ก่อสร้าง, รอหลีกขบวนรถ","due to Passing construction site, Wait for track cleared"
2024-06-27,สุราษฎร์ธานี,Surat Thani,31,31,02:20,02:51,02:23,02:54,"เนื่องจากผ่านพื้นที่ก่อสร้าง, รอหลีกขบวนรถ","due to Passing construction site, Wait for track cleared"
2024-06-27,ชุมทางทุ่งสง,Thung Song Junction,45,45,04:08,04:53,04:18,05:03,"เนื่องจากผ่านพื้นที่ก่อสร้าง, รอหลีกขบวนรถ","due to Passing construction site, Wait for track cleared"
2024-06-27,พัทลุง,Phatthalung,36,36,05:51,06:27,05:53,06:29,"เนื่องจากผ่านพื้นที่ก่อสร้าง, รอหลีกขบวนรถ","due to Passing construction site, Wait for track cleared"
2024-06-27,ชุมทางหาดใหญ่,Hat Yai Junction,45,45,07:05,07:50,07:05,07:50,"เนื่องจากผ่านพื้นที่ก่อสร้าง, รอหลีกขบวนรถ","due to Passing construction site, Wait for track cleared"
2024-06-28,กรุงเทพอภิวัฒน์,Bangkok (Krung Thep Aphiwat),-7,0,16:30,16:23,16:50,16:50,,
2024-06-28,บางบำหรุ,Bang Bamru,0,0,17:01,17:01,17:02,17:02,,
2024-06-28,ศาลายา,Sala Ya,0,0,17:22,17:22,17:23,17:23,,
2024-06-28,นครปฐม,Nakhon Pathom,3,3,17:48,17:51,17:50,17:53,,
2024-06-28,บ้านโป่ง,Ban Pong,6,6,18:08,18:14,18:09,18:15,,
2024-06-28,ราชบุรี,Ratchaburi,3,0,18:37,18:40,18:47,18:47,,
2024-06-28,เพชรบุรี,Phetchaburi,-4,0,19:30,19:26,19:31,19:31,,
2024-06-28,หัวหิน,Hua Hin,0,0,20:20,20:20,20:25,20:25,,
2024-06-28,ประจวบคีรีขันธ์,Prachuap Khiri Khan,-8,0,21:40,21:32,21:41,21:41,,
2024-06-28,ชุมพร,Chumphon,0,5,23:55,23:55,00:05,00:10,,
2024-06-28,สุราษฎร์ธานี,Surat Thani,24,24,02:20,02:44,02:23,02:47,,
2024-06-28,ชุมทางทุ่งสง,Thung Song Junction,20,17,04:08,04:28,04:18,04:35,,
2024-06-28,พัทลุง,Phatthalung,5,5,05:51,05:56,05:53,05:58,,
2024-06-28,ชุมทางหาดใหญ่,Hat Yai Junction,10,10,07:05,07:15,07:05,07:15,,
2024-06-29,กรุงเทพอภิวัฒน์,Bangkok (Krung Thep Aphiwat),-11,0,16:30,16:19,16:50,16:50,,
2024-06-29,บางบำหรุ,Bang Bamru,0,0,17:01,17:01,17:02,17:02,,
2024-06-29,ศาลายา,Sala Ya,0,0,17:22,17:22,17:23,17:23,,
2024-06-29,นครปฐม,Nakhon Pathom,3,3,17:48,17:51,17:50,17:53,,
2024-06-29,บ้านโป่ง,Ban Pong,7,7,18:08,18:15,18:09,18:16,,
2024-06-29,ราชบุรี,Ratchaburi,5,0,18:37,18:42,18:47,18:47,,
2024-06-29,เพชรบุรี,Phetchaburi,-6,0,19:30,19:24,19:31,19:31,,
2024-06-29,หัวหิน,Hua Hin,-1,0,20:20,20:19,20:25,20:25,,
2024-06-29,ประจวบคีรีขันธ์,Prachuap Khiri Khan,-7,0,21:40,21:33,21:41,21:41,,
2024-06-29,ชุมพร,Chumphon,-4,0,23:55,23:51,00:05,00:05,,
2024-06-29,สุราษฎร์ธานี,Surat Thani,16,16,02:20,02:36,02:23,02:39,,
2024-06-29,ชุมทางทุ่งสง,Thung Song Junction,12,10,04:08,04:20,04:18,04:28,,
2024-06-29,พัทลุง,Phatthalung,2,2,05:51,05:53,05:53,05:55,,
2024-06-29,ชุมทางหาดใหญ่,Hat Yai Junction,13,13,07:05,07:18,07:05,07:18,,
2024-06-30,กรุงเทพอภิวัฒน์,Bangkok (Krung Thep Aphiwat),-12,0,16:30,16:18,16:50,16:50,,
2024-06-30,บางบำหรุ,Bang Bamru,0,0,17:01,17:01,17:02,17:02,,
2024-06-30,ศาลายา,Sala Ya,0,1,17:22,17:22,17:23,17:24,,
2024-06-30,นครปฐม,Nakhon Pathom,7,7,17:48,17:55,17:50,17:57,,
2024-06-30,บ้านโป่ง,Ban Pong,12,12,18:08,18:20,18:09,18:21,,
2024-06-30,ราชบุรี,Ratchaburi,8,1,18:37,18:45,18:47,18:48,,
2024-06-30,เพชรบุรี,Phetchaburi,-5,0,19:30,19:25,19:31,,,
2024-06-30,หัวหิน,Hua Hin,-1,0,20:20,20:19,20:25,20:25,,
2024-06-30,ประจวบคีรีขันธ์,Prachuap Khiri Khan,-9,0,21:40,21:31,21:41,21:41,,
2024-06-30,ชุมพร,Chumphon,1,2,23:55,23:56,00:05,00:07,,
2024-06-30,สุราษฎร์ธานี,Surat Thani,16,16,02:20,02:36,02:23,02:39,,
2024-06-30,ชุมทางทุ่งสง,Thung Song Junction,7,7,04:08,04:15,04:18,04:25,,
2024-06-30,พัทลุง,Phatthalung,0,0,05:51,05:51,05:53,05:53,,
2024-06-30,ชุมทางหาดใหญ่,Hat Yai Junction,9,9,07:05,07:14,07:05,07:14,,
2024-07-01,กรุงเทพอภิวัฒน์,Bangkok (Krung Thep Aphiwat),-7,0,16:30,16:23,16:50,16:50,,
2024-07-01,บางบำหรุ,Bang Bamru,0,0,17:01,17:01,17:02,17:02,,
2024-07-01,ศาลายา,Sala Ya,0,0,17:22,17:22,17:23,17:23,,
2024-07-01,นครปฐม,Nakhon Pathom,6,6,17:48,17:54,17:50,17:56,,
2024-07-01,บ้านโป่ง,Ban Pong,10,10,18:08,18:18,18:09,18:19,,
2024-07-01,ราชบุรี,Ratchaburi,8,1,18:37,18:45,18:47,18:48,,
2024-07-01,เพชรบุรี,Phetchaburi,-4,0,19:30,19:26,19:31,19:31,,
2024-07-01,หัวหิน,Hua Hin,7,5,20:20,20:27,20:25,20:30,,
2024-07-01,ประจวบคีรีขันธ์,Prachuap Khiri Khan,-9,0,21:40,21:31,21:41,21:41,,
2024-07-01,ชุมพร,Chumphon,0,5,23:55,23:55,00:05,00:10,,
2024-07-01,สุราษฎร์ธานี,Surat Thani,38,38,02:20,02:58,02:23,03:01,,
2024-07-01,ชุมทางทุ่งสง,Thung Song Junction,33,30,04:08,04:41,04:18,04:48,,
2024-07-01,พัทลุง,Phatthalung,19,19,05:51,06:10,05:53,06:12,,
2024-07-01,ชุมทางหาดใหญ่,Hat Yai Junction,20,20,07:05,07:25,07:05,07:25,,
2024-07-02,กรุงเทพอภิวัฒน์,Bangkok (Krung Thep Aphiwat),-11,0,16:30,16:19,16:50,16:50,,
2024-07-02,บางบำหรุ,Bang Bamru,0,0,17:01,17:01,17:02,17:02,,
2024-07-02,ศาลายา,Sala Ya,0,0,17:22,17:22,17:23,17:23,,
2024-07-02,นครปฐม,Nakhon Pathom,0,0,17:48,17:48,17:50,17:50,,
2024-07-02,บ้านโป่ง,Ban Pong,2,2,18:08,18:10,18:09,18:11,,
2024-07-02,ราชบุรี,Ratchaburi,0,0,18:37,18:37,18:47,18:47,,
2024-07-02,เพชรบุรี,Phetchaburi,-8,0,19:30,19:22,19:31,19:31,,
2024-07-02,หัวหิน,Hua Hin,-3,0,20:20,20:17,20:25,20:25,,
2024-07-02,ประจวบคีรีขันธ์,Prachuap Khiri Khan,-6,0,21:40,21:34,21:41,21:41,,
2024-07-02,ชุมพร,Chumphon,2,5,23:55,23:57,00:05,00:10,,
2024-07-02,สุราษฎร์ธานี,Surat Thani,27,27,02:20,02:47,02:23,02:50,,
2024-07-02,ชุมทางทุ่งสง,Thung Song Junction,32,32,04:08,04:40,04:18,04:50,,
2024-07-02,พัทลุง,Phatthalung,24,24,05:51,06:15,05:53,06:17,,
2024-07-02,ชุมทางหาดใหญ่,Hat Yai Junction,20,20,07:05,07:25,07:05,07:25,,
2024-07-03,กรุงเทพอภิวัฒน์,Bangkok (Krung Thep Aphiwat),-10,0,16:30,16:20,16:50,16:50,,
2024-07-03,บางบำหรุ,Bang Bamru,0,0,17:01,17:01,17:02,17:02,,
2024-07-03,ศาลายา,Sala Ya,0,0,17:22,17:22,17:23,17:23,,
2024-07-03,นครปฐม,Nakhon Pathom,-2,0,17:48,17:46,17:50,17:50,,
2024-07-03,บ้านโป่ง,Ban Pong,0,0,18:08,18:08,18:09,18:09,,
2024-07-03,ราชบุรี,Ratchaburi,-2,0,18:37,18:35,18:47,18:47,,
2024-07-03,เพชรบุรี,Phetchaburi,-8,0,19:30,19:22,19:31,19:31,,
2024-07-03,หัวหิน,Hua Hin,0,0,20:20,,20:25,,,
2024-07-03,ประจวบคีรีขันธ์,Prachuap Khiri Khan,-12,0,21:40,21:28,21:41,21:41,,
2024-07-03,ชุมพร,Chumphon,-10,0,23:55,23:45,00:05,00:05,,
2024-07-03,สุราษฎร์ธานี,Surat Thani,9,9,02:20,02:29,02:23,02:32,,
2024-07-03,ชุมทางทุ่งสง,Thung Song Junction,6,3,04:08,04:14,04:18,04:21,,
2024-07-03,พัทลุง,Phatthalung,0,0,05:51,05:51,05:53,05:53,,
2024-07-03,ชุมทางหาดใหญ่,Hat Yai Junction,5,5,07:05,07:10,07:05,07:10,,
2024-07-04,กรุงเทพอภิวัฒน์,Bangkok (Krung Thep Aphiwat),-11,0,16:30,16:19,16:50,16:50,,
2024-07-04,บางบำหรุ,Bang Bamru,0,0,17:01,17:01,17:02,17:02,,
2024-07-04,ศาลายา,Sala Ya,0,0,17:22,17:22,17:23,17:23,,
2024-07-04,นครปฐม,Nakhon Pathom,0,0,17:48,17:48,17:50,17:50,,
2024-07-04,บ้านโป่ง,Ban Pong,3,3,18:08,18:11,18:09,18:12,,
2024-07-04,ราชบุรี,Ratchaburi,1,0,18:37,18:38,18:47,18:47,,
2024-07-04,เพชรบุรี,Phetchaburi,-3,0,19:30,19:27,19:31,19:31,,
2024-07-04,หัวหิน,Hua Hin,1,0,20:20,20:21,20:25,20:25,,
2024-07-04,ประจวบคีรีขันธ์,Prachuap Khiri Khan,-8,0,21:40,21:32,21:41,21:41,,
2024-07-04,ชุมพร,Chumphon,-2,5,23:55,23:53,00:05,00:10,,
2024-07-04,สุราษฎร์ธานี,Surat Thani,15,15,02:20,02:35,02:23,02:38,,
2024-07-04,ชุมทางทุ่งสง,Thung Song Junction,14,14,04:08,04:22,04:18,04:32,,
2024-07-04,พัทลุง,Phatthalung,4,4,05:51,05:55,05:53,05:57,,
2024-07-04,ชุมทางหาดใหญ่,Hat Yai Junction,10,10,07:05,07:15,07:05,07:15,,
2024-07-05,กรุงเทพอภิวัฒน์,Bangkok (Krung Thep Aphiwat),-9,0,16:30,16:21,16:50,16:50,"เนื่องจากผ่านพื้นที่ก่อสร้าง, รอหลีกขบวนรถ","due to Passing construction site, Wait for track cleared"
2024-07-05,บางบำหรุ,Bang Bamru,0,0,17:01,17:01,17:02,17:02,"เนื่องจากผ่านพื้นที่ก่อสร้าง, รอหลีกขบวนรถ","due to Passing construction site, Wait for track cleared"
2024-07-05,ศาลายา,Sala Ya,0,1,17:22,17:22,17:23,17:24,"เนื่องจากผ่านพื้นที่ก่อสร้าง, รอหลีกขบวนรถ","due to Passing construction site, Wait for track cleared"
2024-07-05,นครปฐม,Nakhon Pathom,4,4,17:48,17:52,17:50,17:54,"เนื่องจากผ่านพื้นที่ก่อสร้าง, รอหลีกขบวนรถ","due to Passing construction site, Wait for track cleared"
2024-07-05,บ้านโป่ง,Ban Pong,8,8,18:08,18:16,18:09,18:17,"เนื่องจากผ่านพื้นที่ก่อสร้าง, รอหลีกขบวนรถ","due to Passing construction site, Wait for track cleared"
2024-07-05,ราชบุรี,Ratchaburi,7,0,18:37,18:44,18:47,18:47,"เนื่องจากผ่านพื้นที่ก่อสร้าง, รอหลีกขบวนรถ","due to Passing construction site, Wait for track cleared"
2024-07-05,เพชรบุรี,Phetchaburi,-4,0,19:30,19:26,19:31,19:31,"เนื่องจากผ่านพื้นที่ก่อสร้าง, รอหลีกขบวนรถ","due to Passing construction site, Wait for track cleared"
2024-07-05,หัวหิน,Hua Hin,2,0,20:20,20:22,20:25,20:25,"เนื่องจากผ่านพื้นที่ก่อสร้าง, รอหลีกขบวนรถ","due to Passing construction site, Wait for track cleared"
2024-07-05,ประจวบคีรีขันธ์,Prachuap Khiri Khan,-5,0,21:40,21:35,21:41,21:41,"เนื่องจากผ่านพื้นที่ก่อสร้าง, รอหลีกขบวนรถ","due to Passing construction site, Wait for track cleared"
2024-07-05,ชุมพร,Chumphon,9,15,23:55,00:04,00:05,00:20,"เนื่องจากผ่านพื้นที่ก่อสร้าง, รอหลีกขบวนรถ","due to Passing construction site, Wait for track cleared"
2024-07-05,สุราษฎร์ธานี,Surat Thani,50,50,02:20,03:10,02:23,03:13,"เนื่องจากผ่านพื้นที่ก่อสร้าง, รอหลีกขบวนรถ","due to Passing construction site, Wait for track cleared"
2024-07-05,ชุมทางทุ่งสง,Thung Song Junction,48,47,04:08,04:56,04:18,05:05,"เนื่องจากผ่านพื้นที่ก่อสร้าง, รอหลีกขบวนรถ","due to Passing construction site, Wait for track cleared"
2024-07-05,พัทลุง,Phatthalung,38,38,05:51,06:29,05:53,06:31,"เนื่องจากผ่านพื้นที่ก่อสร้าง, รอหลีกขบวนรถ","due to Passing construction site, Wait for track cleared"
2024-07-05,ชุมทางหาดใหญ่,Hat Yai Junction,39,39,07:05,07:44,07:05,07:44,"เนื่องจากผ่านพื้นที่ก่อสร้าง, รอหลีกขบวนรถ","due to Passing construction site, Wait for track cleared"
2024-07-06,กรุงเทพอภิวัฒน์,Bangkok (Krung Thep Aphiwat),-10,0,16:30,16:20,16:50,16:50,,
2024-07-06,บางบำหรุ,Bang Bamru,2,2,17:01,17:03,17:02,17:04,,
2024-07-06,ศาลายา,Sala Ya,0,0,17:22,17:22,17:23,17:23,,
2024-07-06,นครปฐม,Nakhon Pathom,5,5,17:48,17:53,17:50,17:55,,
2024-07-06,บ้านโป่ง,Ban Pong,11,11,18:08,18:19,18:09,18:20,,
2024-07-06,ราชบุรี,Ratchaburi,8,0,18:37,18:45,18:47,18:47,,
2024-07-06,เพชรบุรี,Phetchaburi,-6,0,19:30,19:24,19:31,19:31,,
2024-07-06,หัวหิน,Hua Hin,-2,0,20:20,20:18,20:25,20:25,,
2024-07-06,ประจวบคีรีขันธ์,Prachuap Khiri Khan,-2,0,21:40,21:38,21:41,21:41,,
2024-07-06,ชุมพร,Chumphon,-7,0,23:55,23:48,00:05,00:05,,
2024-07-06,สุราษฎร์ธานี,Surat Thani,17,17,02:20,02:37,02:23,02:40,,
2024-07-06,ชุมทางทุ่งสง,Thung Song Junction,16,12,04:08,04:24,04:18,04:30,,
2024-07-06,พัทลุง,Phatthalung,1,4,05:51,05:52,05:53,05:57,,
2024-07-06,ชุมทางหาดใหญ่,Hat Yai Junction,0,0,07:05,07:05,07:05,07:05,,
2024-07-07,กรุงเทพอภิวัฒน์,Bangkok (Krung Thep Aphiwat),-10,0,16:30,16:20,16:50,16:50,,
2024-07-07,บางบำหรุ,Bang Bamru,0,0,17:01,17:01,17:02,17:02,,
2024-07-07,ศาลายา,Sala Ya,0,0,17:22,17:22,17:23,17:23,,
2024-07-07,นครปฐม,Nakhon Pathom,5,5,17:48,17:53,17:50,17:55,,
2024-07-07,บ้านโป่ง,Ban Pong,7,7,18:08,18:15,18:09,18:16,,
2024-07-07,ราชบุรี,Ratchaburi,4,0,18:37,18:41,18:47,18:47,,
2024-07-07,เพชรบุรี,Phetchaburi,-7,0,19:30,19:23,19:31,19:31,,
2024-07-07,หัวหิน,Hua Hin,-2,0,20:20,20:18,20:25,20:25,,
2024-07-07,ประจวบคีรีขันธ์,Prachuap Khiri Khan,-9,0,21:40,21:31,21:41,21:41,,
2024-07-07,ชุมพร,Chumphon,0,5,23:55,23:55,00:05,00:10,,
2024-07-07,สุราษฎร์ธานี,Surat Thani,11,11,02:20,02:31,02:23,02:34,,
2024-07-07,ชุมทางทุ่งสง,Thung Song Junction,19,17,04:08,04:27,04:18,04:35,,
2024-07-07,พัทลุง,Phatthalung,11,11,05:51,06:02,05:53,06:04,,
2024-07-07,ชุมทางหาดใหญ่,Hat Yai Junction,15,15,07:05,07:20,07:05,07:20,,
2024-07-08,กรุงเทพอภิวัฒน์,Bangkok (Krung Thep Aphiwat),-10,0,16:30,16:20,16:50,16:50,,
2024-07-08,บางบำหรุ,Bang Bamru,0,0,17:01,17:01,17:02,17:02,,
2024-07-08,ศาลายา,Sala Ya,0,0,17:22,17:22,17:23,17:23,,
2024-07-08,นครปฐม,Nakhon Pathom,3,3,17:48,17:51,17:50,17:53,,
2024-07-08,บ้านโป่ง,Ban Pong,0,0,18:08,,18:09,,,
2024-07-08,ราชบุรี,Ratchaburi,3,0,18:37,18:40,18:47,18:47,,
2024-07-08,เพชรบุรี,Phetchaburi,-5,0,19:30,19:25,19:31,19:31,,
2024-07-08,หัวหิน,Hua Hin,2,0,20:20,20:22,20:25,20:25,,
2024-07-08,ประจวบคีรีขันธ์,Prachuap Khiri Khan,-9,0,21:40,21:31,21:41,21:41,,
2024-07-08,ชุมพร,Chumphon,7,10,23:55,00:02,00:05,00:15,,
2024-07-08,สุราษฎร์ธานี,Surat Thani,18,18,02:20,02:38,02:23,02:41,,
2024-07-08,ชุมทางทุ่งสง,Thung Song Junction,13,10,04:08,04:21,04:18,04:28,,
2024-07-08,พัทลุง,Phatthalung,-1,0,05:51,05:50,05:53,05:53,,
2024-07-08,ชุมทางหาดใหญ่,Hat Yai Junction,0,0,07:05,07:05,07:05,07:05,,
2024-07-09,กรุงเทพอภิวัฒน์,Bangkok (Krung Thep Aphiwat),-10,0,16:30,16:20,16:50,16:50,,
2024-07-09,บางบำหรุ,Bang Bamru,0,0,17:01,17:01,17:02,17:02,,
2024-07-09,ศาลายา,Sala Ya,0,0,17:22,17:22,17:23,17:23,,
2024-07-09,นครปฐม,Nakhon Pathom,9,9,17:48,17:57,17:50,17:59,,
2024-07-09,บ้านโป่ง,Ban Pong,13,13,18:08,18:21,18:09,18:22,,
2024-07-09,ราชบุรี,Ratchaburi,10,2,18:37,18:47,18:47,18:49,,
2024-07-09,เพชรบุรี,Phetchaburi,-4,0,19:30,19:26,19:31,19:31,,
2024-07-09,หัวหิน,Hua Hin,-1,0,20:20,20:19,20:25,20:25,,
2024-07-09,ประจวบคีรีขันธ์,Prachuap Khiri Khan,-9,0,21:40,21:31,21:41,21:41,,
2024-07-09,ชุมพร,Chumphon,2,5,23:55,23:57,00:05,00:10,,
2024-07-09,สุราษฎร์ธานี,Surat Thani,20,22,02:20,02:40,02:23,02:45,,
2024-07-09,ชุมทางทุ่งสง,Thung Song Junction,27,26,04:08,04:35,04:18,04:44,,
2024-07-09,พัทลุง,Phatthalung,13,13,05:51,06:04,05:53,06:06,,
2024-07-09,ชุมทางหาดใหญ่,Hat Yai Junction,7,7,07:05,07:12,07:05,07:12,,
2024-07-10,กรุงเทพอภิวัฒน์,Bangkok (Krung Thep Aphiwat),-10,0,16:30,16:20,16:50,16:50,,
2024-07-10,บางบำหรุ,Bang Bamru,0,0,17:01,17:01,17:02,17:02,,
2024-07-10,ศาลายา,Sala Ya,0,0,17:22,17:22,17:23,17:23,,
2024-07-10,นครปฐม,Nakhon Pathom,2,2,17:48,17:50,17:50,17:52,,
2024-07-10,บ้านโป่ง,Ban Pong,6,6,18:08,18:14,18:09,18:15,,
2024-07-10,ราชบุรี,Ratchaburi,3,0,18:37,18:40,18:47,18:47,,
2024-07-10,เพชรบุรี,Phetchaburi,-6,0,19:30,19:24,19:31,19:31,,
2024-07-10,หัวหิน,Hua Hin,0,0,20:20,20:20,20:25,20:25,,
2024-07-10,ประจวบคีรีขันธ์,Prachuap Khiri Khan,-7,0,21:40,21:33,21:41,21:41,,
2024-07-10,ชุมพร,Chumphon,-4,10,23:55,23:51,00:05,00:15,,
2024-07-10,สุราษฎร์ธานี,Surat Thani,22,22,02:20,02:42,02:23,02:45,,
2024-07-10,ชุมทางทุ่งสง,Thung Song Junction,20,22,04:08,04:28,04:18,04:40,,
2024-07-10,พัทลุง,Phatthalung,11,12,05:51,06:02,05:53,06:05,,
2024-07-10,ชุมทางหาดใหญ่,Hat Yai Junction,10,10,07:05,07:15,07:05,07:15,,
2024-07-11,กรุงเทพอภิวัฒน์,Bangkok (Krung Thep Aphiwat),-10,0,16:30,16:20,16:50,16:50,"เนื่องจากผ่านพื้นที่ก่อสร้าง, รอทาง, รอหลีกขบวนรถ","due to Passing construction site, Wait for track cleared, Wait for track cleared"
2024-07-11,บางบำหรุ,Bang Bamru,0,0,17:01,17:01,17:02,17:02,"เนื่องจากผ่านพื้นที่ก่อสร้าง, รอทาง, รอหลีกขบวนรถ","due to Passing construction site, Wait for track cleared, Wait for track cleared"
2024-07-11,ศาลายา,Sala Ya,0,0,17:22,17:22,17:23,17:23,"เนื่องจากผ่านพื้นที่ก่อสร้าง, รอทาง, รอหลีกขบวนรถ","due to Passing construction site, Wait for track cleared, Wait for track cleared"
2024-07-11,นครปฐม,Nakhon Pathom,0,0,17:48,17:48,17:50,17:50,"เนื่องจากผ่านพื้นที่ก่อสร้าง, รอทาง, รอหลีกขบวนรถ","due to Passing construction site, Wait for track cleared, Wait for track cleared"
2024-07-11,บ้านโป่ง,Ban Pong,3,3,18:08,18:11,18:09,18:12,"เนื่องจากผ่านพื้นที่ก่อสร้าง, รอทาง, รอหลีกขบวนรถ","due to Passing construction site, Wait for track cleared, Wait for track cleared"
2024-07-11,ราชบุรี,Ratchaburi,0,0,18:37,18:37,18:47,18:47,"เนื่องจากผ่านพื้นที่ก่อสร้าง, รอทาง, รอหลีกขบวนรถ","due to Passing construction site, Wait for track cleared, Wait for track cleared"
2024-07-11,เพชรบุรี,Phetchaburi,-6,0,19:30,19:24,19:31,19:31,"เนื่องจากผ่านพื้นที่ก่อสร้าง, รอทาง, รอหลีกขบวนรถ","due to Passing construction site, Wait for track cleared, Wait for track cleared"
2024-07-11,หัวหิน,Hua Hin,-3,0,20:20,20:17,20:25,20:25,"เนื่องจากผ่านพื้นที่ก่อสร้าง, รอทาง, รอหลีกขบวนรถ","due to Passing construction site, Wait for track cleared, Wait for track cleared"
2024-07-11,ประจวบคีรีขันธ์,Prachuap Khiri Khan,-5,0,21:40,21:35,21:41,21:41,"เนื่องจากผ่านพื้นที่ก่อสร้าง, รอทาง, รอหลีกขบวนรถ","due to Passing construction site, Wait for track cleared, Wait for track cleared"
2024-07-11,ชุมพร,Chumphon,2,1,23:55,23:57,00:05,00:06,"เนื่องจากผ่านพื้นที่ก่อสร้าง, รอทาง, รอหลีกขบวนรถ","due to Passing construction site, Wait for track cleared, Wait for track cleared"
2024-07-11,สุราษฎร์ธานี,Surat Thani,22,22,02:20,02:42,02:23,02:45,"เนื่องจากผ่านพื้นที่ก่อสร้าง, รอทาง, รอหลีกขบวนรถ","due to Passing construction site, Wait for track cleared, Wait for track cleared"
2024-07-11,ชุมทางทุ่งสง,Thung Song Junction,38,34,04:08,04:46,04:18,04:52,"เนื่องจากผ่านพื้นที่ก่อสร้าง, รอทาง, รอหลีกขบวนรถ","due to Passing construction site, Wait for track cleared, Wait for track cleared"
2024-07-11,พัทลุง,Phatthalung,31,32,05:51,06:22,05:53,06:25,"เนื่องจากผ่านพื้นที่ก่อสร้าง, รอทาง, รอหลีกขบวนรถ","due to Passing construction site, Wait for track cleared, Wait for track cleared"
2024-07-11,ชุมทางหาดใหญ่,Hat Yai Junction,35,35,07:05,07:40,07:05,07:40,"เนื่องจากผ่านพื้นที่ก่อสร้าง, รอทาง, รอหลีกขบวนรถ","due to Passing construction site, Wait for track cleared, Wait for track cleared"
2024-07-12,กรุงเทพอภิวัฒน์,Bangkok (Krung Thep Aphiwat),-9,0,16:30,16:21,16:50,16:50,,
2024-07-12,บางบำหรุ,Bang Bamru,0,0,17:01,17:01,17:02,17:02,,
2024-07-12,ศาลายา,Sala Ya,0,0,17:22,17:22,17:23,17:23,,
2024-07-12,นครปฐม,Nakhon Pathom,3,3,17:48,17:51,17:50,17:53,,
2024-07-12,บ้านโป่ง,Ban Pong,5,5,18:08,18:13,18:09,18:14,,
2024-07-12,ราชบุรี,Ratchaburi,3,0,18:37,18:40,18:47,18:47,,
2024-07-12,เพชรบุรี,Phetchaburi,-6,0,19:30,19:24,19:31,19:31,,
2024-07-12,หัวหิน,Hua Hin,0,0,20:20,20:20,20:25,20:25,,
2024-07-12,ประจวบคีรีขันธ์,Prachuap Khiri Khan,-6,0,21:40,21:34,21:41,21:41,,
2024-07-12,ชุมพร,Chumphon,-5,2,23:55,23:50,00:05,00:07,,
2024-07-12,สุราษฎร์ธานี,Surat Thani,20,20,02:20,02:40,02:23,02:43,,
2024-07-12,ชุมทางทุ่งสง,Thung Song Junction,20,16,04:08,04:28,04:18,04:34,,
2024-07-12,พัทลุง,Phatthalung,4,4,05:51,05:55,05:53,05:57,,
2024-07-12,ชุมทางหาดใหญ่,Hat Yai Junction,7,7,07:05,07:12,07:05,07:12,,
2024-07-13,กรุงเทพอภิวัฒน์,Bangkok (Krung Thep Aphiwat),-11,0,16:30,16:19,16:50,16:50,,
2024-07-13,บางบำหรุ,Bang Bamru,0,0,17:01,17:01,17:02,17:02,,
2024-07-13,ศาลายา,Sala Ya,1,1,17:22,17:23,17:23,17:24,,
2024-07-13,นครปฐม,Nakhon Pathom,4,4,17:48,17:52,17:50,17:54,,
2024-07-13,บ้านโป่ง,Ban Pong,6,6,18:08,18:14,18:09,18:15,,
2024-07-13,ราชบุรี,Ratchaburi,3,0,18:37,18:40,18:47,18:47,,
2024-07-13,เพชรบุรี,Phetchaburi,-3,0,19:30,19:27,19:31,19:31,,
2024-07-13,หัวหิน,Hua Hin,0,0,20:20,20:20,20:25,20:25,,
2024-07-13,ประจวบคีรีขันธ์,Prachuap Khiri Khan,-5,0,21:40,21:35,21:41,21:41,,
2024-07-13,ชุมพร,Chumphon,-3,0,23:55,23:52,00:05,00:05,,
2024-07-13,สุราษฎร์ธานี,Surat Thani,21,21,02:20,02:41,02:23,02:44,,
2024-07-13,ชุมทางทุ่งสง,Thung Song Junction,11,8,04:08,04:19,04:18,04:26,,
2024-07-13,พัทลุง,Phatthalung,0,0,05:51,05:51,05:53,05:53,,
2024-07-13,ชุมทางหาดใหญ่,Hat Yai Junction,0,0,07:05,07:05,07:05,07:05,,
2024-07-14,กรุงเทพอภิวัฒน์,Bangkok (Krung Thep Aphiwat),-9,0,16:30,16:21,16:50,16:50,,
2024-07-14,บางบำหรุ,Bang Bamru,0,0,17:01,17:01,17:02,17:02,,
2024-07-14,ศาลายา,Sala Ya,0,0,17:22,17:22,17:23,17:23,,
2024-07-14,นครปฐม,Nakhon Pathom,0,0,17:48,17:48,17:50,17:50,,
2024-07-14,บ้านโป่ง,Ban Pong,3,3,18:08,18:11,18:09,18:12,,
2024-07-14,ราชบุรี,Ratchaburi,3,0,18:37,18:40,18:47,18:47,,
2024-07-14,เพชรบุรี,Phetchaburi,-6,0,19:30,19:24,19:31,19:31,,
2024-07-14,หัวหิน,Hua Hin,-3,0,20:20,20:17,20:25,20:25,,
2024-07-14,ประจวบคีรีขันธ์,Prachuap Khiri Khan,-8,0,21:40,21:32,21:41,21:41,,
2024-07-14,ชุมพร,Chumphon,0,7,23:55,23:55,00:05,00:12,,
2024-07-14,สุราษฎร์ธานี,Surat Thani,17,17,02:20,02:37,02:23,02:40,,
2024-07-14,ชุมทางทุ่งสง,Thung Song Junction,17,14,04:08,04:25,04:18,04:32,,
2024-07-14,พัทลุง,Phatthalung,0,0,05:51,05:51,05:53,05:53,,
2024-07-14,ชุมทางหาดใหญ่,Hat Yai Junction,0,0,07:05,07:05,07:05,07:05,,
2024-07-15,กรุงเทพอภิวัฒน์,Bangkok (Krung Thep Aphiwat),-11,0,16:30,16:19,16:50,16:50,,
2024-07-15,บางบำหรุ,Bang Bamru,0,0,17:01,17:01,17:02,17:02,,
2024-07-15,ศาลายา,Sala Ya,0,0,17:22,17:22,17:23,17:23,,
2024-07-15,นครปฐม,Nakhon Pathom,0,0,17:48,17:48,17:50,17:50,,
2024-07-15,บ้านโป่ง,Ban Pong,3,3,18:08,18:11,18:09,18:12,,
2024-07-15,ราชบุรี,Ratchaburi,0,0,18:37,18:37,18:47,18:47,,
2024-07-15,เพชรบุรี,Phetchaburi,-6,0,19:30,19:24,19:31,19:31,,
2024-07-15,หัวหิน,Hua Hin,0,0,20:20,20:20,20:25,20:25,,
2024-07-15,ประจวบคีรีขันธ์,Prachuap Khiri Khan,-8,0,21:40,21:32,21:41,21:41,,
2024-07-15,ชุมพร,Chumphon,8,11,23:55,00:03,00:05,00:16,,
2024-07-15,สุราษฎร์ธานี,Surat Thani,37,37,02:20,02:57,02:23,03:00,,
2024-07-15,ชุมทางทุ่งสง,Thung Song Junction,39,36,04:08,04:47,04:18,04:54,,
2024-07-15,พัทลุง,Phatthalung,25,25,05:51,06:16,05:53,06:18,,
2024-07-15,ชุมทางหาดใหญ่,Hat Yai Junction,20,20,07:05,07:25,07:05,07:25,,
2024-07-16,กรุงเทพอภิวัฒน์,Bangkok (Krung Thep Aphiwat),-10,0,16:30,16:20,16:50,16:50,,
2024-07-16,บางบำหรุ,Bang Bamru,0,0,17:01,17:01,17:02,17:02,,
2024-07-16,ศาลายา,Sala Ya,-2,0,17:22,17:20,17:23,17:23,,
2024-07-16,นครปฐม,Nakhon Pathom,1,1,17:48,17:49,17:50,17:51,,
2024-07-16,บ้านโป่ง,Ban Pong,4,4,18:08,18:12,18:09,18:13,,
2024-07-16,ราชบุรี,Ratchaburi,0,0,18:37,18:37,18:47,18:47,,
2024-07-16,เพชรบุรี,Phetchaburi,-9,0,19:30,19:21,19:31,19:31,,
2024-07-16,หัวหิน,Hua Hin,0,0,20:20,20:20,20:25,20:25,,
2024-07-16,ประจวบคีรีขันธ์,Prachuap Khiri Khan,-7,0,21:40,21:33,21:41,21:41,,
2024-07-16,ชุมพร,Chumphon,5,4,23:55,00:00,00:05,00:09,,
2024-07-16,สุราษฎร์ธานี,Surat Thani,18,18,02:20,02:38,02:23,02:41,,
2024-07-16,ชุมทางทุ่งสง,Thung Song Junction,11,8,04:08,04:19,04:18,04:26,,
2024-07-16,พัทลุง,Phatthalung,2,2,05:51,05:53,05:53,05:55,,
2024-07-16,ชุมทางหาดใหญ่,Hat Yai Junction,5,5,07:05,07:10,07:05,07:10,,
2024-07-17,กรุงเทพอภิวัฒน์,Bangkok (Krung Thep Aphiwat),-12,0,16:30,16:18,16:50,16:50,,
2024-07-17,บางบำหรุ,Bang Bamru,0,0,17:01,17:01,17:02,17:02,,
2024-07-17,ศาลายา,Sala Ya,0,0,17:22,17:22,17:23,17:23,,
2024-07-17,นครปฐม,Nakhon Pathom,3,3,17:48,17:51,17:50,17:53,,
2024-07-17,บ้านโป่ง,Ban Pong,6,6,18:08,18:14,18:09,18:15,,
2024-07-17,ราชบุรี,Ratchaburi,4,0,18:37,18:41,18:47,18:47,,
2024-07-17,เพชรบุรี,Phetchaburi,-6,0,19:30,19:24,19:31,19:31,,
2024-07-17,หัวหิน,Hua Hin,0,0,20:20,20:20,20:25,20:25,,
2024-07-17,ประจวบคีรีขันธ์,Prachuap Khiri Khan,-10,0,21:40,21:30,21:41,21:41,,
2024-07-17,ชุมพร,Chumphon,-2,0,23:55,23:53,00:05,00:05,,
2024-07-17,สุราษฎร์ธานี,Surat Thani,17,17,02:20,02:37,02:23,02:40,,
2024-07-17,ชุมทางทุ่งสง,Thung Song Junction,19,15,04:08,04:27,04:18,04:33,,
2024-07-17,พัทลุง,Phatthalung,9,11,05:51,06:00,05:53,06:04,,
2024-07-17,ชุมทางหาดใหญ่,Hat Yai Junction,7,7,07:05,07:12,07:05,07:12,,
2024-07-18,กรุงเทพอภิวัฒน์,Bangkok (Krung Thep Aphiwat),-11,0,16:30,16:19,16:50,16:50,,
2024-07-18,บางบำหรุ,Bang Bamru,0,0,17:01,17:01,17:02,17:02,,
2024-07-18,ศาลายา,Sala Ya,0,0,17:22,17:22,17:23,17:23,,
2024-07-18,นครปฐม,Nakhon Pathom,0,0,17:48,17:48,17:50,17:50,,
2024-07-18,บ้านโป่ง,Ban Pong,0,0,18:08,18:08,18:09,18:09,,
2024-07-18,ราชบุรี,Ratchaburi,-3,0,18:37,18:34,18:47,18:47,,
2024-07-18,เพชรบุรี,Phetchaburi,-6,0,19:30,19:24,19:31,19:31,,
2024-07-18,หัวหิน,Hua Hin,0,0,20:20,,20:25,,,
2024-07-18,ประจวบคีรีขันธ์,Prachuap Khiri Khan,-3,0,21:40,21:37,21:41,21:41,,
2024-07-18,ชุมพร,Chumphon,9,10,23:55,00:04,00:05,00:15,,
2024-07-18,สุราษฎร์ธานี,Surat Thani,27,27,02:20,02:47,02:23,02:50,,
2024-07-18,ชุมทางทุ่งสง,Thung Song Junction,15,12,04:08,04:23,04:18,04:30,,
2024-07-18,พัทลุง,Phatthalung,0,0,05:51,05:51,05:53,05:53,,
2024-07-18,ชุมทางหาดใหญ่,Hat Yai Junction,3,3,07:05,07:08,07:05,07:08,,
2024-07-19,กรุงเทพอภิวัฒน์,Bangkok (Krung Thep Aphiwat),-11,0,16:30,16:19,16:50,16:50,,
2024-07-19,บางบำหรุ,Bang Bamru,0,0,17:01,17:01,17:02,17:02,,
2024-07-19,ศาลายา,Sala Ya,1,1,17:22,17:23,17:23,17:24,,
2024-07-19,นครปฐม,Nakhon Pathom,3,3,17:48,17:51,17:50,17:53,,
2024-07-19,บ้านโป่ง,Ban Pong,5,5,18:08,18:13,18:09,18:14,,
2024-07-19,ราชบุรี,Ratchaburi,5,0,18:37,18:42,18:47,18:47,,
2024-07-19,เพชรบุรี,Phetchaburi,-4,0,19:30,19:26,19:31,19:31,,
2024-07-19,หัวหิน,Hua Hin,0,0,20:20,20:20,20:25,20:25,,
2024-07-19,ประจวบคีรีขันธ์,Prachuap Khiri Khan,-6,0,21:40,21:34,21:41,21:41,,
2024-07-19,ชุมพร,Chumphon,-6,2,23:55,23:49,00:05,00:07,,
2024-07-19,สุราษฎร์ธานี,Surat Thani,26,26,02:20,02:46,02:23,02:49,,
2024-07-19,ชุมทางทุ่งสง,Thung Song Junction,34,31,04:08,04:42,04:18,04:49,,
2024-07-19,พัทลุง,Phatthalung,20,20,05:51,06:11,05:53,06:13,,
2024-07-19,ชุมทางหาดใหญ่,Hat Yai Junction,17,17,07:05,07:22,07:05,07:22,,
2024-07-20,กรุงเทพอภิวัฒน์,Bangkok (Krung Thep Aphiwat),-10,0,16:30,16:20,16:50,16:50,,
2024-07-20,บางบำหรุ,Bang Bamru,0,0,17:01,17:01,17:02,17:02,,
2024-07-20,ศาลายา,Sala Ya,0,0,17:22,17:22,17:23,17:23,,
2024-07-20,นครปฐม,Nakhon Pathom,1,1,17:48,17:49,17:50,17:51,,
2024-07-20,บ้านโป่ง,Ban Pong,3,3,18:08,18:11,18:09,18:12,,
2024-07-20,ราชบุรี,Ratchaburi,1,0,18:37,18:38,18:47,18:47,,
2024-07-20,เพชรบุรี,Phetchaburi,-4,0,19:30,19:26,19:31,19:31,,
2024-07-20,หัวหิน,Hua Hin,2,0,20:20,20:22,20:25,20:25,,
2024-07-20,ประจวบคีรีขันธ์,Prachuap Khiri Khan,-11,0,21:40,21:29,21:41,21:41,,
2024-07-20,ชุมพร,Chumphon,3,2,23:55,23:58,00:05,00:07,,
2024-07-20,สุราษฎร์ธานี,Surat Thani,24,24,02:20,02:44,02:23,02:47,,
2024-07-20,ชุมทางทุ่งสง,Thung Song Junction,19,17,04:08,04:27,04:18,04:35,,
2024-07-20,พัทลุง,Phatthalung,6,6,05:51,05:57,05:53,05:59,,
2024-07-20,ชุมทางหาดใหญ่,Hat Yai Junction,15,15,07:05,07:20,07:05,07:20,,
2024-07-21,กรุงเทพอภิวัฒน์,Bangkok (Krung Thep Aphiwat),-11,0,16:30,16:19,16:50,16:50,,
2024-07-21,บางบำหรุ,Bang Bamru,0,0,17:01,17:01,17:02,17:02,,
2024-07-21,ศาลายา,Sala Ya,1,2,17:22,17:23,17:23,17:25,,
2024-07-21,นครปฐม,Nakhon Pathom,5,5,17:48,17:53,17:50,17:55,,
2024-07-21,บ้านโป่ง,Ban Pong,7,7,18:08,18:15,18:09,18:16,,
2024-07-21,ราชบุรี,Ratchaburi,6,0,18:37,18:43,18:47,18:47,,
2024-07-21,เพชรบุรี,Phetchaburi,-6,0,19:30,19:24,19:31,19:31,,
2024-07-21,หัวหิน,Hua Hin,0,0,20:20,20:20,20:25,20:25,,
2024-07-21,ประจวบคีรีขันธ์,Prachuap Khiri Khan,-12,0,21:40,21:28,21:41,21:41,,
2024-07-21,ชุมพร,Chumphon,1,0,23:55,23:56,00:05,00:05,,
2024-07-21,สุราษฎร์ธานี,Surat Thani,23,23,02:20,02:43,02:23,02:46,,
2024-07-21,ชุมทางทุ่งสง,Thung Song Junction,20,17,04:08,04:28,04:18,04:35,,
2024-07-21,พัทลุง,Phatthalung,6,8,05:51,05:57,05:53,06:01,,
2024-07-21,ชุมทางหาดใหญ่,Hat Yai Junction,10,10,07:05,07:15,07:05,07:15,,
2024-07-22,กรุงเทพอภิวัฒน์,Bangkok (Krung Thep Aphiwat),-23,0,16:30,16:07,16:50,16:50,,
2024-07-22,บางบำหรุ,Bang Bamru,0,0,17:01,17:01,17:02,17:02,,
2024-07-22,ศาลายา,Sala Ya,0,0,17:22,17:22,17:23,17:23,,
2024-07-22,นครปฐม,Nakhon Pathom,1,1,17:48,17:49,17:50,17:51,,
2024-07-22,บ้านโป่ง,Ban Pong,4,4,18:08,18:12,18:09,18:13,,
2024-07-22,ราชบุรี,Ratchaburi,2,0,18:37,18:39,18:47,18:47,,
2024-07-22,เพชรบุรี,Phetchaburi,-6,0,19:30,19:24,19:31,19:31,,
2024-07-22,หัวหิน,Hua Hin,0,0,20:20,20:20,20:25,20:25,,
2024-07-22,ประจวบคีรีขันธ์,Prachuap Khiri Khan,-5,0,21:40,21:35,21:41,21:41,,
2024-07-22,ชุมพร,Chumphon,-15,0,23:55,23:40,00:05,00:05,,
2024-07-22,สุราษฎร์ธานี,Surat Thani,19,19,02:20,02:39,02:23,02:42,,
2024-07-22,ชุมทางทุ่งสง,Thung Song Junction,15,11,04:08,04:23,04:18,04:29,,
2024-07-22,พัทลุง,Phatthalung,0,0,05:51,05:51,05:53,05:53,,
2024-07-22,ชุมทางหาดใหญ่,Hat Yai Junction,0,0,07:05,07:05,07:05,07:05,,
2024-07-23,กรุงเทพอภิวัฒน์,Bangkok (Krung Thep Aphiwat),-10,0,16:30,16:20,16:50,16:50,,
2024-07-23,บางบำหรุ,Bang Bamru,0,0,17:01,17:01,17:02,17:02,,
2024-07-23,ศาลายา,Sala Ya,0,0,17:22,17:22,17:23,17:23,,
2024-07-23,นครปฐม,Nakhon Pathom,3,3,17:48,17:51,17:50,17:53,,
2024-07-23,บ้านโป่ง,Ban Pong,5,5,18:08,18:13,18:09,18:14,,
2024-07-23,ราชบุรี,Ratchaburi,2,0,18:37,18:39,18:47,18:47,,
2024-07-23,เพชรบุรี,Phetchaburi,-5,0,19:30,19:25,19:31,19:31,,
2024-07-23,หัวหิน,Hua Hin,0,0,20:20,20:20,20:25,20:25,,
2024-07-23,ประจวบคีรีขันธ์,Prachuap Khiri Khan,-9,0,21:40,21:31,21:41,21:41,,
2024-07-23,ชุมพร,Chumphon,-10,0,23:55,23:45,00:05,00:05,,
2024-07-23,สุราษฎร์ธานี,Surat Thani,17,17,02:20,02:37,02:23,02:40,,
2024-07-23,ชุมทางทุ่งสง,Thung Song Junction,20,18,04:08,04:28,04:18,04:36,,
2024-07-23,พัทลุง,Phatthalung,3,3,05:51,05:54,05:53,05:56,,
2024-07-23,ชุมทางหาดใหญ่,Hat Yai Junction,0,0,07:05,07:05,07:05,07:05,,
2024-07-24,กรุงเทพอภิวัฒน์,Bangkok (Krung Thep Aphiwat),-9,0,16:30,16:21,16:50,16:50,,
2024-07-24,บางบำหรุ,Bang Bamru,0,0,17:01,17:01,17:02,17:02,,
2024-07-24,ศาลายา,Sala Ya,0,0,17:22,17:22,17:23,17:23,,
2024-07-24,นครปฐม,Nakhon Pathom,3,3,17:48,17:51,17:50,17:53,,
2024-07-24,บ้านโป่ง,Ban Pong,6,6,18:08,18:14,18:09,18:15,,
2024-07-24,ราชบุรี,Ratchaburi,4,0,18:37,18:41,18:47,18:47,,
2024-07-24,เพชรบุรี,Phetchaburi,-6,0,19:30,19:24,19:31,19:31,,
2024-07-24,หัวหิน,Hua Hin,0,0,20:20,20:20,20:25,20:25,,
2024-07-24,ประจวบคีรีขันธ์,Prachuap Khiri Khan,-7,0,21:40,21:33,21:41,21:41,,
2024-07-24,ชุมพร,Chumphon,-2,0,23:55,23:53,00:05,00:05,,
2024-07-24,สุราษฎร์ธานี,Surat Thani,15,15,02:20,02:35,02:23,02:38,,
2024-07-24,ชุมทางทุ่งสง,Thung Song Junction,12,9,04:08,04:20,04:18,04:27,,
2024-07-24,พัทลุง,Phatthalung,0,0,05:51,05:51,05:53,05:53,,
2024-07-24,ชุมทางหาดใหญ่,Hat Yai Junction,5,5,07:05,07:10,07:05,07:10,,
2024-07-25,กรุงเทพอภิวัฒน์,Bangkok (Krung Thep Aphiwat),-10,0,16:30,16:20,16:50,16:50,,
2024-07-25,บางบำหรุ,Bang Bamru,0,0,17:01,17:01,17:02,17:02,,
2024-07-25,ศาลายา,Sala Ya,0,0,17:22,17:22,17:23,17:23,,
2024-07-25,นครปฐม,Nakhon Pathom,2,2,17:48,17:50,17:50,17:52,,
2024-07-25,บ้านโป่ง,Ban Pong,2,2,18:08,18:10,18:09,18:11,,
2024-07-25,ราชบุรี,Ratchaburi,0,0,18:37,18:37,18:47,18:47,,
2024-07-25,เพชรบุรี,Phetchaburi,-6,0,19:30,19:24,19:31,19:31,,
2024-07-25,หัวหิน,Hua Hin,-2,0,20:20,20:18,20:25,20:25,,
2024-07-25,ประจวบคีรีขันธ์,Prachuap Khiri Khan,-13,0,21:40,21:27,21:41,21:41,,
2024-07-25,ชุมพร,Chumphon,-4,4,23:55,23:51,00:05,00:09,,
2024-07-25,สุราษฎร์ธานี,Surat Thani,15,15,02:20,02:35,02:23,02:38,,
2024-07-25,ชุมทางทุ่งสง,Thung Song Junction,8,5,04:08,04:16,04:18,04:23,,
2024-07-25,พัทลุง,Phatthalung,0,0,05:51,05:51,05:53,05:53,,
2024-07-25,ชุมทางหาดใหญ่,Hat Yai Junction,0,0,07:05,07:05,07:05,07:05,,
2024-07-26,กรุงเทพอภิวัฒน์,Bangkok (Krung Thep Aphiwat),-11,0,16:30,16:19,16:50,16:50,,
2024-07-26,บางบำหรุ,Bang Bamru,0,0,17:01,17:01,17:02,17:02,,
2024-07-26,ศาลายา,Sala Ya,0,0,17:22,17:22,17:23,17:23,,
2024-07-26,นครปฐม,Nakhon Pathom,2,2,17:48,17:50,17:50,17:52,,
2024-07-26,บ้านโป่ง,Ban Pong,5,5,18:08,18:13,18:09,18:14,,
2024-07-26,ราชบุรี,Ratchaburi,1,0,18:37,18:38,18:47,18:47,,
2024-07-26,เพชรบุรี,Phetchaburi,-7,0,19:30,19:23,19:31,19:31,,
2024-07-26,หัวหิน,Hua Hin,-2,0,20:20,20:18,20:25,20:25,,
2024-07-26,ประจวบคีรีขันธ์,Prachuap Khiri Khan,-7,0,21:40,21:33,21:41,21:41,,
2024-07-26,ชุมพร,Chumphon,-5,0,23:55,23:50,00:05,00:05,,
2024-07-26,สุราษฎร์ธานี,Surat Thani,22,22,02:20,02:42,02:23,02:45,,
2024-07-26,ชุมทางทุ่งสง,Thung Song Junction,20,17,04:08,04:28,04:18,04:35,,
2024-07-26,พัทลุง,Phatthalung,5,5,05:51,05:56,05:53,05:58,,
2024-07-26,ชุมทางหาดใหญ่,Hat Yai Junction,2,2,07:05,07:07,07:05,07:07,,
2024-07-27,กรุงเทพอภิวัฒน์,Bangkok (Krung Thep Aphiwat),-11,0,16:30,16:19,16:50,16:50,,
2024-07-27,บางบำหรุ,Bang Bamru,0,0,17:01,17:01,17:02,17:02,,
2024-07-27,ศาลายา,Sala Ya,0,0,17:22,17:22,17:23,17:23,,
2024-07-27,นครปฐม,Nakhon Pathom,0,0,17:48,17:48,17:50,17:50,,
2024-07-27,บ้านโป่ง,Ban Pong,3,3,18:08,18:11,18:09,18:12,,
2024-07-27,ราชบุรี,Ratchaburi,0,0,18:37,18:37,18:47,18:47,,
2024-07-27,เพชรบุรี,Phetchaburi,-6,0,19:30,19:24,19:31,19:31,,
2024-07-27,หัวหิน,Hua Hin,0,0,20:20,20:20,20:25,20:25,,
2024-07-27,ประจวบคีรีขันธ์,Prachuap Khiri Khan,-6,0,21:40,21:34,21:41,21:41,,
2024-07-27,ชุมพร,Chumphon,-1,0,23:55,23:54,00:05,00:05,,
2024-07-27,สุราษฎร์ธานี,Surat Thani,7,7,02:20,02:27,02:23,02:30,,
2024-07-27,ชุมทางทุ่งสง,Thung Song Junction,2,0,04:08,04:10,04:18,04:18,,
2024-07-27,พัทลุง,Phatthalung,0,0,05:51,05:51,05:53,05:53,,
2024-07-27,ชุมทางหาดใหญ่,Hat Yai Junction,0,0,07:05,07:05,07:05,07:05,,
2024-07-28,กรุงเทพอภิวัฒน์,Bangkok (Krung Thep Aphiwat),-10,0,16:30,16:20,16:50,16:50,,
2024-07-28,บางบำหรุ,Bang Bamru,0,0,17:01,17:01,17:02,17:02,,
2024-07-28,ศาลายา,Sala Ya,0,0,17:22,17:22,17:23,17:23,,
2024-07-28,นครปฐม,Nakhon Pathom,0,0,17:48,17:48,17:50,17:50,,
2024-07-28,บ้านโป่ง,Ban Pong,4,4,18:08,18:12,18:09,18:13,,
2024-07-28,ราชบุรี,Ratchaburi,0,0,18:37,18:37,18:47,18:47,,
2024-07-28,เพชรบุรี,Phetchaburi,-7,0,19:30,19:23,19:31,19:31,,
2024-07-28,หัวหิน,Hua Hin,-2,0,20:20,20:18,20:25,20:25,,
2024-07-28,ประจวบคีรีขันธ์,Prachuap Khiri Khan,-11,0,21:40,21:29,21:41,21:41,,
2024-07-28,ชุมพร,Chumphon,10,0,23:55,00:05,00:05,00:05,,
2024-07-28,สุราษฎร์ธานี,Surat Thani,12,12,02:20,02:32,02:23,02:35,,
2024-07-28,ชุมทางทุ่งสง,Thung Song Junction,9,5,04:08,04:17,04:18,04:23,,
2024-07-28,พัทลุง,Phatthalung,-3,0,05:51,05:48,05:53,05:53,,
2024-07-28,ชุมทางหาดใหญ่,Hat Yai Junction,0,0,07:05,07:05,07:05,07:05,,
2024-07-29,กรุงเทพอภิวัฒน์,Bangkok (Krung Thep Aphiwat),-9,0,16:30,16:21,16:50,16:50,,
2024-07-29,บางบำหรุ,Bang Bamru,0,0,17:01,17:01,17:02,17:02,,
2024-07-29,ศาลายา,Sala Ya,0,0,17:22,17:22,17:23,17:23,,
2024-07-29,นครปฐม,Nakhon Pathom,2,2,17:48,17:50,17:50,17:52,,
2024-07-29,บ้านโป่ง,Ban Pong,4,4,18:08,18:12,18:09,18:13,,
2024-07-29,ราชบุรี,Ratchaburi,0,0,18:37,18:37,18:47,18:47,,
2024-07-29,เพชรบุรี,Phetchaburi,-8,0,19:30,19:22,19:31,19:31,,
2024-07-29,หัวหิน,Hua Hin,-2,0,20:20,20:18,20:25,20:25,,
2024-07-29,ประจวบคีรีขันธ์,Prachuap Khiri Khan,-4,0,21:40,21:36,21:41,21:41,,
2024-07-29,ชุมพร,Chumphon,14,14,23:55,00:09,00:05,00:19,,
2024-07-29,สุราษฎร์ธานี,Surat Thani,21,21,02:20,02:41,02:23,02:44,,
2024-07-29,ชุมทางทุ่งสง,Thung Song Junction,12,12,04:08,04:20,04:18,04:30,,
2024-07-29,พัทลุง,Phatthalung,6,6,05:51,05:57,05:53,05:59,,
2024-07-29,ชุมทางหาดใหญ่,Hat Yai Junction,7,7,07:05,07:12,07:05,07:12,,
2024-07-30,กรุงเทพอภิวัฒน์,Bangkok (Krung Thep Aphiwat),-11,0,16:30,16:19,16:50,16:50,,
2024-07-30,บางบำหรุ,Bang Bamru,0,0,17:01,17:01,17:02,17:02,,
2024-07-30,ศาลายา,Sala Ya,0,0,17:22,17:22,17:23,17:23,,
2024-07-30,นครปฐม,Nakhon Pathom,0,0,17:48,17:48,17:50,17:50,,
2024-07-30,บ้านโป่ง,Ban Pong,2,2,18:08,18:10,18:09,18:11,,
2024-07-30,ราชบุรี,Ratchaburi,1,0,18:37,18:38,18:47,18:47,,
2024-07-30,เพชรบุรี,Phetchaburi,-6,0,19:30,19:24,19:31,19:31,,
2024-07-30,หัวหิน,Hua Hin,-1,0,20:20,20:19,20:25,20:25,,
2024-07-30,ประจวบคีรีขันธ์,Prachuap Khiri Khan,-12,0,21:40,21:28,21:41,21:41,,
2024-07-30,ชุมพร,Chumphon,3,8,23:55,23:58,00:05,00:13,,
2024-07-30,สุราษฎร์ธานี,Surat Thani,21,21,02:20,02:41,02:23,02:44,,
2024-07-30,ชุมทางทุ่งสง,Thung Song Junction,13,9,04:08,04:21,04:18,04:27,,
2024-07-30,พัทลุง,Phatthalung,0,0,05:51,05:51,05:53,05:53,,
2024-07-30,ชุมทางหาดใหญ่,Hat Yai Junction,0,0,07:05,07:05,07:05,07:05,,
2024-07-31,กรุงเทพอภิวัฒน์,Bangkok (Krung Thep Aphiwat),-10,0,16:30,16:20,16:50,16:50,,
2024-07-31,บางบำหรุ,Bang Bamru,0,0,17:01,17:01,17:02,17:02,,
2024-07-31,ศาลายา,Sala Ya,0,0,17:22,17:22,17:23,17:23,,
2024-07-31,นครปฐม,Nakhon Pathom,-1,0,17:48,17:47,17:50,17:50,,
2024-07-31,บ้านโป่ง,Ban Pong,6,6,18:08,18:14,18:09,18:15,,
2024-07-31,ราชบุรี,Ratchaburi,4,0,18:37,18:41,18:47,18:47,,
2024-07-31,เพชรบุรี,Phetchaburi,0,0,19:30,,19:31,,,
2024-07-31,หัวหิน,Hua Hin,-2,0,20:20,20:18,20:25,20:25,,
2024-07-31,ประจวบคีรีขันธ์,Prachuap Khiri Khan,-8,0,21:40,21:32,21:41,21:41,,
2024-07-31,ชุมพร,Chumphon,-6,0,23:55,23:49,00:05,00:05,,
2024-07-31,สุราษฎร์ธานี,Surat Thani,16,16,02:20,02:36,02:23,02:39,,
2024-07-31,ชุมทางทุ่งสง,Thung Song Junction,15,15,04:08,04:23,04:18,04:33,,
2024-07-31,พัทลุง,Phatthalung,0,0,05:51,05:51,05:53,05:53,,
2024-07-31,ชุมทางหาดใหญ่,Hat Yai Junction,0,0,07:05,07:05,07:05,07:05,,
2024-08-01,กรุงเทพอภิวัฒน์,Bangkok (Krung Thep Aphiwat),-10,0,16:30,16:20,16:50,16:50,,
2024-08-01,บางบำหรุ,Bang Bamru,0,0,17:01,17:01,17:02,17:02,,
2024-08-01,ศาลายา,Sala Ya,0,0,17:22,17:22,17:23,17:23,,
2024-08-01,นครปฐม,Nakhon Pathom,2,2,17:48,17:50,17:50,17:52,,
2024-08-01,บ้านโป่ง,Ban Pong,6,6,18:08,18:14,18:09,18:15,,
2024-08-01,ราชบุรี,Ratchaburi,4,0,18:37,18:41,18:47,18:47,,
2024-08-01,เพชรบุรี,Phetchaburi,-4,0,19:30,19:26,19:31,19:31,,
2024-08-01,หัวหิน,Hua Hin,0,2,20:20,20:20,20:25,20:27,,
2024-08-01,ประจวบคีรีขันธ์,Prachuap Khiri Khan,-2,0,21:40,21:38,21:41,21:41,,
2024-08-01,ชุมพร,Chumphon,4,3,23:55,23:59,00:05,00:08,,
2024-08-01,สุราษฎร์ธานี,Surat Thani,19,19,02:20,02:39,02:23,02:42,,
2024-08-01,ชุมทางทุ่งสง,Thung Song Junction,17,14,04:08,04:25,04:18,04:32,,
2024-08-01,พัทลุง,Phatthalung,6,6,05:51,05:57,05:53,05:59,,
2024-08-01,ชุมทางหาดใหญ่,Hat Yai Junction,5,5,07:05,07:10,07:05,07:10,,
2024-08-02,กรุงเทพอภิวัฒน์,Bangkok (Krung Thep Aphiwat),-11,0,16:30,16:19,16:50,16:50,,
2024-08-02,บางบำหรุ,Bang Bamru,0,0,17:01,17:01,17:02,17:02,,
2024-08-02,ศาลายา,Sala Ya,0,0,17:22,17:22,17:23,17:23,,
2024-08-02,นครปฐม,Nakhon Pathom,-1,0,17:48,17:47,17:50,17:50,,
2024-08-02,บ้านโป่ง,Ban Pong,4,4,18:08,18:12,18:09,18:13,,
2024-08-02,ราชบุรี,Ratchaburi,2,0,18:37,18:39,18:47,18:47,,
2024-08-02,เพชรบุรี,Phetchaburi,-5,0,19:30,19:25,19:31,19:31,,
2024-08-02,หัวหิน,Hua Hin,-2,0,20:20,20:18,20:25,20:25,,
2024-08-02,ประจวบคีรีขันธ์,Prachuap Khiri Khan,-13,0,21:40,21:27,21:41,21:41,,
2024-08-02,ชุมพร,Chumphon,-4,0,23:55,23:51,00:05,00:05,,
2024-08-02,สุราษฎร์ธานี,Surat Thani,23,23,02:20,02:43,02:23,02:46,,
2024-08-02,ชุมทางทุ่งสง,Thung Song Junction,31,27,04:08,04:39,04:18,04:45,,
2024-08-02,พัทลุง,Phatthalung,15,15,05:51,06:06,05:53,06:08,,
2024-08-02,ชุมทางหาดใหญ่,Hat Yai Junction,15,15,07:05,07:20,07:05,07:20,,
2024-08-03,กรุงเทพอภิวัฒน์,Bangkok (Krung Thep Aphiwat),-21,0,16:30,16:09,16:50,16:50,,
2024-08-03,บางบำหรุ,Bang Bamru,0,0,17:01,17:01,17:02,17:02,,
2024-08-03,ศาลายา,Sala Ya,0,0,17:22,17:22,17:23,17:23,,
2024-08-03,นครปฐม,Nakhon Pathom,2,2,17:48,17:50,17:50,17:52,,
2024-08-03,บ้านโป่ง,Ban Pong,6,6,18:08,18:14,18:09,18:15,,
2024-08-03,ราชบุรี,Ratchaburi,4,0,18:37,18:41,18:47,18:47,,
2024-08-03,เพชรบุรี,Phetchaburi,-1,0,19:30,19:29,19:31,19:31,,
2024-08-03,หัวหิน,Hua Hin,0,0,20:20,20:20,20:25,20:25,,
2024-08-03,ประจวบคีรีขันธ์,Prachuap Khiri Khan,-7,0,21:40,21:33,21:41,21:41,,
2024-08-03,ชุมพร,Chumphon,0,0,23:55,23:55,00:05,00:05,,
2024-08-03,สุราษฎร์ธานี,Surat Thani,25,25,02:20,02:45,02:23,02:48,,
2024-08-03,ชุมทางทุ่งสง,Thung Song Junction,29,29,04:08,04:37,04:18,04:47,,
2024-08-03,พัทลุง,Phatthalung,23,23,05:51,06:14,05:53,06:16,,
2024-08-03,ชุมทางหาดใหญ่,Hat Yai Junction,20,20,07:05,07:25,07:05,07:25,,
2024-08-04,กรุงเทพอภิวัฒน์,Bangkok (Krung Thep Aphiwat),-11,0,16:30,16:19,16:50,16:50,,
2024-08-04,บางบำหรุ,Bang Bamru,0,0,17:01,17:01,17:02,17:02,,
2024-08-04,ศาลายา,Sala Ya,0,0,17:22,17:22,17:23,17:23,,
2024-08-04,นครปฐม,Nakhon Pathom,0,0,17:48,17:48,17:50,17:50,,
2024-08-04,บ้านโป่ง,Ban Pong,1,1,18:08,18:09,18:09,18:10,,
2024-08-04,ราชบุรี,Ratchaburi,0,0,18:37,18:37,18:47,18:47,,
2024-08-04,เพชรบุรี,Phetchaburi,-6,0,19:30,19:24,19:31,19:31,,
2024-08-04,หัวหิน,Hua Hin,0,0,20:20,20:20,20:25,20:25,,
2024-08-04,ประจวบคีรีขันธ์,Prachuap Khiri Khan,-10,0,21:40,21:30,21:41,21:41,,
2024-08-04,ชุมพร,Chumphon,-8,0,23:55,23:47,00:05,00:05,,
2024-08-04,สุราษฎร์ธานี,Surat Thani,13,13,02:20,02:33,02:23,02:36,,
2024-08-04,ชุมทางทุ่งสง,Thung Song Junction,12,10,04:08,04:20,04:18,04:28,,
2024-08-04,พัทลุง,Phatthalung,0,0,05:51,05:51,05:53,05:53,,
2024-08-04,ชุมทางหาดใหญ่,Hat Yai Junction,0,0,07:05,07:05,07:05,07:05,,
2024-08-05,กรุงเทพอภิวัฒน์,Bangkok (Krung Thep Aphiwat),-10,0,16:30,16:20,16:50,16:50,,
2024-08-05,บางบำหรุ,Bang Bamru,0,0,17:01,17:01,17:02,17:02,,
2024-08-05,ศาลายา,Sala Ya,0,0,17:22,17:22,17:23,17:23,,
2024-08-05,นครปฐม,Nakhon Pathom,0,0,17:48,17:48,17:50,17:50,,
2024-08-05,บ้านโป่ง,Ban Pong,6,6,18:08,18:14,18:09,18:15,,
2024-08-05,ราชบุรี,Ratchaburi,4,0,18:37,18:41,18:47,18:47,,
2024-08-05,เพชรบุรี,Phetchaburi,-5,0,19:30,19:25,19:31,19:31,,
2024-08-05,หัวหิน,Hua Hin,0,0,20:20,20:20,20:25,20:25,,
2024-08-05,ประจวบคีรีขันธ์,Prachuap Khiri Khan,-9,0,21:40,21:31,21:41,21:41,,
2024-08-05,ชุมพร,Chumphon,2,6,23:55,23:57,00:05,00:11,,
2024-08-05,สุราษฎร์ธานี,Surat Thani,30,30,02:20,02:50,02:23,02:53,,
2024-08-05,ชุมทางทุ่งสง,Thung Song Junction,36,36,04:08,04:44,04:18,04:54,,
2024-08-05,พัทลุง,Phatthalung,24,27,05:51,06:15,05:53,06:20,,
2024-08-05,ชุมทางหาดใหญ่,Hat Yai Junction,20,20,07:05,07:25,07:05,07:25,,
2024-08-06,กรุงเทพอภิวัฒน์,Bangkok (Krung Thep Aphiwat),-11,0,16:30,16:19,16:50,16:50,,
2024-08-06,บางบำหรุ,Bang Bamru,0,0,17:01,17:01,17:02,17:02,,
2024-08-06,ศาลายา,Sala Ya,0,0,17:22,17:22,17:23,17:23,,
2024-08-06,นครปฐม,Nakhon Pathom,0,0,17:48,17:48,17:50,17:50,,
2024-08-06,บ้านโป่ง,Ban Pong,1,1,18:08,18:09,18:09,18:10,,
2024-08-06,ราชบุรี,Ratchaburi,0,0,18:37,18:37,18:47,18:47,,
2024-08-06,เพชรบุรี,Phetchaburi,-7,0,19:30,19:23,19:31,19:31,,
2024-08-06,หัวหิน,Hua Hin,0,0,20:20,20:20,20:25,20:25,,
2024-08-06,ประจวบคีรีขันธ์,Prachuap Khiri Khan,-9,0,21:40,21:31,21:41,21:41,,
2024-08-06,ชุมพร,Chumphon,-3,6,23:55,23:52,00:05,00:11,,
2024-08-06,สุราษฎร์ธานี,Surat Thani,30,30,02:20,02:50,02:23,02:53,,
2024-08-06,ชุมทางทุ่งสง,Thung Song Junction,41,38,04:08,04:49,04:18,04:56,,
2024-08-06,พัทลุง,Phatthalung,25,25,05:51,06:16,05:53,06:18,,
2024-08-06,ชุมทางหาดใหญ่,Hat Yai Junction,20,20,07:05,07:25,07:05,07:25,,
2024-08-07,กรุงเทพอภิวัฒน์,Bangkok (Krung Thep Aphiwat),-8,0,16:30,16:22,16:50,16:50,,
2024-08-07,บางบำหรุ,Bang Bamru,0,0,17:01,17:01,17:02,17:02,,
2024-08-07,ศาลายา,Sala Ya,0,0,17:22,17:22,17:23,17:23,,
2024-08-07,นครปฐม,Nakhon Pathom,2,2,17:48,17:50,17:50,17:52,,
2024-08-07,บ้านโป่ง,Ban Pong,5,5,18:08,18:13,18:09,18:14,,
2024-08-07,ราชบุรี,Ratchaburi,2,0,18:37,18:39,18:47,18:47,,
2024-08-07,เพชรบุรี,Phetchaburi,-2,0,19:30,19:28,19:31,19:31,,
2024-08-07,หัวหิน,Hua Hin,0,0,20:20,20:20,20:25,20:25,,
2024-08-07,ประจวบคีรีขันธ์,Prachuap Khiri Khan,-6,0,21:40,21:34,21:41,21:41,,
2024-08-07,ชุมพร,Chumphon,6,6,23:55,00:01,00:05,00:11,,
2024-08-07,สุราษฎร์ธานี,Surat Thani,23,23,02:20,02:43,02:23,02:46,,
2024-08-07,ชุมทางทุ่งสง,Thung Song Junction,17,17,04:08,04:25,04:18,04:35,,
2024-08-07,พัทลุง,Phatthalung,4,4,05:51,05:55,05:53,05:57,,
2024-08-07,ชุมทางหาดใหญ่,Hat Yai Junction,7,7,07:05,07:12,07:05,07:12,,
2024-08-08,กรุงเทพอภิวัฒน์,Bangkok (Krung Thep Aphiwat),-12,0,16:30,16:18,16:50,16:50,,
2024-08-08,บางบำหรุ,Bang Bamru,0,0,17:01,17:01,17:02,17:02,,
2024-08-08,ศาลายา,Sala Ya,0,0,17:22,17:22,17:23,17:23,,
2024-08-08,นครปฐม,Nakhon Pathom,0,0,17:48,17:48,17:50,17:50,,
2024-08-08,บ้านโป่ง,Ban Pong,0,0,18:08,18:08,18:09,18:09,,
2024-08-08,ราชบุรี,Ratchaburi,0,0,18:37,18:37,18:47,18:47,,
2024-08-08,เพชรบุรี,Phetchaburi,-6,0,19:30,19:24,19:31,19:31,,
2024-08-08,หัวหิน,Hua Hin,-2,0,20:20,20:18,20:25,20:25,,
2024-08-08,ประจวบคีรีขันธ์,Prachuap Khiri Khan,-9,0,21:40,21:31,21:41,21:41,,
2024-08-08,ชุมพร,Chumphon,-9,0,23:55,23:46,00:05,00:05,,
2024-08-08,สุราษฎร์ธานี,Surat Thani,21,21,02:20,02:41,02:23,02:44,,
2024-08-08,ชุมทางทุ่งสง,Thung Song Junction,19,16,04:08,04:27,04:18,04:34,,
2024-08-08,พัทลุง,Phatthalung,8,8,05:51,05:59,05:53,06:01,,
2024-08-08,ชุมทางหาดใหญ่,Hat Yai Junction,5,5,07:05,07:10,07:05,07:10,,
2024-08-09,กรุงเทพอภิวัฒน์,Bangkok (Krung Thep Aphiwat),-8,0,16:30,16:22,16:50,16:50,,
2024-08-09,บางบำหรุ,Bang Bamru,0,0,17:01,17:01,17:02,17:02,,
2024-08-09,ศาลายา,Sala Ya,0,0,17:22,17:22,17:23,17:23,,
2024-08-09,นครปฐม,Nakhon Pathom,0,0,17:48,17:48,17:50,17:50,,
2024-08-09,บ้านโป่ง,Ban Pong,5,5,18:08,18:13,18:09,18:14,,
2024-08-09,ราชบุรี,Ratchaburi,3,0,18:37,18:40,18:47,18:47,,
2024-08-09,เพชรบุรี,Phetchaburi,-4,0,19:30,19:26,19:31,19:31,,
2024-08-09,หัวหิน,Hua Hin,0,0,20:20,20:20,20:25,20:25,,
2024-08-09,ประจวบคีรีขันธ์,Prachuap Khiri Khan,-8,0,21:40,21:32,21:41,21:41,,
2024-08-09,ชุมพร,Chumphon,-4,1,23:55,23:51,00:05,00:06,,
2024-08-09,สุราษฎร์ธานี,Surat Thani,16,16,02:20,02:36,02:23,02:39,,
2024-08-09,ชุมทางทุ่งสง,Thung Song Junction,18,18,04:08,04:26,04:18,04:36,,
2024-08-09,พัทลุง,Phatthalung,10,10,05:51,06:01,05:53,06:03,,
2024-08-09,ชุมทางหาดใหญ่,Hat Yai Junction,17,17,07:05,07:22,07:05,07:22,,
2024-08-10,กรุงเทพอภิวัฒน์,Bangkok (Krung Thep Aphiwat),-11,0,16:30,16:19,16:50,16:50,,
2024-08-10,บางบำหรุ,Bang Bamru,0,0,17:01,17:01,17:02,17:02,,
2024-08-10,ศาลายา,Sala Ya,0,0,17:22,17:22,17:23,17:23,,
2024-08-10,นครปฐม,Nakhon Pathom,2,2,17:48,17:50,17:50,17:52,,
2024-08-10,บ้านโป่ง,Ban Pong,3,3,18:08,18:11,18:09,18:12,,
2024-08-10,ราชบุรี,Ratchaburi,2,0,18:37,18:39,18:47,18:47,,
2024-08-10,เพชรบุรี,Phetchaburi,-5,0,19:30,19:25,19:31,19:31,,
2024-08-10,หัวหิน,Hua Hin,0,0,20:20,20:20,20:25,20:25,,
2024-08-10,ประจวบคีรีขันธ์,Prachuap Khiri Khan,-4,0,21:40,21:36,21:41,21:41,,
2024-08-10,ชุมพร,Chumphon,-3,0,23:55,23:52,00:05,00:05,,
2024-08-10,สุราษฎร์ธานี,Surat Thani,31,31,02:20,02:51,02:23,02:54,,
2024-08-10,ชุมทางทุ่งสง,Thung Song Junction,24,22,04:08,04:32,04:18,04:40,,
2024-08-10,พัทลุง,Phatthalung,12,12,05:51,06:03,05:53,06:05,,
2024-08-10,ชุมทางหาดใหญ่,Hat Yai Junction,0,0,07:05,07:05,07:05,07:05,,
2024-08-11,กรุงเทพอภิวัฒน์,Bangkok (Krung Thep Aphiwat),-11,0,16:30,16:19,16:50,16:50,,
2024-08-11,บางบำหรุ,Bang Bamru,0,0,17:01,17:01,17:02,17:02,,
2024-08-11,ศาลายา,Sala Ya,0,0,17:22,17:22,17:23,17:23,,
2024-08-11,นครปฐม,Nakhon Pathom,3,3,17:48,17:51,17:50,17:53,,
2024-08-11,บ้านโป่ง,Ban Pong,5,5,18:08,18:13,18:09,18:14,,
2024-08-11,ราชบุรี,Ratchaburi,3,0,18:37,18:40,18:47,18:47,,
2024-08-11,เพชรบุรี,Phetchaburi,-5,0,19:30,19:25,19:31,19:31,,
2024-08-11,หัวหิน,Hua Hin,-2,0,20:20,20:18,20:25,20:25,,
2024-08-11,ประจวบคีรีขันธ์,Prachuap Khiri Khan,-9,0,21:40,21:31,21:41,21:41,,
2024-08-11,ชุมพร,Chumphon,-6,0,23:55,23:49,00:05,00:05,,
2024-08-11,สุราษฎร์ธานี,Surat Thani,40,40,02:20,03:00,02:23,03:03,,
2024-08-11,ชุมทางทุ่งสง,Thung Song Junction,43,43,04:08,04:51,04:18,05:01,,
2024-08-11,พัทลุง,Phatthalung,29,29,05:51,06:20,05:53,06:22,,
2024-08-11,ชุมทางหาดใหญ่,Hat Yai Junction,20,20,07:05,07:25,07:05,07:25,,
2024-08-12,กรุงเทพอภิวัฒน์,Bangkok (Krung Thep Aphiwat),-10,0,16:30,16:20,16:50,16:50,,
2024-08-12,บางบำหรุ,Bang Bamru,0,0,17:01,17:01,17:02,17:02,,
2024-08-12,ศาลายา,Sala Ya,0,0,17:22,17:22,17:23,17:23,,
2024-08-12,นครปฐม,Nakhon Pathom,0,0,17:48,17:48,17:50,17:50,,
2024-08-12,บ้านโป่ง,Ban Pong,1,1,18:08,18:09,18:09,18:10,,
2024-08-12,ราชบุรี,Ratchaburi,0,0,18:37,18:37,18:47,18:47,,
2024-08-12,เพชรบุรี,Phetchaburi,-7,0,19:30,19:23,19:31,19:31,,
2024-08-12,หัวหิน,Hua Hin,-2,0,20:20,20:18,20:25,20:25,,
2024-08-12,ประจวบคีรีขันธ์,Prachuap Khiri Khan,-9,0,21:40,21:31,21:41,21:41,,
2024-08-12,ชุมพร,Chumphon,13,11,23:55,00:08,00:05,00:16,,
2024-08-12,สุราษฎร์ธานี,Surat Thani,21,21,02:20,02:41,02:23,02:44,,
2024-08-12,ชุมทางทุ่งสง,Thung Song Junction,32,30,04:08,04:40,04:18,04:48,,
2024-08-12,พัทลุง,Phatthalung,25,25,05:51,06:16,05:53,06:18,,
2024-08-12,ชุมทางหาดใหญ่,Hat Yai Junction,20,20,07:05,07:25,07:05,07:25,,
2024-08-13,กรุงเทพอภิวัฒน์,Bangkok (Krung Thep Aphiwat),-11,0,16:30,16:19,16:50,16:50,,
2024-08-13,บางบำหรุ,Bang Bamru,0,1,17:01,17:01,17:02,17:03,,
2024-08-13,ศาลายา,Sala Ya,0,0,17:22,17:22,17:23,17:23,,
2024-08-13,นครปฐม,Nakhon Pathom,0,0,17:48,17:48,17:50,17:50,,
2024-08-13,บ้านโป่ง,Ban Pong,0,0,18:08,18:08,18:09,18:09,,
2024-08-13,ราชบุรี,Ratchaburi,0,0,18:37,18:37,18:47,18:47,,
2024-08-13,เพชรบุรี,Phetchaburi,-6,0,19:30,19:24,19:31,19:31,,
2024-08-13,หัวหิน,Hua Hin,0,2,20:20,20:20,20:25,20:27,,
2024-08-13,ประจวบคีรีขันธ์,Prachuap Khiri Khan,-8,0,21:40,21:32,21:41,21:41,,
2024-08-13,ชุมพร,Chumphon,-4,10,23:55,23:51,00:05,00:15,,
2024-08-13,สุราษฎร์ธานี,Surat Thani,33,33,02:20,02:53,02:23,02:56,,
2024-08-13,ชุมทางทุ่งสง,Thung Song Junction,33,33,04:08,04:41,04:18,04:51,,
2024-08-13,พัทลุง,Phatthalung,21,21,05:51,06:12,05:53,06:14,,
2024-08-13,ชุมทางหาดใหญ่,Hat Yai Junction,12,12,07:05,07:17,07:05,07:17,,
2024-08-14,กรุงเทพอภิวัฒน์,Bangkok (Krung Thep Aphiwat),-21,0,16:30,16:09,16:50,16:50,"เนื่องจากรอเปิดทาง, รอหลีกขบวนรถ","due to Wait for track cleared, Wait for track cleared"
2024-08-14,บางบำหรุ,Bang Bamru,0,0,17:01,17:01,17:02,17:02,"เนื่องจากรอเปิดทาง, รอหลีกขบวนรถ","due to Wait for track cleared, Wait for track cleared"
2024-08-14,ศาลายา,Sala Ya,2,14,17:22,17:24,17:23,17:37,"เนื่องจากรอเปิดทาง, รอหลีกขบวนรถ","due to Wait for track cleared, Wait for track cleared"
2024-08-14,นครปฐม,Nakhon Pathom,18,18,17:48,18:06,17:50,18:08,"เนื่องจากรอเปิดทาง, รอหลีกขบวนรถ","due to Wait for track cleared, Wait for track cleared"
2024-08-14,บ้านโป่ง,Ban Pong,21,21,18:08,18:29,18:09,18:30,"เนื่องจากรอเปิดทาง, รอหลีกขบวนรถ","due to Wait for track cleared, Wait for track cleared"
2024-08-14,ราชบุรี,Ratchaburi,18,11,18:37,18:55,18:47,18:58,"เนื่องจากรอเปิดทาง, รอหลีกขบวนรถ","due to Wait for track cleared, Wait for track cleared"
2024-08-14,เพชรบุรี,Phetchaburi,10,11,19:30,19:40,19:31,19:42,"เนื่องจากรอเปิดทาง, รอหลีกขบวนรถ","due to Wait for track cleared, Wait for track cleared"
2024-08-14,หัวหิน,Hua Hin,14,12,20:20,20:34,20:25,20:37,"เนื่องจากรอเปิดทาง, รอหลีกขบวนรถ","due to Wait for track cleared, Wait for track cleared"
2024-08-14,ประจวบคีรีขันธ์,Prachuap Khiri Khan,1,1,21:40,21:41,21:41,21:42,"เนื่องจากรอเปิดทาง, รอหลีกขบวนรถ","due to Wait for track cleared, Wait for track cleared"
2024-08-14,ชุมพร,Chumphon,-5,0,23:55,23:50,00:05,00:05,"เนื่องจากรอเปิดทาง, รอหลีกขบวนรถ","due to Wait for track cleared, Wait for track cleared"
2024-08-14,สุราษฎร์ธานี,Surat Thani,4,4,02:20,02:24,02:23,02:27,"เนื่องจากรอเปิดทาง, รอหลีกขบวนรถ","due to Wait for track cleared, Wait for track cleared"
2024-08-14,ชุมทางทุ่งสง,Thung Song Junction,10,51,04:08,04:18,04:18,05:09,"เนื่องจากรอเปิดทาง, รอหลีกขบวนรถ","due to Wait for track cleared, Wait for track cleared"
2024-08-14,พัทลุง,Phatthalung,49,49,05:51,06:40,05:53,06:42,"เนื่องจากรอเปิดทาง, รอหลีกขบวนรถ","due to Wait for track cleared, Wait for track cleared"
2024-08-14,ชุมทางหาดใหญ่,Hat Yai Junction,43,43,07:05,07:48,07:05,07:48,"เนื่องจากรอเปิดทาง, รอหลีกขบวนรถ","due to Wait for track cleared, Wait for track cleared"
2024-08-15,กรุงเทพอภิวัฒน์,Bangkok (Krung Thep Aphiwat),-8,0,16:30,16:22,16:50,16:50,,
2024-08-15,บางบำหรุ,Bang Bamru,0,0,17:01,17:01,17:02,17:02,,
2024-08-15,ศาลายา,Sala Ya,0,0,17:22,17:22,17:23,17:23,,
2024-08-15,นครปฐม,Nakhon Pathom,0,0,17:48,17:48,17:50,17:50,,
2024-08-15,บ้านโป่ง,Ban Pong,0,0,18:08,18:08,18:09,18:09,,
2024-08-15,ราชบุรี,Ratchaburi,-4,0,18:37,18:33,18:47,18:47,,
2024-08-15,เพชรบุรี,Phetchaburi,-6,0,19:30,19:24,19:31,19:31,,
2024-08-15,หัวหิน,Hua Hin,0,0,20:20,20:20,20:25,20:25,,
2024-08-15,ประจวบคีรีขันธ์,Prachuap Khiri Khan,-8,0,21:40,21:32,21:41,21:41,,
2024-08-15,ชุมพร,Chumphon,13,13,23:55,00:08,00:05,00:18,,
2024-08-15,สุราษฎร์ธานี,Surat Thani,19,19,02:20,02:39,02:23,02:42,,
2024-08-15,ชุมทางทุ่งสง,Thung Song Junction,9,8,04:08,04:17,04:18,04:26,,
2024-08-15,พัทลุง,Phatthalung,0,0,05:51,05:51,05:53,05:53,,
2024-08-15,ชุมทางหาดใหญ่,Hat Yai Junction,0,0,07:05,07:05,07:05,07:05,,
2024-08-16,กรุงเทพอภิวัฒน์,Bangkok (Krung Thep Aphiwat),-11,0,16:30,16:19,16:50,16:50,,
2024-08-16,บางบำหรุ,Bang Bamru,0,0,17:01,17:01,17:02,17:02,,
2024-08-16,ศาลายา,Sala Ya,0,0,17:22,17:22,17:23,17:23,,
2024-08-16,นครปฐม,Nakhon Pathom,0,0,17:48,17:48,17:50,17:50,,
2024-08-16,บ้านโป่ง,Ban Pong,0,0,18:08,18:08,18:09,18:09,,
2024-08-16,ราชบุรี,Ratchaburi,0,0,18:37,18:37,18:47,18:47,,
2024-08-16,เพชรบุรี,Phetchaburi,-5,0,19:30,19:25,19:31,19:31,,
2024-08-16,หัวหิน,Hua Hin,-3,0,20:20,20:17,20:25,20:25,,
2024-08-16,ประจวบคีรีขันธ์,Prachuap Khiri Khan,-10,0,21:40,21:30,21:41,21:41,,
2024-08-16,ชุมพร,Chumphon,-4,0,23:55,23:51,00:05,00:05,,
2024-08-16,สุราษฎร์ธานี,Surat Thani,16,16,02:20,02:36,02:23,02:39,,
2024-08-16,ชุมทางทุ่งสง,Thung Song Junction,13,9,04:08,04:21,04:18,04:27,,
2024-08-16,พัทลุง,Phatthalung,0,0,05:51,05:51,05:53,05:53,,
2024-08-16,ชุมทางหาดใหญ่,Hat Yai Junction,8,8,07:05,07:13,07:05,07:13,,
2024-08-17,กรุงเทพอภิวัฒน์,Bangkok (Krung Thep Aphiwat),-11,0,16:30,16:19,16:50,16:50,,
2024-08-17,บางบำหรุ,Bang Bamru,0,0,17:01,17:01,17:02,17:02,,
2024-08-17,ศาลายา,Sala Ya,0,0,17:22,17:22,17:23,17:23,,
2024-08-17,นครปฐม,Nakhon Pathom,0,0,17:48,17:48,17:50,17:50,,
2024-08-17,บ้านโป่ง,Ban Pong,0,0,18:08,18:08,18:09,18:09,,
2024-08-17,ราชบุรี,Ratchaburi,0,0,18:37,18:37,18:47,18:47,,
2024-08-17,เพชรบุรี,Phetchaburi,-6,0,19:30,19:24,19:31,19:31,,
2024-08-17,หัวหิน,Hua Hin,0,0,20:20,20:20,20:25,20:25,,
2024-08-17,ประจวบคีรีขันธ์,Prachuap Khiri Khan,-10,0,21:40,21:30,21:41,21:41,,
2024-08-17,ชุมพร,Chumphon,4,4,23:55,23:59,00:05,00:09,,
2024-08-17,สุราษฎร์ธานี,Surat Thani,21,21,02:20,02:41,02:23,02:44,,
2024-08-17,ชุมทางทุ่งสง,Thung Song Junction,17,16,04:08,04:25,04:18,04:34,,
2024-08-17,พัทลุง,Phatthalung,4,4,05:51,05:55,05:53,05:57,,
2024-08-17,ชุมทางหาดใหญ่,Hat Yai Junction,13,13,07:05,07:18,07:05,07:18,,
2024-08-18,กรุงเทพอภิวัฒน์,Bangkok (Krung Thep Aphiwat),-5,0,16:30,16:25,16:50,16:50,,
2024-08-18,บางบำหรุ,Bang Bamru,0,0,17:01,17:01,17:02,17:02,,
2024-08-18,ศาลายา,Sala Ya,0,0,17:22,17:22,17:23,17:23,,
2024-08-18,นครปฐม,Nakhon Pathom,0,0,17:48,17:48,17:50,17:50,,
2024-08-18,บ้านโป่ง,Ban Pong,0,0,18:08,18:08,18:09,18:09,,
2024-08-18,ราชบุรี,Ratchaburi,0,0,18:37,18:37,18:47,18:47,,
2024-08-18,เพชรบุรี,Phetchaburi,-6,0,19:30,19:24,19:31,19:31,,
2024-08-18,หัวหิน,Hua Hin,0,0,20:20,20:20,20:25,20:25,,
2024-08-18,ประจวบคีรีขันธ์,Prachuap Khiri Khan,-10,0,21:40,21:30,21:41,21:41,,
2024-08-18,ชุมพร,Chumphon,-9,0,23:55,23:46,00:05,00:05,,
2024-08-18,สุราษฎร์ธานี,Surat Thani,24,24,02:20,02:44,02:23,02:47,,
2024-08-18,ชุมทางทุ่งสง,Thung Song Junction,22,19,04:08,04:30,04:18,04:37,,
2024-08-18,พัทลุง,Phatthalung,11,11,05:51,06:02,05:53,06:04,,
2024-08-18,ชุมทางหาดใหญ่,Hat Yai Junction,15,15,07:05,07:20,07:05,07:20,,
2024-08-19,กรุงเทพอภิวัฒน์,Bangkok (Krung Thep Aphiwat),-11,0,16:30,16:19,16:50,16:50,,
2024-08-19,บางบำหรุ,Bang Bamru,0,0,17:01,17:01,17:02,17:02,,
2024-08-19,ศาลายา,Sala Ya,0,0,17:22,17:22,17:23,17:23,,
2024-08-19,นครปฐม,Nakhon Pathom,0,0,17:48,17:48,17:50,17:50,,
2024-08-19,บ้านโป่ง,Ban Pong,0,0,18:08,18:08,18:09,18:09,,
2024-08-19,ราชบุรี,Ratchaburi,-3,0,18:37,18:34,18:47,18:47,,
2024-08-19,เพชรบุรี,Phetchaburi,-7,0,19:30,19:23,19:31,19:31,,
2024-08-19,หัวหิน,Hua Hin,-3,0,20:20,20:17,20:25,20:25,,
2024-08-19,ประจวบคีรีขันธ์,Prachuap Khiri Khan,-10,0,21:40,21:30,21:41,21:41,,
2024-08-19,ชุมพร,Chumphon,6,11,23:55,00:01,00:05,00:16,,
2024-08-19,สุราษฎร์ธานี,Surat Thani,27,27,02:20,02:47,02:23,02:50,,
2024-08-19,ชุมทางทุ่งสง,Thung Song Junction,28,24,04:08,04:36,04:18,04:42,,
2024-08-19,พัทลุง,Phatthalung,17,17,05:51,06:08,05:53,06:10,,
2024-08-19,ชุมทางหาดใหญ่,Hat Yai Junction,20,20,07:05,07:25,07:05,07:25,,
2024-08-20,กรุงเทพอภิวัฒน์,Bangkok (Krung Thep Aphiwat),-13,0,16:30,16:17,16:50,16:50,,
2024-08-20,บางบำหรุ,Bang Bamru,0,0,17:01,17:01,17:02,17:02,,
2024-08-20,ศาลายา,Sala Ya,0,0,17:22,17:22,17:23,17:23,,
2024-08-20,นครปฐม,Nakhon Pathom,4,4,17:48,17:52,17:50,17:54,,
2024-08-20,บ้านโป่ง,Ban Pong,5,5,18:08,18:13,18:09,18:14,,
2024-08-20,ราชบุรี,Ratchaburi,2,0,18:37,18:39,18:47,18:47,,
2024-08-20,เพชรบุรี,Phetchaburi,-4,0,19:30,19:26,19:31,19:31,,
2024-08-20,หัวหิน,Hua Hin,0,0,20:20,20:20,20:25,20:25,,
2024-08-20,ประจวบคีรีขันธ์,Prachuap Khiri Khan,-12,0,21:40,21:28,21:41,21:41,,
2024-08-20,ชุมพร,Chumphon,0,10,23:55,23:55,00:05,00:15,,
2024-08-20,สุราษฎร์ธานี,Surat Thani,17,17,02:20,02:37,02:23,02:40,,
2024-08-20,ชุมทางทุ่งสง,Thung Song Junction,8,6,04:08,04:16,04:18,04:24,,
2024-08-20,พัทลุง,Phatthalung,7,7,05:51,05:58,05:53,06:00,,
2024-08-20,ชุมทางหาดใหญ่,Hat Yai Junction,15,15,07:05,07:20,07:05,07:20,,
2024-08-21,กรุงเทพอภิวัฒน์,Bangkok (Krung Thep Aphiwat),-21,0,16:30,16:09,16:50,16:50,"เนื่องจากผ่านพื้นที่ก่อสร้าง, รอเปิดทาง, รอหลีกขบวนรถ","due to Passing construction site, Wait for track cleared, Wait for track cleared"
2024-08-21,บางบำหรุ,Bang Bamru,0,0,17:01,17:01,17:02,17:02,"เนื่องจากผ่านพื้นที่ก่อสร้าง, รอเปิดทาง, รอหลีกขบวนรถ","due to Passing construction site, Wait for track cleared, Wait for track cleared"
2024-08-21,ศาลายา,Sala Ya,0,2,17:22,17:22,17:23,17:25,"เนื่องจากผ่านพื้นที่ก่อสร้าง, รอเปิดทาง, รอหลีกขบวนรถ","due to Passing construction site, Wait for track cleared, Wait for track cleared"
2024-08-21,นครปฐม,Nakhon Pathom,3,3,17:48,17:51,17:50,17:53,"เนื่องจากผ่านพื้นที่ก่อสร้าง, รอเปิดทาง, รอหลีกขบวนรถ","due to Passing construction site, Wait for track cleared, Wait for track cleared"
2024-08-21,บ้านโป่ง,Ban Pong,3,3,18:08,18:11,18:09,18:12,"เนื่องจากผ่านพื้นที่ก่อสร้าง, รอเปิดทาง, รอหลีกขบวนรถ","due to Passing construction site, Wait for track cleared, Wait for track cleared"
2024-08-21,ราชบุรี,Ratchaburi,2,0,18:37,18:39,18:47,18:47,"เนื่องจากผ่านพื้นที่ก่อสร้าง, รอเปิดทาง, รอหลีกขบวนรถ","due to Passing construction site, Wait for track cleared, Wait for track cleared"
2024-08-21,เพชรบุรี,Phetchaburi,-3,0,19:30,19:27,19:31,19:31,"เนื่องจากผ่านพื้นที่ก่อสร้าง, รอเปิดทาง, รอหลีกขบวนรถ","due to Passing construction site, Wait for track cleared, Wait for track cleared"
2024-08-21,หัวหิน,Hua Hin,0,0,20:20,20:20,20:25,20:25,"เนื่องจากผ่านพื้นที่ก่อสร้าง, รอเปิดทาง, รอหลีกขบวนรถ","due to Passing construction site, Wait for track cleared, Wait for track cleared"
2024-08-21,ประจวบคีรีขันธ์,Prachuap Khiri Khan,-11,19,21:40,21:29,21:41,22:00,"เนื่องจากผ่านพื้นที่ก่อสร้าง, รอเปิดทาง, รอหลีกขบวนรถ","due to Passing construction site, Wait for track cleared, Wait for track cleared"
2024-08-21,ชุมพร,Chumphon,33,33,23:55,00:28,00:05,00:38,"เนื่องจากผ่านพื้นที่ก่อสร้าง, รอเปิดทาง, รอหลีกขบวนรถ","due to Passing construction site, Wait for track cleared, Wait for track cleared"
2024-08-21,สุราษฎร์ธานี,Surat Thani,51,51,02:20,03:11,02:23,03:14,"เนื่องจากผ่านพื้นที่ก่อสร้าง, รอเปิดทาง, รอหลีกขบวนรถ","due to Passing construction site, Wait for track cleared, Wait for track cleared"
2024-08-21,ชุมทางทุ่งสง,Thung Song Junction,53,50,04:08,05:01,04:18,05:08,"เนื่องจากผ่านพื้นที่ก่อสร้าง, รอเปิดทาง, รอหลีกขบวนรถ","due to Passing construction site, Wait for track cleared, Wait for track cleared"
2024-08-21,พัทลุง,Phatthalung,38,38,05:51,06:29,05:53,06:31,"เนื่องจากผ่านพื้นที่ก่อสร้าง, รอเปิดทาง, รอหลีกขบวนรถ","due to Passing construction site, Wait for track cleared, Wait for track cleared"
2024-08-21,ชุมทางหาดใหญ่,Hat Yai Junction,45,45,07:05,07:50,07:05,07:50,"เนื่องจากผ่านพื้นที่ก่อสร้าง, รอเปิดทาง, รอหลีกขบวนรถ","due to Passing construction site, Wait for track cleared, Wait for track cleared"
2024-08-22,กรุงเทพอภิวัฒน์,Bangkok (Krung Thep Aphiwat),-11,0,16:30,16:19,16:50,16:50,,
2024-08-22,บางบำหรุ,Bang Bamru,0,0,17:01,17:01,17:02,17:02,,
2024-08-22,ศาลายา,Sala Ya,0,0,17:22,17:22,17:23,17:23,,
2024-08-22,นครปฐม,Nakhon Pathom,-3,0,17:48,17:45,17:50,17:50,,
2024-08-22,บ้านโป่ง,Ban Pong,0,0,18:08,18:08,18:09,18:09,,
2024-08-22,ราชบุรี,Ratchaburi,-3,0,18:37,18:34,18:47,18:47,,
2024-08-22,เพชรบุรี,Phetchaburi,-12,0,19:30,19:18,19:31,19:31,,
2024-08-22,หัวหิน,Hua Hin,-7,0,20:20,20:13,20:25,20:25,,
2024-08-22,ประจวบคีรีขันธ์,Prachuap Khiri Khan,-7,0,21:40,21:33,21:41,21:41,,
2024-08-22,ชุมพร,Chumphon,-2,0,23:55,23:53,00:05,00:05,,
2024-08-22,สุราษฎร์ธานี,Surat Thani,30,30,02:20,02:50,02:23,02:53,,
2024-08-22,ชุมทางทุ่งสง,Thung Song Junction,35,35,04:08,04:43,04:18,04:53,,
2024-08-22,พัทลุง,Phatthalung,20,20,05:51,06:11,05:53,06:13,,
2024-08-22,ชุมทางหาดใหญ่,Hat Yai Junction,12,12,07:05,07:17,07:05,07:17,,
2024-08-23,กรุงเทพอภิวัฒน์,Bangkok (Krung Thep Aphiwat),-9,0,16:30,16:21,16:50,16:50,,
2024-08-23,บางบำหรุ,Bang Bamru,0,0,17:01,17:01,17:02,17:02,,
2024-08-23,ศาลายา,Sala Ya,0,0,17:22,17:22,17:23,17:23,,
2024-08-23,นครปฐม,Nakhon Pathom,2,4,17:48,17:50,17:50,17:54,,
2024-08-23,บ้านโป่ง,Ban Pong,5,5,18:08,18:13,18:09,18:14,,
2024-08-23,ราชบุรี,Ratchaburi,3,0,18:37,18:40,18:47,18:47,,
2024-08-23,เพชรบุรี,Phetchaburi,-4,0,19:30,19:26,19:31,19:31,,
2024-08-23,หัวหิน,Hua Hin,0,0,20:20,20:20,20:25,20:25,,
2024-08-23,ประจวบคีรีขันธ์,Prachuap Khiri Khan,0,0,21:40,21:40,21:41,21:41,,
2024-08-23,ชุมพร,Chumphon,6,7,23:55,00:01,00:05,00:12,,
2024-08-23,สุราษฎร์ธานี,Surat Thani,33,33,02:20,02:53,02:23,02:56,,
2024-08-23,ชุมทางทุ่งสง,Thung Song Junction,34,31,04:08,04:42,04:18,04:49,,
2024-08-23,พัทลุง,Phatthalung,19,19,05:51,06:10,05:53,06:12,,
2024-08-23,ชุมทางหาดใหญ่,Hat Yai Junction,19,19,07:05,07:24,07:05,07:24,,
2024-08-24,กรุงเทพอภิวัฒน์,Bangkok (Krung Thep Aphiwat),-8,0,16:30,16:22,16:50,16:50,,
2024-08-24,บางบำหรุ,Bang Bamru,0,0,17:01,17:01,17:02,17:02,,
2024-08-24,ศาลายา,Sala Ya,0,0,17:22,17:22,17:23,17:23,,
2024-08-24,นครปฐม,Nakhon Pathom,0,0,17:48,17:48,17:50,17:50,,
2024-08-24,บ้านโป่ง,Ban Pong,0,0,18:08,18:08,18:09,18:09,,
2024-08-24,ราชบุรี,Ratchaburi,-3,0,18:37,18:34,18:47,18:47,,
2024-08-24,เพชรบุรี,Phetchaburi,-5,0,19:30,19:25,19:31,19:31,,
2024-08-24,หัวหิน,Hua Hin,0,0,20:20,20:20,20:25,20:25,,
2024-08-24,ประจวบคีรีขันธ์,Prachuap Khiri Khan,-10,0,21:40,21:30,21:41,21:41,,
2024-08-24,ชุมพร,Chumphon,-8,5,23:55,23:47,00:05,00:10,,
2024-08-24,สุราษฎร์ธานี,Surat Thani,31,31,02:20,02:51,02:23,02:54,,
2024-08-24,ชุมทางทุ่งสง,Thung Song Junction,25,24,04:08,04:33,04:18,04:42,,
2024-08-24,พัทลุง,Phatthalung,12,12,05:51,06:03,05:53,06:05,,
2024-08-24,ชุมทางหาดใหญ่,Hat Yai Junction,12,12,07:05,07:17,07:05,07:17,,
2024-08-25,กรุงเทพอภิวัฒน์,Bangkok (Krung Thep Aphiwat),-11,0,16:30,16:19,16:50,16:50,,
2024-08-25,บางบำหรุ,Bang Bamru,0,0,17:01,17:01,17:02,17:02,,
2024-08-25,ศาลายา,Sala Ya,0,0,17:22,17:22,17:23,17:23,,
2024-08-25,นครปฐม,Nakhon Pathom,0,0,17:48,17:48,17:50,17:50,,
2024-08-25,บ้านโป่ง,Ban Pong,1,1,18:08,18:09,18:09,18:10,,
2024-08-25,ราชบุรี,Ratchaburi,0,0,18:37,18:37,18:47,18:47,,
2024-08-25,เพชรบุรี,Phetchaburi,-5,0,19:30,19:25,19:31,19:31,,
2024-08-25,หัวหิน,Hua Hin,0,0,20:20,20:20,20:25,20:25,,
2024-08-25,ประจวบคีรีขันธ์,Prachuap Khiri Khan,-9,0,21:40,21:31,21:41,21:41,,
2024-08-25,ชุมพร,Chumphon,13,12,23:55,00:08,00:05,00:17,,
2024-08-25,สุราษฎร์ธานี,Surat Thani,24,24,02:20,02:44,02:23,02:47,,
2024-08-25,ชุมทางทุ่งสง,Thung Song Junction,18,16,04:08,04:26,04:18,04:34,,
2024-08-25,พัทลุง,Phatthalung,5,5,05:51,05:56,05:53,05:58,,
2024-08-25,ชุมทางหาดใหญ่,Hat Yai Junction,0,0,07:05,07:05,07:05,07:05,,
2024-08-26,กรุงเทพอภิวัฒน์,Bangkok (Krung Thep Aphiwat),-10,0,16:30,16:20,16:50,16:50,,
2024-08-26,บางบำหรุ,Bang Bamru,0,0,17:01,17:01,17:02,17:02,,
2024-08-26,ศาลายา,Sala Ya,7,7,17:22,17:29,17:23,17:30,,
2024-08-26,นครปฐม,Nakhon Pathom,6,6,17:48,17:54,17:50,17:56,,
2024-08-26,บ้านโป่ง,Ban Pong,7,7,18:08,18:15,18:09,18:16,,
2024-08-26,ราชบุรี,Ratchaburi,5,0,18:37,18:42,18:47,18:47,,
2024-08-26,เพชรบุรี,Phetchaburi,-4,0,19:30,19:26,19:31,19:31,,
2024-08-26,หัวหิน,Hua Hin,0,0,20:20,20:20,20:25,20:25,,
2024-08-26,ประจวบคีรีขันธ์,Prachuap Khiri Khan,-10,0,21:40,21:30,21:41,21:41,,
2024-08-26,ชุมพร,Chumphon,11,10,23:55,00:06,00:05,00:15,,
2024-08-26,สุราษฎร์ธานี,Surat Thani,19,19,02:20,02:39,02:23,02:42,,
2024-08-26,ชุมทางทุ่งสง,Thung Song Junction,23,19,04:08,04:31,04:18,04:37,,
2024-08-26,พัทลุง,Phatthalung,3,3,05:51,05:54,05:53,05:56,,
2024-08-26,ชุมทางหาดใหญ่,Hat Yai Junction,5,5,07:05,07:10,07:05,07:10,,
2024-08-27,กรุงเทพอภิวัฒน์,Bangkok (Krung Thep Aphiwat),-10,0,16:30,16:20,16:50,16:50,,
2024-08-27,บางบำหรุ,Bang Bamru,0,0,17:01,17:01,17:02,17:02,,
2024-08-27,ศาลายา,Sala Ya,0,0,17:22,17:22,17:23,17:23,,
2024-08-27,นครปฐม,Nakhon Pathom,0,0,17:48,17:48,17:50,17:50,,
2024-08-27,บ้านโป่ง,Ban Pong,0,9,18:08,18:08,18:09,18:18,,
2024-08-27,ราชบุรี,Ratchaburi,5,0,18:37,18:42,18:47,18:47,,
2024-08-27,เพชรบุรี,Phetchaburi,-8,0,19:30,19:22,19:31,19:31,,
2024-08-27,หัวหิน,Hua Hin,-3,0,20:20,20:17,20:25,20:25,,
2024-08-27,ประจวบคีรีขันธ์,Prachuap Khiri Khan,-9,0,21:40,21:31,21:41,21:41,,
2024-08-27,ชุมพร,Chumphon,-7,0,23:55,23:48,00:05,00:05,,
2024-08-27,สุราษฎร์ธานี,Surat Thani,20,22,02:20,02:40,02:23,02:45,,
2024-08-27,ชุมทางทุ่งสง,Thung Song Junction,33,32,04:08,04:41,04:18,04:50,,
2024-08-27,พัทลุง,Phatthalung,26,28,05:51,06:17,05:53,06:21,,
2024-08-27,ชุมทางหาดใหญ่,Hat Yai Junction,20,20,07:05,07:25,07:05,07:25,,
2024-08-28,กรุงเทพอภิวัฒน์,Bangkok (Krung Thep Aphiwat),-16,0,16:30,16:14,16:50,16:50,,
2024-08-28,บางบำหรุ,Bang Bamru,0,0,17:01,17:01,17:02,17:02,,
2024-08-28,ศาลายา,Sala Ya,0,0,17:22,17:22,17:23,17:23,,
2024-08-28,นครปฐม,Nakhon Pathom,3,3,17:48,17:51,17:50,17:53,,
2024-08-28,บ้านโป่ง,Ban Pong,4,4,18:08,18:12,18:09,18:13,,
2024-08-28,ราชบุรี,Ratchaburi,0,0,18:37,18:37,18:47,18:47,,
2024-08-28,เพชรบุรี,Phetchaburi,-5,0,19:30,19:25,19:31,19:31,,
2024-08-28,หัวหิน,Hua Hin,0,0,20:20,20:20,20:25,20:25,,
2024-08-28,ประจวบคีรีขันธ์,Prachuap Khiri Khan,-5,0,21:40,21:35,21:41,21:41,,
2024-08-28,ชุมพร,Chumphon,-5,4,23:55,23:50,00:05,00:09,,
2024-08-28,สุราษฎร์ธานี,Surat Thani,10,10,02:20,02:30,02:23,02:33,,
2024-08-28,ชุมทางทุ่งสง,Thung Song Junction,5,2,04:08,04:13,04:18,04:20,,
2024-08-28,พัทลุง,Phatthalung,10,9,05:51,06:01,05:53,06:02,,
2024-08-28,ชุมทางหาดใหญ่,Hat Yai Junction,12,12,07:05,07:17,07:05,07:17,,
2024-08-29,กรุงเทพอภิวัฒน์,Bangkok (Krung Thep Aphiwat),-11,0,16:30,16:19,16:50,16:50,,
2024-08-29,บางบำหรุ,Bang Bamru,0,0,17:01,17:01,17:02,17:02,,
2024-08-29,ศาลายา,Sala Ya,0,0,17:22,17:22,17:23,17:23,,
2024-08-29,นครปฐม,Nakhon Pathom,2,2,17:48,17:50,17:50,17:52,,
2024-08-29,บ้านโป่ง,Ban Pong,4,4,18:08,18:12,18:09,18:13,,
2024-08-29,ราชบุรี,Ratchaburi,3,0,18:37,18:40,18:47,18:47,,
2024-08-29,เพชรบุรี,Phetchaburi,-4,0,19:30,19:26,19:31,19:31,,
2024-08-29,หัวหิน,Hua Hin,0,0,20:20,20:20,20:25,20:25,,
2024-08-29,ประจวบคีรีขันธ์,Prachuap Khiri Khan,-5,0,21:40,21:35,21:41,21:41,,
2024-08-29,ชุมพร,Chumphon,-2,0,23:55,23:53,00:05,00:05,,
2024-08-29,สุราษฎร์ธานี,Surat Thani,12,12,02:20,02:32,02:23,02:35,,
2024-08-29,ชุมทางทุ่งสง,Thung Song Junction,17,14,04:08,04:25,04:18,04:32,,
2024-08-29,พัทลุง,Phatthalung,4,4,05:51,05:55,05:53,05:57,,
2024-08-29,ชุมทางหาดใหญ่,Hat Yai Junction,8,8,07:05,07:13,07:05,07:13,,
2024-08-30,กรุงเทพอภิวัฒน์,Bangkok (Krung Thep Aphiwat),-12,0,16:30,16:18,16:50,16:50,,
2024-08-30,บางบำหรุ,Bang Bamru,0,0,17:01,17:01,17:02,17:02,,
2024-08-30,ศาลายา,Sala Ya,0,0,17:22,17:22,17:23,17:23,,
2024-08-30,นครปฐม,Nakhon Pathom,2,2,17:48,17:50,17:50,17:52,,
2024-08-30,บ้านโป่ง,Ban Pong,3,3,18:08,18:11,18:09,18:12,,
2024-08-30,ราชบุรี,Ratchaburi,0,0,18:37,18:37,18:47,18:47,,
2024-08-30,เพชรบุรี,Phetchaburi,-4,0,19:30,19:26,19:31,19:31,,
2024-08-30,หัวหิน,Hua Hin,0,0,20:20,20:20,20:25,20:25,,
2024-08-30,ประจวบคีรีขันธ์,Prachuap Khiri Khan,-8,0,21:40,21:32,21:41,21:41,,
2024-08-30,ชุมพร,Chumphon,7,8,23:55,00:02,00:05,00:13,,
2024-08-30,สุราษฎร์ธานี,Surat Thani,39,39,02:20,02:59,02:23,03:02,,
2024-08-30,ชุมทางทุ่งสง,Thung Song Junction,40,36,04:08,04:48,04:18,04:54,,
2024-08-30,พัทลุง,Phatthalung,22,22,05:51,06:13,05:53,06:15,,
2024-08-30,ชุมทางหาดใหญ่,Hat Yai Junction,15,15,07:05,07:20,07:05,07:20,,
2024-08-31,กรุงเทพอภิวัฒน์,Bangkok (Krung Thep Aphiwat),-11,0,16:30,16:19,16:50,16:50,,
2024-08-31,บางบำหรุ,Bang Bamru,0,0,17:01,17:01,17:02,17:02,,
2024-08-31,ศาลายา,Sala Ya,0,0,17:22,17:22,17:23,17:23,,
2024-08-31,นครปฐม,Nakhon Pathom,2,2,17:48,17:50,17:50,17:52,,
2024-08-31,บ้านโป่ง,Ban Pong,2,2,18:08,18:10,18:09,18:11,,
2024-08-31,ราชบุรี,Ratchaburi,0,0,18:37,18:37,18:47,18:47,,
2024-08-31,เพชรบุรี,Phetchaburi,-6,0,19:30,19:24,19:31,19:31,,
2024-08-31,หัวหิน,Hua Hin,-2,0,20:20,20:18,20:25,20:25,,
2024-08-31,ประจวบคีรีขันธ์,Prachuap Khiri Khan,-10,0,21:40,21:30,21:41,21:41,,
2024-08-31,ชุมพร,Chumphon,5,8,23:55,00:00,00:05,00:13,,
2024-08-31,สุราษฎร์ธานี,Surat Thani,23,23,02:20,02:43,02:23,02:46,,
2024-08-31,ชุมทางทุ่งสง,Thung Song Junction,23,20,04:08,04:31,04:18,04:38,,
2024-08-31,พัทลุง,Phatthalung,10,10,05:51,06:01,05:53,06:03,,
2024-08-31,ชุมทางหาดใหญ่,Hat Yai Junction,10,10,07:05,07:15,07:05,07:15,,
2024-09-01,กรุงเทพอภิวัฒน์,Bangkok (Krung Thep Aphiwat),-10,0,16:30,16:20,16:50,16:50,,
2024-09-01,บางบำหรุ,Bang Bamru,0,0,17:01,17:01,17:02,17:02,,
2024-09-01,ศาลายา,Sala Ya,0,0,17:22,17:22,17:23,17:23,,
2024-09-01,นครปฐม,Nakhon Pathom,2,2,17:48,17:50,17:50,17:52,,
2024-09-01,บ้านโป่ง,Ban Pong,3,3,18:08,18:11,18:09,18:12,,
2024-09-01,ราชบุรี,Ratchaburi,0,0,18:37,18:37,18:47,18:47,,
2024-09-01,เพชรบุรี,Phetchaburi,-4,0,19:30,19:26,19:31,19:31,,
2024-09-01,หัวหิน,Hua Hin,0,0,20:20,20:20,20:25,20:25,,
2024-09-01,ประจวบคีรีขันธ์,Prachuap Khiri Khan,-12,0,21:40,21:28,21:41,21:41,,
2024-09-01,ชุมพร,Chumphon,-7,0,23:55,23:48,00:05,00:05,,
2024-09-01,สุราษฎร์ธานี,Surat Thani,25,25,02:20,02:45,02:23,02:48,,
2024-09-01,ชุมทางทุ่งสง,Thung Song Junction,28,27,04:08,04:36,04:18,04:45,,
2024-09-01,พัทลุง,Phatthalung,16,16,05:51,06:07,05:53,06:09,,
2024-09-01,ชุมทางหาดใหญ่,Hat Yai Junction,13,13,07:05,07:18,07:05,07:18,,
2024-09-02,กรุงเทพอภิวัฒน์,Bangkok (Krung Thep Aphiwat),-11,0,16:30,16:19,16:50,16:50,,
2024-09-02,บางบำหรุ,Bang Bamru,0,0,17:01,17:01,17:02,17:02,,
2024-09-02,ศาลายา,Sala Ya,0,0,17:22,17:22,17:23,17:23,,
2024-09-02,นครปฐม,Nakhon Pathom,3,3,17:48,17:51,17:50,17:53,,
2024-09-02,บ้านโป่ง,Ban Pong,4,4,18:08,18:12,18:09,18:13,,
2024-09-02,ราชบุรี,Ratchaburi,5,0,18:37,18:42,18:47,18:47,,
2024-09-02,เพชรบุรี,Phetchaburi,-4,0,19:30,19:26,19:31,,,
2024-09-02,หัวหิน,Hua Hin,0,0,20:20,20:20,20:25,20:25,,
2024-09-02,ประจวบคีรีขันธ์,Prachuap Khiri Khan,-15,0,21:40,21:25,21:41,21:41,,
2024-09-02,ชุมพร,Chumphon,-4,3,23:55,23:51,00:05,00:08,,
2024-09-02,สุราษฎร์ธานี,Surat Thani,16,16,02:20,02:36,02:23,02:39,,
2024-09-02,ชุมทางทุ่งสง,Thung Song Junction,15,11,04:08,04:23,04:18,04:29,,
2024-09-02,พัทลุง,Phatthalung,7,7,05:51,05:58,05:53,06:00,,
2024-09-02,ชุมทางหาดใหญ่,Hat Yai Junction,10,10,07:05,07:15,07:05,07:15,,
2024-09-03,กรุงเทพอภิวัฒน์,Bangkok (Krung Thep Aphiwat),-21,0,16:30,16:09,16:50,16:50,,
2024-09-03,บางบำหรุ,Bang Bamru,1,1,17:01,17:02,17:02,17:03,,
2024-09-03,ศาลายา,Sala Ya,0,0,17:22,17:22,17:23,17:23,,
2024-09-03,นครปฐม,Nakhon Pathom,0,0,17:48,17:48,17:50,17:50,,
2024-09-03,บ้านโป่ง,Ban Pong,1,1,18:08,18:09,18:09,18:10,,
2024-09-03,ราชบุรี,Ratchaburi,-1,0,18:37,18:36,18:47,18:47,,
2024-09-03,เพชรบุรี,Phetchaburi,-4,0,19:30,19:26,19:31,19:31,,
2024-09-03,หัวหิน,Hua Hin,-1,0,20:20,20:19,20:25,20:25,,
2024-09-03,ประจวบคีรีขันธ์,Prachuap Khiri Khan,-7,0,21:40,21:33,21:41,21:41,,
2024-09-03,ชุมพร,Chumphon,2,2,23:55,23:57,00:05,00:07,,
2024-09-03,สุราษฎร์ธานี,Surat Thani,33,33,02:20,02:53,02:23,02:56,,
2024-09-03,ชุมทางทุ่งสง,Thung Song Junction,40,39,04:08,04:48,04:18,04:57,,
2024-09-03,พัทลุง,Phatthalung,28,28,05:51,06:19,05:53,06:21,,
2024-09-03,ชุมทางหาดใหญ่,Hat Yai Junction,20,20,07:05,07:25,07:05,07:25,,
2024-09-04,กรุงเทพอภิวัฒน์,Bangkok (Krung Thep Aphiwat),-10,0,16:30,16:20,16:50,16:50,,
2024-09-04,บางบำหรุ,Bang Bamru,0,0,17:01,17:01,17:02,17:02,,
2024-09-04,ศาลายา,Sala Ya,-2,-2,17:22,17:20,17:23,17:21,,
2024-09-04,นครปฐม,Nakhon Pathom,-3,0,17:48,17:45,17:50,17:50,,
2024-09-04,บ้านโป่ง,Ban Pong,0,0,18:08,18:08,18:09,18:09,,
2024-09-04,ราชบุรี,Ratchaburi,0,0,18:37,18:37,18:47,18:47,,
2024-09-04,เพชรบุรี,Phetchaburi,-6,0,19:30,19:24,19:31,19:31,,
2024-09-04,หัวหิน,Hua Hin,0,0,20:20,20:20,20:25,20:25,,
2024-09-04,ประจวบคีรีขันธ์,Prachuap Khiri Khan,-10,0,21:40,21:30,21:41,21:41,,
2024-09-04,ชุมพร,Chumphon,-1,0,23:55,23:54,00:05,00:05,,
2024-09-04,สุราษฎร์ธานี,Surat Thani,11,11,02:20,02:31,02:23,02:34,,
2024-09-04,ชุมทางทุ่งสง,Thung Song Junction,8,6,04:08,04:16,04:18,04:24,,
2024-09-04,พัทลุง,Phatthalung,0,0,05:51,05:51,05:53,05:53,,
2024-09-04,ชุมทางหาดใหญ่,Hat Yai Junction,0,0,07:05,07:05,07:05,07:05,,
2024-09-05,กรุงเทพอภิวัฒน์,Bangkok (Krung Thep Aphiwat),-21,0,16:30,16:09,16:50,16:50,,
2024-09-05,บางบำหรุ,Bang Bamru,0,0,17:01,17:01,17:02,17:02,,
2024-09-05,ศาลายา,Sala Ya,0,0,17:22,17:22,17:23,17:23,,
2024-09-05,นครปฐม,Nakhon Pathom,0,0,17:48,17:48,17:50,17:50,,
2024-09-05,บ้านโป่ง,Ban Pong,0,0,18:08,18:08,18:09,18:09,,
2024-09-05,ราชบุรี,Ratchaburi,-2,0,18:37,18:35,18:47,18:47,,
2024-09-05,เพชรบุรี,Phetchaburi,-6,0,19:30,19:24,19:31,19:31,,
2024-09-05,หัวหิน,Hua Hin,-3,0,20:20,20:17,20:25,20:25,,
2024-09-05,ประจวบคีรีขันธ์,Prachuap Khiri Khan,-7,0,21:40,21:33,21:41,21:41,,
2024-09-05,ชุมพร,Chumphon,2,2,23:55,23:57,00:05,00:07,,
2024-09-05,สุราษฎร์ธานี,Surat Thani,21,21,02:20,02:41,02:23,02:44,,
2024-09-05,ชุมทางทุ่งสง,Thung Song Junction,13,12,04:08,04:21,04:18,04:30,,
2024-09-05,พัทลุง,Phatthalung,3,3,05:51,05:54,05:53,05:56,,
2024-09-05,ชุมทางหาดใหญ่,Hat Yai Junction,10,10,07:05,07:15,07:05,07:15,,
2024-09-06,กรุงเทพอภิวัฒน์,Bangkok (Krung Thep Aphiwat),-10,0,16:30,16:20,16:50,16:50,,
2024-09-06,บางบำหรุ,Bang Bamru,0,0,17:01,17:01,17:02,17:02,,
2024-09-06,ศาลายา,Sala Ya,0,0,17:22,17:22,17:23,17:23,,
2024-09-06,นครปฐม,Nakhon Pathom,0,0,17:48,17:48,17:50,17:50,,
2024-09-06,บ้านโป่ง,Ban Pong,0,0,18:08,18:08,18:09,18:09,,
2024-09-06,ราชบุรี,Ratchaburi,-2,0,18:37,18:35,18:47,18:47,,
2024-09-06,เพชรบุรี,Phetchaburi,-6,0,19:30,19:24,19:31,19:31,,
2024-09-06,หัวหิน,Hua Hin,0,0,20:20,20:20,20:25,20:25,,
2024-09-06,ประจวบคีรีขันธ์,Prachuap Khiri Khan,-8,0,21:40,21:32,21:41,21:41,,
2024-09-06,ชุมพร,Chumphon,-7,0,23:55,23:48,00:05,00:05,,
2024-09-06,สุราษฎร์ธานี,Surat Thani,26,26,02:20,02:46,02:23,02:49,,
2024-09-06,ชุมทางทุ่งสง,Thung Song Junction,29,25,04:08,04:37,04:18,04:43,,
2024-09-06,พัทลุง,Phatthalung,11,11,05:51,06:02,05:53,06:04,,
2024-09-06,ชุมทางหาดใหญ่,Hat Yai Junction,0,0,07:05,07:05,07:05,07:05,,
2024-09-07,กรุงเทพอภิวัฒน์,Bangkok (Krung Thep Aphiwat),-10,0,16:30,16:20,16:50,16:50,,
2024-09-07,บางบำหรุ,Bang Bamru,0,0,17:01,17:01,17:02,17:02,,
2024-09-07,ศาลายา,Sala Ya,0,0,17:22,17:22,17:23,17:23,,
2024-09-07,นครปฐม,Nakhon Pathom,0,0,17:48,17:48,17:50,17:50,,
2024-09-07,บ้านโป่ง,Ban Pong,1,1,18:08,18:09,18:09,18:10,,
2024-09-07,ราชบุรี,Ratchaburi,0,0,18:37,18:37,18:47,18:47,,
2024-09-07,เพชรบุรี,Phetchaburi,-6,0,19:30,19:24,19:31,19:31,,
2024-09-07,หัวหิน,Hua Hin,0,0,20:20,20:20,20:25,20:25,,
2024-09-07,ประจวบคีรีขันธ์,Prachuap Khiri Khan,-9,0,21:40,21:31,21:41,21:41,,
2024-09-07,ชุมพร,Chumphon,-4,0,23:55,23:51,00:05,00:05,,
2024-09-07,สุราษฎร์ธานี,Surat Thani,13,13,02:20,02:33,02:23,02:36,,
2024-09-07,ชุมทางทุ่งสง,Thung Song Junction,6,4,04:08,04:14,04:18,04:22,,
2024-09-07,พัทลุง,Phatthalung,0,0,05:51,05:51,05:53,05:53,,
2024-09-07,ชุมทางหาดใหญ่,Hat Yai Junction,2,2,07:05,07:07,07:05,07:07,,
2024-09-08,กรุงเทพอภิวัฒน์,Bangkok (Krung Thep Aphiwat),-11,0,16:30,16:19,16:50,16:50,,
2024-09-08,บางบำหรุ,Bang Bamru,0,0,17:01,17:01,17:02,17:02,,
2024-09-08,ศาลายา,Sala Ya,0,0,17:22,17:22,17:23,17:23,,
2024-09-08,นครปฐม,Nakhon Pathom,1,1,17:48,17:49,17:50,17:51,,
2024-09-08,บ้านโป่ง,Ban Pong,2,2,18:08,18:10,18:09,18:11,,
2024-09-08,ราชบุรี,Ratchaburi,0,0,18:37,18:37,18:47,18:47,,
2024-09-08,เพชรบุรี,Phetchaburi,-5,0,19:30,19:25,19:31,19:31,,
2024-09-08,หัวหิน,Hua Hin,0,0,20:20,20:20,20:25,20:25,,
2024-09-08,ประจวบคีรีขันธ์,Prachuap Khiri Khan,-3,7,21:40,21:37,21:41,21:48,,
2024-09-08,ชุมพร,Chumphon,25,26,23:55,00:20,00:05,00:31,,
2024-09-08,สุราษฎร์ธานี,Surat Thani,17,17,02:20,02:37,02:23,02:40,,
2024-09-08,ชุมทางทุ่งสง,Thung Song Junction,5,3,04:08,04:13,04:18,04:21,,
2024-09-08,พัทลุง,Phatthalung,0,0,05:51,05:51,05:53,05:53,,
2024-09-08,ชุมทางหาดใหญ่,Hat Yai Junction,0,0,07:05,07:05,07:05,07:05,,
2024-09-09,กรุงเทพอภิวัฒน์,Bangkok (Krung Thep Aphiwat),-11,0,16:30,16:19,16:50,16:50,,
2024-09-09,บางบำหรุ,Bang Bamru,0,0,17:01,17:01,17:02,17:02,,
2024-09-09,ศาลายา,Sala Ya,0,0,17:22,17:22,17:23,17:23,,
2024-09-09,นครปฐม,Nakhon Pathom,0,0,17:48,17:48,17:50,17:50,,
2024-09-09,บ้านโป่ง,Ban Pong,0,0,18:08,18:08,18:09,18:09,,
2024-09-09,ราชบุรี,Ratchaburi,0,0,18:37,18:37,18:47,18:47,,
2024-09-09,เพชรบุรี,Phetchaburi,-4,0,19:30,19:26,19:31,19:31,,
2024-09-09,หัวหิน,Hua Hin,0,0,20:20,20:20,20:25,20:25,,
2024-09-09,ประจวบคีรีขันธ์,Prachuap Khiri Khan,-9,0,21:40,21:31,21:41,21:41,,
2024-09-09,ชุมพร,Chumphon,0,4,23:55,23:55,00:05,00:09,,
2024-09-09,สุราษฎร์ธานี,Surat Thani,29,29,02:20,02:49,02:23,02:52,,
2024-09-09,ชุมทางทุ่งสง,Thung Song Junction,26,24,04:08,04:34,04:18,04:42,,
2024-09-09,พัทลุง,Phatthalung,14,14,05:51,06:05,05:53,06:07,,
2024-09-09,ชุมทางหาดใหญ่,Hat Yai Junction,20,20,07:05,07:25,07:05,07:25,,
2024-09-10,กรุงเทพอภิวัฒน์,Bangkok (Krung Thep Aphiwat),-10,0,16:30,16:20,16:50,16:50,,
2024-09-10,บางบำหรุ,Bang Bamru,0,0,17:01,17:01,17:02,17:02,,
2024-09-10,ศาลายา,Sala Ya,0,0,17:22,17:22,17:23,17:23,,
2024-09-10,นครปฐม,Nakhon Pathom,0,0,17:48,17:48,17:50,17:50,,
2024-09-10,บ้านโป่ง,Ban Pong,1,1,18:08,18:09,18:09,18:10,,
2024-09-10,ราชบุรี,Ratchaburi,0,0,18:37,18:37,18:47,18:47,,
2024-09-10,เพชรบุรี,Phetchaburi,-6,0,19:30,19:24,19:31,19:31,,
2024-09-10,หัวหิน,Hua Hin,0,0,20:20,20:20,20:25,20:25,,
2024-09-10,ประจวบคีรีขันธ์,Prachuap Khiri Khan,-14,0,21:40,21:26,21:41,21:41,,
2024-09-10,ชุมพร,Chumphon,-6,0,23:55,23:49,00:05,00:05,,
2024-09-10,สุราษฎร์ธานี,Surat Thani,15,15,02:20,02:35,02:23,02:38,,
2024-09-10,ชุมทางทุ่งสง,Thung Song Junction,8,4,04:08,04:16,04:18,04:22,,
2024-09-10,พัทลุง,Phatthalung,-5,0,05:51,05:46,05:53,05:53,,
2024-09-10,ชุมทางหาดใหญ่,Hat Yai Junction,5,5,07:05,07:10,07:05,07:10,,
2024-09-11,กรุงเทพอภิวัฒน์,Bangkok (Krung Thep Aphiwat),-10,0,16:30,16:20,16:50,16:50,,
2024-09-11,บางบำหรุ,Bang Bamru,0,0,17:01,17:01,17:02,17:02,,
2024-09-11,ศาลายา,Sala Ya,0,0,17:22,17:22,17:23,17:23,,
2024-09-11,นครปฐม,Nakhon Pathom,1,1,17:48,17:49,17:50,17:51,,
2024-09-11,บ้านโป่ง,Ban Pong,2,2,18:08,18:10,18:09,18:11,,
2024-09-11,ราชบุรี,Ratchaburi,0,0,18:37,18:37,18:47,18:47,,
2024-09-11,เพชรบุรี,Phetchaburi,-3,0,19:30,19:27,19:31,19:31,,
2024-09-11,หัวหิน,Hua Hin,0,0,20:20,20:20,20:25,20:25,,
2024-09-11,ประจวบคีรีขันธ์,Prachuap Khiri Khan,-9,0,21:40,21:31,21:41,21:41,,
2024-09-11,ชุมพร,Chumphon,5,4,23:55,00:00,00:05,00:09,,
2024-09-11,สุราษฎร์ธานี,Surat Thani,14,14,02:20,02:34,02:23,02:37,,
2024-09-11,ชุมทางทุ่งสง,Thung Song Junction,16,16,04:08,04:24,04:18,04:34,,
2024-09-11,พัทลุง,Phatthalung,2,2,05:51,05:53,05:53,05:55,,
2024-09-11,ชุมทางหาดใหญ่,Hat Yai Junction,0,0,07:05,07:05,07:05,07:05,,
2024-09-12,กรุงเทพอภิวัฒน์,Bangkok (Krung Thep Aphiwat),-10,0,16:30,16:20,16:50,16:50,,
2024-09-12,บางบำหรุ,Bang Bamru,0,0,17:01,17:01,17:02,17:02,,
2024-09-12,ศาลายา,Sala Ya,0,0,17:22,17:22,17:23,17:23,,
2024-09-12,นครปฐม,Nakhon Pathom,0,0,17:48,17:48,17:50,17:50,,
2024-09-12,บ้านโป่ง,Ban Pong,3,3,18:08,18:11,18:09,18:12,,
2024-09-12,ราชบุรี,Ratchaburi,0,0,18:37,18:37,18:47,18:47,,
2024-09-12,เพชรบุรี,Phetchaburi,-5,0,19:30,19:25,19:31,,,
2024-09-12,หัวหิน,Hua Hin,0,0,20:20,20:20,20:25,20:25,,
2024-09-12,ประจวบคีรีขันธ์,Prachuap Khiri Khan,-8,0,21:40,21:32,21:41,21:41,,
2024-09-12,ชุมพร,Chumphon,-12,0,23:55,23:43,00:05,00:05,,
2024-09-12,สุราษฎร์ธานี,Surat Thani,15,15,02:20,02:35,02:23,02:38,,
2024-09-12,ชุมทางทุ่งสง,Thung Song Junction,11,8,04:08,04:19,04:18,04:26,,
2024-09-12,พัทลุง,Phatthalung,0,0,05:51,05:51,05:53,05:53,,
2024-09-12,ชุมทางหาดใหญ่,Hat Yai Junction,0,0,07:05,07:05,07:05,07:05,,
2024-09-13,กรุงเทพอภิวัฒน์,Bangkok (Krung Thep Aphiwat),-11,0,16:30,16:19,16:50,16:50,"เนื่องจากผ่านพื้นที่ก่อสร้าง, รอหลีกขบวนรถ","due to Passing construction site, Wait for track cleared"
2024-09-13,บางบำหรุ,Bang Bamru,0,0,17:01,17:01,17:02,17:02,"เนื่องจากผ่านพื้นที่ก่อสร้าง, รอหลีกขบวนรถ","due to Passing construction site, Wait for track cleared"
2024-09-13,ศาลายา,Sala Ya,0,0,17:22,17:22,17:23,17:23,"เนื่องจากผ่านพื้นที่ก่อสร้าง, รอหลีกขบวนรถ","due to Passing construction site, Wait for track cleared"
2024-09-13,นครปฐม,Nakhon Pathom,0,0,17:48,17:48,17:50,17:50,"เนื่องจากผ่านพื้นที่ก่อสร้าง, รอหลีกขบวนรถ","due to Passing construction site, Wait for track cleared"
2024-09-13,บ้านโป่ง,Ban Pong,0,0,18:08,18:08,18:09,18:09,"เนื่องจากผ่านพื้นที่ก่อสร้าง, รอหลีกขบวนรถ","due to Passing construction site, Wait for track cleared"
2024-09-13,ราชบุรี,Ratchaburi,0,0,18:37,18:37,18:47,18:47,"เนื่องจากผ่านพื้นที่ก่อสร้าง, รอหลีกขบวนรถ","due to Passing construction site, Wait for track cleared"
2024-09-13,เพชรบุรี,Phetchaburi,-7,0,19:30,19:23,19:31,19:31,"เนื่องจากผ่านพื้นที่ก่อสร้าง, รอหลีกขบวนรถ","due to Passing construction site, Wait for track cleared"
2024-09-13,หัวหิน,Hua Hin,-2,0,20:20,20:18,20:25,20:25,"เนื่องจากผ่านพื้นที่ก่อสร้าง, รอหลีกขบวนรถ","due to Passing construction site, Wait for track cleared"
2024-09-13,ประจวบคีรีขันธ์,Prachuap Khiri Khan,-7,0,21:40,21:33,21:41,21:41,"เนื่องจากผ่านพื้นที่ก่อสร้าง, รอหลีกขบวนรถ","due to Passing construction site, Wait for track cleared"
2024-09-13,ชุมพร,Chumphon,4,6,23:55,23:59,00:05,00:11,"เนื่องจากผ่านพื้นที่ก่อสร้าง, รอหลีกขบวนรถ","due to Passing construction site, Wait for track cleared"
2024-09-13,สุราษฎร์ธานี,Surat Thani,45,45,02:20,03:05,02:23,03:08,"เนื่องจากผ่านพื้นที่ก่อสร้าง, รอหลีกขบวนรถ","due to Passing construction site, Wait for track cleared"
2024-09-13,ชุมทางทุ่งสง,Thung Song Junction,49,49,04:08,04:57,04:18,05:07,"เนื่องจากผ่านพื้นที่ก่อสร้าง, รอหลีกขบวนรถ","due to Passing construction site, Wait for track cleared"
2024-09-13,พัทลุง,Phatthalung,39,39,05:51,06:30,05:53,06:32,"เนื่องจากผ่านพื้นที่ก่อสร้าง, รอหลีกขบวนรถ","due to Passing construction site, Wait for track cleared"
2024-09-13,ชุมทางหาดใหญ่,Hat Yai Junction,39,39,07:05,07:44,07:05,07:44,"เนื่องจากผ่านพื้นที่ก่อสร้าง, รอหลีกขบวนรถ","due to Passing construction site, Wait for track cleared"
2024-09-14,กรุงเทพอภิวัฒน์,Bangkok (Krung Thep Aphiwat),-12,0,16:30,16:18,16:50,16:50,,
2024-09-14,บางบำหรุ,Bang Bamru,0,0,17:01,17:01,17:02,17:02,,
2024-09-14,ศาลายา,Sala Ya,0,0,17:22,17:22,17:23,17:23,,
2024-09-14,นครปฐม,Nakhon Pathom,0,0,17:48,17:48,17:50,17:50,,
2024-09-14,บ้านโป่ง,Ban Pong,1,1,18:08,18:09,18:09,18:10,,
2024-09-14,ราชบุรี,Ratchaburi,0,0,18:37,18:37,18:47,18:47,,
2024-09-14,เพชรบุรี,Phetchaburi,-7,0,19:30,19:23,19:31,19:31,,
2024-09-14,หัวหิน,Hua Hin,-4,0,20:20,20:16,20:25,20:25,,
2024-09-14,ประจวบคีรีขันธ์,Prachuap Khiri Khan,-10,0,21:40,21:30,21:41,21:41,,
2024-09-14,ชุมพร,Chumphon,3,6,23:55,23:58,00:05,00:11,,
2024-09-14,สุราษฎร์ธานี,Surat Thani,18,18,02:20,02:38,02:23,02:41,,
2024-09-14,ชุมทางทุ่งสง,Thung Song Junction,10,7,04:08,04:18,04:18,04:25,,
2024-09-14,พัทลุง,Phatthalung,0,0,05:51,05:51,05:53,05:53,,
2024-09-14,ชุมทางหาดใหญ่,Hat Yai Junction,5,5,07:05,07:10,07:05,07:10,,
2024-09-15,กรุงเทพอภิวัฒน์,Bangkok (Krung Thep Aphiwat),-21,0,16:30,16:09,16:50,16:50,,
2024-09-15,บางบำหรุ,Bang Bamru,0,0,17:01,17:01,17:02,17:02,,
2024-09-15,ศาลายา,Sala Ya,0,0,17:22,17:22,17:23,17:23,,
2024-09-15,นครปฐม,Nakhon Pathom,0,0,17:48,17:48,17:50,17:50,,
2024-09-15,บ้านโป่ง,Ban Pong,0,0,18:08,18:08,18:09,18:09,,
2024-09-15,ราชบุรี,Ratchaburi,0,0,18:37,18:37,18:47,18:47,,
2024-09-15,เพชรบุรี,Phetchaburi,-5,0,19:30,19:25,19:31,19:31,,
2024-09-15,หัวหิน,Hua Hin,0,0,20:20,20:20,20:25,20:25,,
2024-09-15,ประจวบคีรีขันธ์,Prachuap Khiri Khan,-9,0,21:40,21:31,21:41,21:41,,
2024-09-15,ชุมพร,Chumphon,-2,0,23:55,23:53,00:05,00:05,,
2024-09-15,สุราษฎร์ธานี,Surat Thani,24,24,02:20,02:44,02:23,02:47,,
2024-09-15,ชุมทางทุ่งสง,Thung Song Junction,22,22,04:08,04:30,04:18,04:40,,
2024-09-15,พัทลุง,Phatthalung,11,11,05:51,06:02,05:53,06:04,,
2024-09-15,ชุมทางหาดใหญ่,Hat Yai Junction,15,15,07:05,07:20,07:05,07:20,,
2024-09-16,กรุงเทพอภิวัฒน์,Bangkok (Krung Thep Aphiwat),-10,0,16:30,16:20,16:50,16:50,,
2024-09-16,บางบำหรุ,Bang Bamru,0,0,17:01,17:01,17:02,17:02,,
2024-09-16,ศาลายา,Sala Ya,0,0,17:22,17:22,17:23,17:23,,
2024-09-16,นครปฐม,Nakhon Pathom,1,1,17:48,17:49,17:50,17:51,,
2024-09-16,บ้านโป่ง,Ban Pong,0,0,18:08,18:08,18:09,18:09,,
2024-09-16,ราชบุรี,Ratchaburi,-2,0,18:37,18:35,18:47,18:47,,
2024-09-16,เพชรบุรี,Phetchaburi,-6,0,19:30,19:24,19:31,19:31,,
2024-09-16,หัวหิน,Hua Hin,-2,0,20:20,20:18,20:25,20:25,,
2024-09-16,ประจวบคีรีขันธ์,Prachuap Khiri Khan,-7,0,21:40,21:33,21:41,21:41,,
2024-09-16,ชุมพร,Chumphon,4,4,23:55,23:59,00:05,00:09,,
2024-09-16,สุราษฎร์ธานี,Surat Thani,16,16,02:20,02:36,02:23,02:39,,
2024-09-16,ชุมทางทุ่งสง,Thung Song Junction,19,15,04:08,04:27,04:18,04:33,,
2024-09-16,พัทลุง,Phatthalung,12,12,05:51,06:03,05:53,06:05,,
2024-09-16,ชุมทางหาดใหญ่,Hat Yai Junction,20,20,07:05,07:25,07:05,07:25,,
2024-09-17,กรุงเทพอภิวัฒน์,Bangkok (Krung Thep Aphiwat),-21,0,16:30,16:09,16:50,16:50,,
2024-09-17,บางบำหรุ,Bang Bamru,0,0,17:01,17:01,17:02,17:02,,
2024-09-17,ศาลายา,Sala Ya,0,0,17:22,17:22,17:23,17:23,,
2024-09-17,นครปฐม,Nakhon Pathom,0,0,17:48,17:48,17:50,17:50,,
2024-09-17,บ้านโป่ง,Ban Pong,2,2,18:08,18:10,18:09,18:11,,
2024-09-17,ราชบุรี,Ratchaburi,0,0,18:37,18:37,18:47,18:47,,
2024-09-17,เพชรบุรี,Phetchaburi,-8,0,19:30,19:22,19:31,19:31,,
2024-09-17,หัวหิน,Hua Hin,-2,0,20:20,20:18,20:25,20:25,,
2024-09-17,ประจวบคีรีขันธ์,Prachuap Khiri Khan,-8,0,21:40,21:32,21:41,21:41,,
2024-09-17,ชุมพร,Chumphon,-10,0,23:55,23:45,00:05,00:05,,
2024-09-17,สุราษฎร์ธานี,Surat Thani,15,15,02:20,02:35,02:23,02:38,,
2024-09-17,ชุมทางทุ่งสง,Thung Song Junction,15,15,04:08,04:23,04:18,04:33,,
2024-09-17,พัทลุง,Phatthalung,3,3,05:51,05:54,05:53,05:56,,
2024-09-17,ชุมทางหาดใหญ่,Hat Yai Junction,5,5,07:05,07:10,07:05,07:10,,
2024-09-18,กรุงเทพอภิวัฒน์,Bangkok (Krung Thep Aphiwat),-10,0,16:30,16:20,16:50,16:50,,
2024-09-18,บางบำหรุ,Bang Bamru,0,0,17:01,17:01,17:02,17:02,,
2024-09-18,ศาลายา,Sala Ya,0,0,17:22,17:22,17:23,17:23,,
2024-09-18,นครปฐม,Nakhon Pathom,0,0,17:48,17:48,17:50,17:50,,
2024-09-18,บ้านโป่ง,Ban Pong,0,0,18:08,18:08,18:09,18:09,,
2024-09-18,ราชบุรี,Ratchaburi,0,0,18:37,18:37,18:47,18:47,,
2024-09-18,เพชรบุรี,Phetchaburi,-6,0,19:30,19:24,19:31,19:31,,
2024-09-18,หัวหิน,Hua Hin,0,0,20:20,20:20,20:25,20:25,,
2024-09-18,ประจวบคีรีขันธ์,Prachuap Khiri Khan,-13,0,21:40,21:27,21:41,21:41,,
2024-09-18,ชุมพร,Chumphon,14,14,23:55,00:09,00:05,00:19,,
2024-09-18,สุราษฎร์ธานี,Surat Thani,23,23,02:20,02:43,02:23,02:46,,
2024-09-18,ชุมทางทุ่งสง,Thung Song Junction,18,15,04:08,04:26,04:18,04:33,,
2024-09-18,พัทลุง,Phatthalung,6,6,05:51,05:57,05:53,05:59,,
2024-09-18,ชุมทางหาดใหญ่,Hat Yai Junction,10,10,07:05,07:15,07:05,07:15,,
2024-09-19,กรุงเทพอภิวัฒน์,Bangkok (Krung Thep Aphiwat),-9,0,16:30,16:21,16:50,16:50,,
2024-09-19,บางบำหรุ,Bang Bamru,0,0,17:01,17:01,17:02,17:02,,
2024-09-19,ศาลายา,Sala Ya,0,0,17:22,17:22,17:23,17:23,,
2024-09-19,นครปฐม,Nakhon Pathom,0,0,17:48,17:48,17:50,17:50,,
2024-09-19,บ้านโป่ง,Ban Pong,0,0,18:08,18:08,18:09,18:09,,
2024-09-19,ราชบุรี,Ratchaburi,0,0,18:37,18:37,18:47,18:47,,
2024-09-19,เพชรบุรี,Phetchaburi,-6,0,19:30,19:24,19:31,19:31,,
2024-09-19,หัวหิน,Hua Hin,0,0,20:20,20:20,20:25,20:25,,
2024-09-19,ประจวบคีรีขันธ์,Prachuap Khiri Khan,-9,0,21:40,21:31,21:41,21:41,,
2024-09-19,ชุมพร,Chumphon,5,6,23:55,00:00,00:05,00:11,,
2024-09-19,สุราษฎร์ธานี,Surat Thani,33,33,02:20,02:53,02:23,02:56,,
2024-09-19,ชุมทางทุ่งสง,Thung Song Junction,32,30,04:08,04:40,04:18,04:48,,
2024-09-19,พัทลุง,Phatthalung,19,19,05:51,06:10,05:53,06:12,,
2024-09-19,ชุมทางหาดใหญ่,Hat Yai Junction,19,19,07:05,07:24,07:05,07:24,,
2024-09-20,กรุงเทพอภิวัฒน์,Bangkok (Krung Thep Aphiwat),-11,0,16:30,16:19,16:50,16:50,,
2024-09-20,บางบำหรุ,Bang Bamru,0,1,17:01,17:01,17:02,17:03,,
2024-09-20,ศาลายา,Sala Ya,0,0,17:22,17:22,17:23,17:23,,
2024-09-20,นครปฐม,Nakhon Pathom,0,0,17:48,17:48,17:50,17:50,,
2024-09-20,บ้านโป่ง,Ban Pong,0,0,18:08,18:08,18:09,18:09,,
2024-09-20,ราชบุรี,Ratchaburi,0,0,18:37,18:37,18:47,18:47,,
2024-09-20,เพชรบุรี,Phetchaburi,-5,0,19:30,19:25,19:31,19:31,,
2024-09-20,หัวหิน,Hua Hin,0,0,20:20,20:20,20:25,20:25,,
2024-09-20,ประจวบคีรีขันธ์,Prachuap Khiri Khan,-10,0,21:40,21:30,21:41,21:41,,
2024-09-20,ชุมพร,Chumphon,3,5,23:55,23:58,00:05,00:10,,
2024-09-20,สุราษฎร์ธานี,Surat Thani,30,30,02:20,02:50,02:23,02:53,,
2024-09-20,ชุมทางทุ่งสง,Thung Song Junction,29,27,04:08,04:37,04:18,04:45,,
2024-09-20,พัทลุง,Phatthalung,24,24,05:51,06:15,05:53,06:17,,
2024-09-20,ชุมทางหาดใหญ่,Hat Yai Junction,20,20,07:05,07:25,07:05,07:25,,
2024-09-21,กรุงเทพอภิวัฒน์,Bangkok (Krung Thep Aphiwat),-21,0,16:30,16:09,16:50,16:50,,
2024-09-21,บางบำหรุ,Bang Bamru,0,0,17:01,17:01,17:02,17:02,,
2024-09-21,ศาลายา,Sala Ya,0,0,17:22,17:22,17:23,17:23,,
2024-09-21,นครปฐม,Nakhon Pathom,2,2,17:48,17:50,17:50,17:52,,
2024-09-21,บ้านโป่ง,Ban Pong,2,2,18:08,18:10,18:09,18:11,,
2024-09-21,ราชบุรี,Ratchaburi,0,0,18:37,18:37,18:47,18:47,,
2024-09-21,เพชรบุรี,Phetchaburi,-5,0,19:30,19:25,19:31,19:31,,
2024-09-21,หัวหิน,Hua Hin,0,0,20:20,20:20,20:25,20:25,,
2024-09-21,ประจวบคีรีขันธ์,Prachuap Khiri Khan,-8,0,21:40,21:32,21:41,21:41,,
2024-09-21,ชุมพร,Chumphon,0,3,23:55,23:55,00:05,00:08,,
2024-09-21,สุราษฎร์ธานี,Surat Thani,17,17,02:20,02:37,02:23,02:40,,
2024-09-21,ชุมทางทุ่งสง,Thung Song Junction,6,4,04:08,04:14,04:18,04:22,,
2024-09-21,พัทลุง,Phatthalung,-3,0,05:51,05:48,05:53,05:53,,
2024-09-21,ชุมทางหาดใหญ่,Hat Yai Junction,0,0,07:05,07:05,07:05,07:05,,
2024-09-22,กรุงเทพอภิวัฒน์,Bangkok (Krung Thep Aphiwat),-9,0,16:30,16:21,16:50,16:50,,
2024-09-22,บางบำหรุ,Bang Bamru,0,0,17:01,17:01,17:02,17:02,,
2024-09-22,ศาลายา,Sala Ya,0,0,17:22,17:22,17:23,17:23,,
2024-09-22,นครปฐม,Nakhon Pathom,0,0,17:48,17:48,17:50,17:50,,
2024-09-22,บ้านโป่ง,Ban Pong,0,0,18:08,18:08,18:09,18:09,,
2024-09-22,ราชบุรี,Ratchaburi,-3,0,18:37,18:34,18:47,18:47,,
2024-09-22,เพชรบุรี,Phetchaburi,-5,0,19:30,19:25,19:31,19:31,,
2024-09-22,หัวหิน,Hua Hin,0,0,20:20,20:20,20:25,20:25,,
2024-09-22,ประจวบคีรีขันธ์,Prachuap Khiri Khan,-10,0,21:40,21:30,21:41,21:41,,
2024-09-22,ชุมพร,Chumphon,-6,0,23:55,23:49,00:05,00:05,,
2024-09-22,สุราษฎร์ธานี,Surat Thani,18,18,02:20,02:38,02:23,02:41,,
2024-09-22,ชุมทางทุ่งสง,Thung Song Junction,15,13,04:08,04:23,04:18,04:31,,
2024-09-22,พัทลุง,Phatthalung,4,4,05:51,05:55,05:53,05:57,,
2024-09-22,ชุมทางหาดใหญ่,Hat Yai Junction,3,3,07:05,07:08,07:05,07:08,,
2024-09-23,กรุงเทพอภิวัฒน์,Bangkok (Krung Thep Aphiwat),-12,0,16:30,16:18,16:50,16:50,,
2024-09-23,บางบำหรุ,Bang Bamru,0,0,17:01,17:01,17:02,17:02,,
2024-09-23,ศาลายา,Sala Ya,0,0,17:22,17:22,17:23,17:23,,
2024-09-23,นครปฐม,Nakhon Pathom,1,1,17:48,17:49,17:50,17:51,,
2024-09-23,บ้านโป่ง,Ban Pong,2,2,18:08,18:10,18:09,18:11,,
2024-09-23,ราชบุรี,Ratchaburi,0,0,18:37,18:37,18:47,18:47,,
2024-09-23,เพชรบุรี,Phetchaburi,-7,0,19:30,19:23,19:31,19:31,,
2024-09-23,หัวหิน,Hua Hin,-4,0,20:20,20:16,20:25,20:25,,
2024-09-23,ประจวบคีรีขันธ์,Prachuap Khiri Khan,-12,0,21:40,21:28,21:41,21:41,,
2024-09-23,ชุมพร,Chumphon,7,10,23:55,00:02,00:05,00:15,,
2024-09-23,สุราษฎร์ธานี,Surat Thani,24,24,02:20,02:44,02:23,02:47,,
2024-09-23,ชุมทางทุ่งสง,Thung Song Junction,30,27,04:08,04:38,04:18,04:45,,
2024-09-23,พัทลุง,Phatthalung,17,17,05:51,06:08,05:53,06:10,,
2024-09-23,ชุมทางหาดใหญ่,Hat Yai Junction,20,20,07:05,07:25,07:05,07:25,,
2024-09-24,กรุงเทพอภิวัฒน์,Bangkok (Krung Thep Aphiwat),-23,0,16:30,16:07,16:50,16:50,,
2024-09-24,บางบำหรุ,Bang Bamru,0,2,17:01,17:01,17:02,17:04,,
2024-09-24,ศาลายา,Sala Ya,1,1,17:22,17:23,17:23,17:24,,
2024-09-24,นครปฐม,Nakhon Pathom,3,3,17:48,17:51,17:50,17:53,,
2024-09-24,บ้านโป่ง,Ban Pong,2,2,18:08,18:10,18:09,18:11,,
2024-09-24,ราชบุรี,Ratchaburi,0,0,18:37,18:37,18:47,18:47,,
2024-09-24,เพชรบุรี,Phetchaburi,-4,0,19:30,19:26,19:31,19:31,,
2024-09-24,หัวหิน,Hua Hin,0,0,20:20,20:20,20:25,20:25,,
2024-09-24,ประจวบคีรีขันธ์,Prachuap Khiri Khan,-9,0,21:40,21:31,21:41,21:41,,
2024-09-24,ชุมพร,Chumphon,0,2,23:55,23:55,00:05,00:07,,
2024-09-24,สุราษฎร์ธานี,Surat Thani,13,13,02:20,02:33,02:23,02:36,,
2024-09-24,ชุมทางทุ่งสง,Thung Song Junction,4,2,04:08,04:12,04:18,04:20,,
2024-09-24,พัทลุง,Phatthalung,0,0,05:51,05:51,05:53,05:53,,
2024-09-24,ชุมทางหาดใหญ่,Hat Yai Junction,0,0,07:05,07:05,07:05,07:05,,
2024-09-25,กรุงเทพอภิวัฒน์,Bangkok (Krung Thep Aphiwat),-21,0,16:30,16:09,16:50,16:50,"เนื่องจากผ่านพื้นที่ก่อสร้าง, รอหลีกขบวนรถ","due to Passing construction site, Wait for track cleared"
2024-09-25,บางบำหรุ,Bang Bamru,0,0,17:01,17:01,17:02,17:02,"เนื่องจากผ่านพื้นที่ก่อสร้าง, รอหลีกขบวนรถ","due to Passing construction site, Wait for track cleared"
2024-09-25,ศาลายา,Sala Ya,0,0,17:22,17:22,17:23,17:23,"เนื่องจากผ่านพื้นที่ก่อสร้าง, รอหลีกขบวนรถ","due to Passing construction site, Wait for track cleared"
2024-09-25,นครปฐม,Nakhon Pathom,0,0,17:48,17:48,17:50,17:50,"เนื่องจากผ่านพื้นที่ก่อสร้าง, รอหลีกขบวนรถ","due to Passing construction site, Wait for track cleared"
2024-09-25,บ้านโป่ง,Ban Pong,0,0,18:08,18:08,18:09,18:09,"เนื่องจากผ่านพื้นที่ก่อสร้าง, รอหลีกขบวนรถ","due to Passing construction site, Wait for track cleared"
2024-09-25,ราชบุรี,Ratchaburi,0,0,18:37,18:37,18:47,18:47,"เนื่องจากผ่านพื้นที่ก่อสร้าง, รอหลีกขบวนรถ","due to Passing construction site, Wait for track cleared"
2024-09-25,เพชรบุรี,Phetchaburi,-8,0,19:30,19:22,19:31,19:31,"เนื่องจากผ่านพื้นที่ก่อสร้าง, รอหลีกขบวนรถ","due to Passing construction site, Wait for track cleared"
2024-09-25,หัวหิน,Hua Hin,-5,0,20:20,20:15,20:25,20:25,"เนื่องจากผ่านพื้นที่ก่อสร้าง, รอหลีกขบวนรถ","due to Passing construction site, Wait for track cleared"
2024-09-25,ประจวบคีรีขันธ์,Prachuap Khiri Khan,-11,0,21:40,21:29,21:41,21:41,"เนื่องจากผ่านพื้นที่ก่อสร้าง, รอหลีกขบวนรถ","due to Passing construction site, Wait for track cleared"
2024-09-25,ชุมพร,Chumphon,-9,14,23:55,23:46,00:05,00:19,"เนื่องจากผ่านพื้นที่ก่อสร้าง, รอหลีกขบวนรถ","due to Passing construction site, Wait for track cleared"
2024-09-25,สุราษฎร์ธานี,Surat Thani,45,45,02:20,03:05,02:23,03:08,"เนื่องจากผ่านพื้นที่ก่อสร้าง, รอหลีกขบวนรถ","due to Passing construction site, Wait for track cleared"
2024-09-25,ชุมทางทุ่งสง,Thung Song Junction,44,40,04:08,04:52,04:18,04:58,"เนื่องจากผ่านพื้นที่ก่อสร้าง, รอหลีกขบวนรถ","due to Passing construction site, Wait for track cleared"
2024-09-25,พัทลุง,Phatthalung,34,37,05:51,06:25,05:53,06:30,"เนื่องจากผ่านพื้นที่ก่อสร้าง, รอหลีกขบวนรถ","due to Passing construction site, Wait for track cleared"
2024-09-25,ชุมทางหาดใหญ่,Hat Yai Junction,40,40,07:05,07:45,07:05,07:45,"เนื่องจากผ่านพื้นที่ก่อสร้าง, รอหลีกขบวนรถ","due to Passing construction site, Wait for track cleared"
2024-09-26,กรุงเทพอภิวัฒน์,Bangkok (Krung Thep Aphiwat),-10,0,16:30,16:20,16:50,16:50,"เนื่องจากผ่านพื้นที่ก่อสร้าง, รอหลีกขบวนรถ","due to Passing construction site, Wait for track cleared"
2024-09-26,บางบำหรุ,Bang Bamru,0,0,17:01,17:01,17:02,17:02,"เนื่องจากผ่านพื้นที่ก่อสร้าง, รอหลีกขบวนรถ","due to Passing construction site, Wait for track cleared"
2024-09-26,ศาลายา,Sala Ya,0,0,17:22,17:22,17:23,17:23,"เนื่องจากผ่านพื้นที่ก่อสร้าง, รอหลีกขบวนรถ","due to Passing construction site, Wait for track cleared"
2024-09-26,นครปฐม,Nakhon Pathom,2,2,17:48,17:50,17:50,17:52,"เนื่องจากผ่านพื้นที่ก่อสร้าง, รอหลีกขบวนรถ","due to Passing construction site, Wait for track cleared"
2024-09-26,บ้านโป่ง,Ban Pong,3,3,18:08,18:11,18:09,18:12,"เนื่องจากผ่านพื้นที่ก่อสร้าง, รอหลีกขบวนรถ","due to Passing construction site, Wait for track cleared"
2024-09-26,ราชบุรี,Ratchaburi,0,0,18:37,18:37,18:47,18:47,"เนื่องจากผ่านพื้นที่ก่อสร้าง, รอหลีกขบวนรถ","due to Passing construction site, Wait for track cleared"
2024-09-26,เพชรบุรี,Phetchaburi,-5,0,19:30,19:25,19:31,19:31,"เนื่องจากผ่านพื้นที่ก่อสร้าง, รอหลีกขบวนรถ","due to Passing construction site, Wait for track cleared"
2024-09-26,หัวหิน,Hua Hin,0,0,20:20,20:20,20:25,20:25,"เนื่องจากผ่านพื้นที่ก่อสร้าง, รอหลีกขบวนรถ","due to Passing construction site, Wait for track cleared"
2024-09-26,ประจวบคีรีขันธ์,Prachuap Khiri Khan,-11,0,21:40,21:29,21:41,21:41,"เนื่องจากผ่านพื้นที่ก่อสร้าง, รอหลีกขบวนรถ","due to Passing construction site, Wait for track cleared"
2024-09-26,ชุมพร,Chumphon,8,8,23:55,00:03,00:05,00:13,"เนื่องจากผ่านพื้นที่ก่อสร้าง, รอหลีกขบวนรถ","due to Passing construction site, Wait for track cleared"
2024-09-26,สุราษฎร์ธานี,Surat Thani,38,38,02:20,02:58,02:23,03:01,"เนื่องจากผ่านพื้นที่ก่อสร้าง, รอหลีกขบวนรถ","due to Passing construction site, Wait for track cleared"
2024-09-26,ชุมทางทุ่งสง,Thung Song Junction,45,43,04:08,04:53,04:18,05:01,"เนื่องจากผ่านพื้นที่ก่อสร้าง, รอหลีกขบวนรถ","due to Passing construction site, Wait for track cleared"
2024-09-26,พัทลุง,Phatthalung,35,35,05:51,06:26,05:53,06:28,"เนื่องจากผ่านพื้นที่ก่อสร้าง, รอหลีกขบวนรถ","due to Passing construction site, Wait for track cleared"
2024-09-26,ชุมทางหาดใหญ่,Hat Yai Junction,32,32,07:05,07:37,07:05,07:37,"เนื่องจากผ่านพื้นที่ก่อสร้าง, รอหลีกขบวนรถ","due to Passing construction site, Wait for track cleared"
2024-09-27,กรุงเทพอภิวัฒน์,Bangkok (Krung Thep Aphiwat),-12,0,16:30,16:18,16:50,16:50,,
2024-09-27,บางบำหรุ,Bang Bamru,0,0,17:01,17:01,17:02,17:02,,
2024-09-27,ศาลายา,Sala Ya,0,0,17:22,17:22,17:23,17:23,,
2024-09-27,นครปฐม,Nakhon Pathom,0,0,17:48,17:48,17:50,17:50,,
2024-09-27,บ้านโป่ง,Ban Pong,0,0,18:08,18:08,18:09,18:09,,
2024-09-27,ราชบุรี,Ratchaburi,0,0,18:37,18:37,18:47,18:47,,
2024-09-27,เพชรบุรี,Phetchaburi,-5,0,19:30,19:25,19:31,19:31,,
2024-09-27,หัวหิน,Hua Hin,0,0,20:20,20:20,20:25,20:25,,
2024-09-27,ประจวบคีรีขันธ์,Prachuap Khiri Khan,-14,0,21:40,21:26,21:41,21:41,,
2024-09-27,ชุมพร,Chumphon,-2,0,23:55,23:53,00:05,00:05,,
2024-09-27,สุราษฎร์ธานี,Surat Thani,24,24,02:20,02:44,02:23,02:47,,
2024-09-27,ชุมทางทุ่งสง,Thung Song Junction,25,25,04:08,04:33,04:18,04:43,,
2024-09-27,พัทลุง,Phatthalung,14,14,05:51,06:05,05:53,06:07,,
2024-09-27,ชุมทางหาดใหญ่,Hat Yai Junction,6,6,07:05,07:11,07:05,07:11,,
2024-09-28,กรุงเทพอภิวัฒน์,Bangkok (Krung Thep Aphiwat),-10,0,16:30,16:20,16:50,16:50,,
2024-09-28,บางบำหรุ,Bang Bamru,0,0,17:01,17:01,17:02,17:02,,
2024-09-28,ศาลายา,Sala Ya,0,0,17:22,17:22,17:23,17:23,,
2024-09-28,นครปฐม,Nakhon Pathom,0,0,17:48,17:48,17:50,17:50,,
2024-09-28,บ้านโป่ง,Ban Pong,0,0,18:08,18:08,18:09,18:09,,
2024-09-28,ราชบุรี,Ratchaburi,0,0,18:37,18:37,18:47,18:47,,
2024-09-28,เพชรบุรี,Phetchaburi,-6,0,19:30,19:24,19:31,19:31,,
2024-09-28,หัวหิน,Hua Hin,0,0,20:20,20:20,20:25,20:25,,
2024-09-28,ประจวบคีรีขันธ์,Prachuap Khiri Khan,-9,0,21:40,21:31,21:41,21:41,,
2024-09-28,ชุมพร,Chumphon,2,7,23:55,23:57,00:05,00:12,,
2024-09-28,สุราษฎร์ธานี,Surat Thani,2,1,02:20,02:22,02:23,02:24,,
2024-09-28,ชุมทางทุ่งสง,Thung Song Junction,0,0,04:08,04:08,04:18,04:18,,
2024-09-28,พัทลุง,Phatthalung,-12,0,05:51,05:39,05:53,05:53,,
2024-09-28,ชุมทางหาดใหญ่,Hat Yai Junction,0,0,07:05,07:05,07:05,07:05,,
2024-09-29,กรุงเทพอภิวัฒน์,Bangkok (Krung Thep Aphiwat),-8,0,16:30,16:22,16:50,16:50,"เนื่องจากผ่านพื้นที่ก่อสร้าง, รอหลีกขบวนรถ","due to Passing construction site, Wait for track cleared"
2024-09-29,บางบำหรุ,Bang Bamru,0,0,17:01,17:01,17:02,17:02,"เนื่องจากผ่านพื้นที่ก่อสร้าง, รอหลีกขบวนรถ","due to Passing construction site, Wait for track cleared"
2024-09-29,ศาลายา,Sala Ya,0,0,17:22,17:22,17:23,17:23,"เนื่องจากผ่านพื้นที่ก่อสร้าง, รอหลีกขบวนรถ","due to Passing construction site, Wait for track cleared"
2024-09-29,นครปฐม,Nakhon Pathom,-3,0,17:48,17:45,17:50,17:50,"เนื่องจากผ่านพื้นที่ก่อสร้าง, รอหลีกขบวนรถ","due to Passing construction site, Wait for track cleared"
2024-09-29,บ้านโป่ง,Ban Pong,-2,0,18:08,18:06,18:09,18:09,"เนื่องจากผ่านพื้นที่ก่อสร้าง, รอหลีกขบวนรถ","due to Passing construction site, Wait for track cleared"
2024-09-29,ราชบุรี,Ratchaburi,0,0,18:37,18:37,18:47,18:47,"เนื่องจากผ่านพื้นที่ก่อสร้าง, รอหลีกขบวนรถ","due to Passing construction site, Wait for track cleared"
2024-09-29,เพชรบุรี,Phetchaburi,-5,0,19:30,19:25,19:31,19:31,"เนื่องจากผ่านพื้นที่ก่อสร้าง, รอหลีกขบวนรถ","due to Passing construction site, Wait for track cleared"
2024-09-29,หัวหิน,Hua Hin,0,0,20:20,20:20,20:25,20:25,"เนื่องจากผ่านพื้นที่ก่อสร้าง, รอหลีกขบวนรถ","due to Passing construction site, Wait for track cleared"
2024-09-29,ประจวบคีรีขันธ์,Prachuap Khiri Khan,-12,0,21:40,21:28,21:41,21:41,"เนื่องจากผ่านพื้นที่ก่อสร้าง, รอหลีกขบวนรถ","due to Passing construction site, Wait for track cleared"
2024-09-29,ชุมพร,Chumphon,-4,6,23:55,23:51,00:05,00:11,"เนื่องจากผ่านพื้นที่ก่อสร้าง, รอหลีกขบวนรถ","due to Passing construction site, Wait for track cleared"
2024-09-29,สุราษฎร์ธานี,Surat Thani,43,43,02:20,03:03,02:23,03:06,"เนื่องจากผ่านพื้นที่ก่อสร้าง, รอหลีกขบวนรถ","due to Passing construction site, Wait for track cleared"
2024-09-29,ชุมทางทุ่งสง,Thung Song Junction,54,50,04:08,05:02,04:18,05:08,"เนื่องจากผ่านพื้นที่ก่อสร้าง, รอหลีกขบวนรถ","due to Passing construction site, Wait for track cleared"
2024-09-29,พัทลุง,Phatthalung,42,42,05:51,06:33,05:53,06:35,"เนื่องจากผ่านพื้นที่ก่อสร้าง, รอหลีกขบวนรถ","due to Passing construction site, Wait for track cleared"
2024-09-29,ชุมทางหาดใหญ่,Hat Yai Junction,43,43,07:05,07:48,07:05,07:48,"เนื่องจากผ่านพื้นที่ก่อสร้าง, รอหลีกขบวนรถ","due to Passing construction site, Wait for track cleared"
2024-09-30,กรุงเทพอภิวัฒน์,Bangkok (Krung Thep Aphiwat),-11,0,16:30,16:19,16:50,16:50,,
2024-09-30,บางบำหรุ,Bang Bamru,0,0,17:01,17:01,17:02,17:02,,
2024-09-30,ศาลายา,Sala Ya,0,0,17:22,17:22,17:23,17:23,,
2024-09-30,นครปฐม,Nakhon Pathom,0,0,17:48,17:48,17:50,17:50,,
2024-09-30,บ้านโป่ง,Ban Pong,3,3,18:08,18:11,18:09,18:12,,
2024-09-30,ราชบุรี,Ratchaburi,0,0,18:37,18:37,18:47,18:47,,
2024-09-30,เพชรบุรี,Phetchaburi,-4,0,19:30,19:26,19:31,19:31,,
2024-09-30,หัวหิน,Hua Hin,0,0,20:20,20:20,20:25,20:25,,
2024-09-30,ประจวบคีรีขันธ์,Prachuap Khiri Khan,-5,0,21:40,21:35,21:41,21:41,,
2024-09-30,ชุมพร,Chumphon,5,13,23:55,00:00,00:05,00:18,,
2024-09-30,สุราษฎร์ธานี,Surat Thani,27,27,02:20,02:47,02:23,02:50,,
2024-09-30,ชุมทางทุ่งสง,Thung Song Junction,28,24,04:08,04:36,04:18,04:42,,
2024-09-30,พัทลุง,Phatthalung,12,12,05:51,06:03,05:53,06:05,,
2024-09-30,ชุมทางหาดใหญ่,Hat Yai Junction,8,8,07:05,07:13,07:05,07:13,,
2024-10-01,กรุงเทพอภิวัฒน์,Bangkok (Krung Thep Aphiwat),-11,0,16:30,16:19,16:50,16:50,,
2024-10-01,บางบำหรุ,Bang Bamru,0,0,17:01,17:01,17:02,17:02,,
2024-10-01,ศาลายา,Sala Ya,0,0,17:22,17:22,17:23,17:23,,
2024-10-01,นครปฐม,Nakhon Pathom,1,1,17:48,17:49,17:50,17:51,,
2024-10-01,บ้านโป่ง,Ban Pong,2,2,18:08,18:10,18:09,18:11,,
2024-10-01,ราชบุรี,Ratchaburi,2,0,18:37,18:39,18:47,18:47,,
2024-10-01,เพชรบุรี,Phetchaburi,-5,0,19:30,19:25,19:31,19:31,,
2024-10-01,หัวหิน,Hua Hin,0,0,20:20,20:20,20:25,20:25,,
2024-10-01,ประจวบคีรีขันธ์,Prachuap Khiri Khan,-14,0,21:40,21:26,21:41,21:41,,
2024-10-01,ชุมพร,Chumphon,-10,0,23:55,23:45,00:05,00:05,,
2024-10-01,สุราษฎร์ธานี,Surat Thani,25,25,02:20,02:45,02:23,02:48,,
2024-10-01,ชุมทางทุ่งสง,Thung Song Junction,22,22,04:08,04:30,04:18,04:40,,
2024-10-01,พัทลุง,Phatthalung,9,9,05:51,06:00,05:53,06:02,,
2024-10-01,ชุมทางหาดใหญ่,Hat Yai Junction,13,13,07:05,07:18,07:05,07:18,,
2024-10-02,กรุงเทพอภิวัฒน์,Bangkok (Krung Thep Aphiwat),-12,0,16:30,16:18,16:50,16:50,,
2024-10-02,บางบำหรุ,Bang Bamru,0,0,17:01,17:01,17:02,17:02,,
2024-10-02,ศาลายา,Sala Ya,0,0,17:22,17:22,17:23,17:23,,
2024-10-02,นครปฐม,Nakhon Pathom,0,0,17:48,17:48,17:50,17:50,,
2024-10-02,บ้านโป่ง,Ban Pong,1,1,18:08,18:09,18:09,18:10,,
2024-10-02,ราชบุรี,Ratchaburi,0,0,18:37,18:37,18:47,18:47,,
2024-10-02,เพชรบุรี,Phetchaburi,-7,0,19:30,19:23,19:31,19:31,,
2024-10-02,หัวหิน,Hua Hin,0,0,20:20,20:20,20:25,20:25,,
2024-10-02,ประจวบคีรีขันธ์,Prachuap Khiri Khan,-9,0,21:40,21:31,21:41,21:41,,
2024-10-02,ชุมพร,Chumphon,4,6,23:55,23:59,00:05,00:11,,
2024-10-02,สุราษฎร์ธานี,Surat Thani,19,19,02:20,02:39,02:23,02:42,,
2024-10-02,ชุมทางทุ่งสง,Thung Song Junction,14,10,04:08,04:22,04:18,04:28,,
2024-10-02,พัทลุง,Phatthalung,10,12,05:51,06:01,05:53,06:05,,
2024-10-02,ชุมทางหาดใหญ่,Hat Yai Junction,16,16,07:05,07:21,07:05,07:21,,
2024-10-03,กรุงเทพอภิวัฒน์,Bangkok (Krung Thep Aphiwat),-9,0,16:30,16:21,16:50,16:50,,
2024-10-03,บางบำหรุ,Bang Bamru,0,3,17:01,17:01,17:02,17:05,,
2024-10-03,ศาลายา,Sala Ya,1,1,17:22,17:23,17:23,17:24,,
2024-10-03,นครปฐม,Nakhon Pathom,0,0,17:48,17:48,17:50,17:50,,
2024-10-03,บ้านโป่ง,Ban Pong,1,1,18:08,18:09,18:09,18:10,,
2024-10-03,ราชบุรี,Ratchaburi,0,0,18:37,18:37,18:47,18:47,,
2024-10-03,เพชรบุรี,Phetchaburi,-5,0,19:30,19:25,19:31,19:31,,
2024-10-03,หัวหิน,Hua Hin,0,0,20:20,20:20,20:25,20:25,,
2024-10-03,ประจวบคีรีขันธ์,Prachuap Khiri Khan,-9,0,21:40,21:31,21:41,21:41,,
2024-10-03,ชุมพร,Chumphon,-12,0,23:55,23:43,00:05,00:05,,
2024-10-03,สุราษฎร์ธานี,Surat Thani,13,13,02:20,02:33,02:23,02:36,,
2024-10-03,ชุมทางทุ่งสง,Thung Song Junction,9,6,04:08,04:17,04:18,04:24,,
2024-10-03,พัทลุง,Phatthalung,0,0,05:51,05:51,05:53,05:53,,
2024-10-03,ชุมทางหาดใหญ่,Hat Yai Junction,10,10,07:05,07:15,07:05,07:15,,
2024-10-04,กรุงเทพอภิวัฒน์,Bangkok (Krung Thep Aphiwat),-21,0,16:30,16:09,16:50,16:50,,
2024-10-04,บางบำหรุ,Bang Bamru,0,0,17:01,17:01,17:02,17:02,,
2024-10-04,ศาลายา,Sala Ya,0,0,17:22,17:22,17:23,17:23,,
2024-10-04,นครปฐม,Nakhon Pathom,3,3,17:48,17:51,17:50,17:53,,
2024-10-04,บ้านโป่ง,Ban Pong,3,3,18:08,18:11,18:09,18:12,,
2024-10-04,ราชบุรี,Ratchaburi,3,0,18:37,18:40,18:47,18:47,,
2024-10-04,เพชรบุรี,Phetchaburi,-6,0,19:30,19:24,19:31,19:31,,
2024-10-04,หัวหิน,Hua Hin,0,0,20:20,20:20,20:25,20:25,,
2024-10-04,ประจวบคีรีขันธ์,Prachuap Khiri Khan,-6,0,21:40,21:34,21:41,21:41,,
2024-10-04,ชุมพร,Chumphon,6,26,23:55,00:01,00:05,00:31,,
2024-10-04,สุราษฎร์ธานี,Surat Thani,31,31,02:20,02:51,02:23,02:54,,
2024-10-04,ชุมทางทุ่งสง,Thung Song Junction,27,24,04:08,04:35,04:18,04:42,,
2024-10-04,พัทลุง,Phatthalung,9,9,05:51,06:00,05:53,06:02,,
2024-10-04,ชุมทางหาดใหญ่,Hat Yai Junction,10,10,07:05,07:15,07:05,07:15,,
2024-10-05,กรุงเทพอภิวัฒน์,Bangkok (Krung Thep Aphiwat),-10,0,16:30,16:20,16:50,16:50,,
2024-10-05,บางบำหรุ,Bang Bamru,0,0,17:01,17:01,17:02,17:02,,
2024-10-05,ศาลายา,Sala Ya,0,0,17:22,17:22,17:23,17:23,,
2024-10-05,นครปฐม,Nakhon Pathom,4,4,17:48,17:52,17:50,17:54,,
2024-10-05,บ้านโป่ง,Ban Pong,5,5,18:08,18:13,18:09,18:14,,
2024-10-05,ราชบุรี,Ratchaburi,4,0,18:37,18:41,18:47,18:47,,
2024-10-05,เพชรบุรี,Phetchaburi,-5,0,19:30,19:25,19:31,19:31,,
2024-10-05,หัวหิน,Hua Hin,2,0,20:20,20:22,20:25,20:25,,
2024-10-05,ประจวบคีรีขันธ์,Prachuap Khiri Khan,-10,0,21:40,21:30,21:41,21:41,,
2024-10-05,ชุมพร,Chumphon,3,4,23:55,23:58,00:05,00:09,,
2024-10-05,สุราษฎร์ธานี,Surat Thani,13,13,02:20,02:33,02:23,02:36,,
2024-10-05,ชุมทางทุ่งสง,Thung Song Junction,0,0,04:08,04:08,04:18,04:18,,
2024-10-05,พัทลุง,Phatthalung,-12,0,05:51,05:39,05:53,05:53,,
2024-10-05,ชุมทางหาดใหญ่,Hat Yai Junction,0,0,07:05,07:05,07:05,07:05,,
2024-10-06,กรุงเทพอภิวัฒน์,Bangkok (Krung Thep Aphiwat),-8,0,16:30,16:22,16:50,16:50,,
2024-10-06,บางบำหรุ,Bang Bamru,0,0,17:01,17:01,17:02,17:02,,
2024-10-06,ศาลายา,Sala Ya,0,0,17:22,17:22,17:23,17:23,,
2024-10-06,นครปฐม,Nakhon Pathom,10,10,17:48,17:58,17:50,18:00,,
2024-10-06,บ้านโป่ง,Ban Pong,10,10,18:08,18:18,18:09,18:19,,
2024-10-06,ราชบุรี,Ratchaburi,9,2,18:37,18:46,18:47,18:49,,
2024-10-06,เพชรบุรี,Phetchaburi,-3,0,19:30,19:27,19:31,19:31,,
2024-10-06,หัวหิน,Hua Hin,0,0,20:20,20:20,20:25,20:25,,
2024-10-06,ประจวบคีรีขันธ์,Prachuap Khiri Khan,-8,0,21:40,21:32,21:41,21:41,,
2024-10-06,ชุมพร,Chumphon,-6,9,23:55,23:49,00:05,00:14,,
2024-10-06,สุราษฎร์ธานี,Surat Thani,12,14,02:20,02:32,02:23,02:37,,
2024-10-06,ชุมทางทุ่งสง,Thung Song Junction,10,6,04:08,04:18,04:18,04:24,,
2024-10-06,พัทลุง,Phatthalung,-8,0,05:51,05:43,05:53,05:53,,
2024-10-06,ชุมทางหาดใหญ่,Hat Yai Junction,0,0,07:05,07:05,07:05,07:05,,
2024-10-07,กรุงเทพอภิวัฒน์,Bangkok (Krung Thep Aphiwat),9,0,16:30,16:39,16:50,16:50,,
2024-10-07,บางบำหรุ,Bang Bamru,2,2,17:01,17:03,17:02,17:04,,
2024-10-07,ศาลายา,Sala Ya,0,0,17:22,17:22,17:23,17:23,,
2024-10-07,นครปฐม,Nakhon Pathom,0,0,17:48,17:48,17:50,17:50,,
2024-10-07,บ้านโป่ง,Ban Pong,1,1,18:08,18:09,18:09,18:10,,
2024-10-07,ราชบุรี,Ratchaburi,0,0,18:37,18:37,18:47,18:47,,
2024-10-07,เพชรบุรี,Phetchaburi,-4,0,19:30,19:26,19:31,19:31,,
2024-10-07,หัวหิน,Hua Hin,0,0,20:20,20:20,20:25,20:25,,
2024-10-07,ประจวบคีรีขันธ์,Prachuap Khiri Khan,-6,0,21:40,21:34,21:41,21:41,,
2024-10-07,ชุมพร,Chumphon,1,0,23:55,23:56,00:05,00:05,,
2024-10-07,สุราษฎร์ธานี,Surat Thani,13,13,02:20,02:33,02:23,02:36,,
2024-10-07,ชุมทางทุ่งสง,Thung Song Junction,12,10,04:08,04:20,04:18,04:28,,
2024-10-07,พัทลุง,Phatthalung,0,0,05:51,05:51,05:53,05:53,,
2024-10-07,ชุมทางหาดใหญ่,Hat Yai Junction,5,5,07:05,07:10,07:05,07:10,,
2024-10-08,กรุงเทพอภิวัฒน์,Bangkok (Krung Thep Aphiwat),-21,0,16:30,16:09,16:50,16:50,,
2024-10-08,บางบำหรุ,Bang Bamru,0,0,17:01,17:01,17:02,17:02,,
2024-10-08,ศาลายา,Sala Ya,0,0,17:22,17:22,17:23,17:23,,
2024-10-08,นครปฐม,Nakhon Pathom,0,0,17:48,17:48,17:50,17:50,,
2024-10-08,บ้านโป่ง,Ban Pong,1,1,18:08,18:09,18:09,18:10,,
2024-10-08,ราชบุรี,Ratchaburi,0,0,18:37,18:37,18:47,18:47,,
2024-10-08,เพชรบุรี,Phetchaburi,-8,0,19:30,19:22,19:31,19:31,,
2024-10-08,หัวหิน,Hua Hin,-4,0,20:20,20:16,20:25,20:25,,
2024-10-08,ประจวบคีรีขันธ์,Prachuap Khiri Khan,-13,0,21:40,21:27,21:41,21:41,,
2024-10-08,ชุมพร,Chumphon,-7,0,23:55,23:48,00:05,00:05,,
2024-10-08,สุราษฎร์ธานี,Surat Thani,18,18,02:20,02:38,02:23,02:41,,
2024-10-08,ชุมทางทุ่งสง,Thung Song Junction,20,17,04:08,04:28,04:18,04:35,,
2024-10-08,พัทลุง,Phatthalung,12,12,05:51,06:03,05:53,06:05,,
2024-10-08,ชุมทางหาดใหญ่,Hat Yai Junction,20,20,07:05,07:25,07:05,07:25,,
2024-10-09,กรุงเทพอภิวัฒน์,Bangkok (Krung Thep Aphiwat),-11,0,16:30,16:19,16:50,16:50,,
2024-10-09,บางบำหรุ,Bang Bamru,0,0,17:01,17:01,17:02,17:02,,
2024-10-09,ศาลายา,Sala Ya,0,0,17:22,17:22,17:23,17:23,,
2024-10-09,นครปฐม,Nakhon Pathom,0,0,17:48,17:48,17:50,17:50,,
2024-10-09,บ้านโป่ง,Ban Pong,0,0,18:08,18:08,18:09,18:09,,
2024-10-09,ราชบุรี,Ratchaburi,0,0,18:37,18:37,18:47,18:47,,
2024-10-09,เพชรบุรี,Phetchaburi,-5,0,19:30,19:25,19:31,19:31,,
2024-10-09,หัวหิน,Hua Hin,0,0,20:20,20:20,20:25,20:25,,
2024-10-09,ประจวบคีรีขันธ์,Prachuap Khiri Khan,0,0,21:40,,21:41,,,
2024-10-09,ชุมพร,Chumphon,-2,0,23:55,23:53,00:05,00:05,,
2024-10-09,สุราษฎร์ธานี,Surat Thani,11,11,02:20,02:31,02:23,02:34,,
2024-10-09,ชุมทางทุ่งสง,Thung Song Junction,10,7,04:08,04:18,04:18,04:25,,
2024-10-09,พัทลุง,Phatthalung,0,0,05:51,05:51,05:53,05:53,,
2024-10-09,ชุมทางหาดใหญ่,Hat Yai Junction,5,5,07:05,07:10,07:05,07:10,,
2024-10-10,กรุงเทพอภิวัฒน์,Bangkok (Krung Thep Aphiwat),-11,0,16:30,16:19,16:50,16:50,"เนื่องจากจุดสับรางขัดข้อง, ผ่านพื้นที่ก่อสร้าง, รถจักรขัดข้อง","due to Switch malfunction, Passing construction site, Locomotive issue"
2024-10-10,บางบำหรุ,Bang Bamru,0,0,17:01,17:01,17:02,17:02,"เนื่องจากจุดสับรางขัดข้อง, ผ่านพื้นที่ก่อสร้าง, รถจักรขัดข้อง","due to Switch malfunction, Passing construction site, Locomotive issue"
2024-10-10,ศาลายา,Sala Ya,1,1,17:22,17:23,17:23,17:24,"เนื่องจากจุดสับรางขัดข้อง, ผ่านพื้นที่ก่อสร้าง, รถจักรขัดข้อง","due to Switch malfunction, Passing construction site, Locomotive issue"
2024-10-10,นครปฐม,Nakhon Pathom,3,3,17:48,17:51,17:50,17:53,"เนื่องจากจุดสับรางขัดข้อง, ผ่านพื้นที่ก่อสร้าง, รถจักรขัดข้อง","due to Switch malfunction, Passing construction site, Locomotive issue"
2024-10-10,บ้านโป่ง,Ban Pong,1,1,18:08,18:09,18:09,18:10,"เนื่องจากจุดสับรางขัดข้อง, ผ่านพื้นที่ก่อสร้าง, รถจักรขัดข้อง","due to Switch malfunction, Passing construction site, Locomotive issue"
2024-10-10,ราชบุรี,Ratchaburi,2,0,18:37,18:39,18:47,18:47,"เนื่องจากจุดสับรางขัดข้อง, ผ่านพื้นที่ก่อสร้าง, รถจักรขัดข้อง","due to Switch malfunction, Passing construction site, Locomotive issue"
2024-10-10,เพชรบุรี,Phetchaburi,-5,0,19:30,19:25,19:31,19:31,"เนื่องจากจุดสับรางขัดข้อง, ผ่านพื้นที่ก่อสร้าง, รถจักรขัดข้อง","due to Switch malfunction, Passing construction site, Locomotive issue"
2024-10-10,หัวหิน,Hua Hin,16,15,20:20,20:36,20:25,20:40,"เนื่องจากจุดสับรางขัดข้อง, ผ่านพื้นที่ก่อสร้าง, รถจักรขัดข้อง","due to Switch malfunction, Passing construction site, Locomotive issue"
2024-10-10,ประจวบคีรีขันธ์,Prachuap Khiri Khan,9,20,21:40,21:49,21:41,22:01,"เนื่องจากจุดสับรางขัดข้อง, ผ่านพื้นที่ก่อสร้าง, รถจักรขัดข้อง","due to Switch malfunction, Passing construction site, Locomotive issue"
2024-10-10,ชุมพร,Chumphon,39,39,23:55,00:34,00:05,00:44,"เนื่องจากจุดสับรางขัดข้อง, ผ่านพื้นที่ก่อสร้าง, รถจักรขัดข้อง","due to Switch malfunction, Passing construction site, Locomotive issue"
2024-10-10,สุราษฎร์ธานี,Surat Thani,105,137,02:20,04:05,02:23,04:40,"เนื่องจากจุดสับรางขัดข้อง, ผ่านพื้นที่ก่อสร้าง, รถจักรขัดข้อง","due to Switch malfunction, Passing construction site, Locomotive issue"
2024-10-10,ชุมทางทุ่งสง,Thung Song Junction,130,130,04:08,06:18,04:18,06:28,"เนื่องจากจุดสับรางขัดข้อง, ผ่านพื้นที่ก่อสร้าง, รถจักรขัดข้อง","due to Switch malfunction, Passing construction site, Locomotive issue"
2024-10-10,พัทลุง,Phatthalung,119,119,05:51,07:50,05:53,07:52,"เนื่องจากจุดสับรางขัดข้อง, ผ่านพื้นที่ก่อสร้าง, รถจักรขัดข้อง","due to Switch malfunction, Passing construction site, Locomotive issue"
2024-10-10,ชุมทางหาดใหญ่,Hat Yai Junction,127,127,07:05,09:12,07:05,09:12,"เนื่องจากจุดสับรางขัดข้อง, ผ่านพื้นที่ก่อสร้าง, รถจักรขัดข้อง","due to Switch malfunction, Passing construction site, Locomotive issue"
2024-10-11,กรุงเทพอภิวัฒน์,Bangkok (Krung Thep Aphiwat),-12,0,16:30,16:18,16:50,16:50,,
2024-10-11,บางบำหรุ,Bang Bamru,0,0,17:01,17:01,17:02,17:02,,
2024-10-11,ศาลายา,Sala Ya,0,0,17:22,17:22,17:23,17:23,,
2024-10-11,นครปฐม,Nakhon Pathom,0,0,17:48,17:48,17:50,17:50,,
2024-10-11,บ้านโป่ง,Ban Pong,0,0,18:08,18:08,18:09,18:09,,
2024-10-11,ราชบุรี,Ratchaburi,0,0,18:37,18:37,18:47,18:47,,
2024-10-11,เพชรบุรี,Phetchaburi,-6,0,19:30,19:24,19:31,19:31,,
2024-10-11,หัวหิน,Hua Hin,2,0,20:20,20:22,20:25,20:25,,
2024-10-11,ประจวบคีรีขันธ์,Prachuap Khiri Khan,-9,0,21:40,21:31,21:41,21:41,,
2024-10-11,ชุมพร,Chumphon,-6,5,23:55,23:49,00:05,00:10,,
2024-10-11,สุราษฎร์ธานี,Surat Thani,15,15,02:20,02:35,02:23,02:38,,
2024-10-11,ชุมทางทุ่งสง,Thung Song Junction,11,8,04:08,04:19,04:18,04:26,,
2024-10-11,พัทลุง,Phatthalung,1,4,05:51,05:52,05:53,05:57,,
2024-10-11,ชุมทางหาดใหญ่,Hat Yai Junction,5,5,07:05,07:10,07:05,07:10,,
2024-10-12,กรุงเทพอภิวัฒน์,Bangkok (Krung Thep Aphiwat),-13,0,16:30,16:17,16:50,16:50,,
2024-10-12,บางบำหรุ,Bang Bamru,0,0,17:01,17:01,17:02,17:02,,
2024-10-12,ศาลายา,Sala Ya,-3,0,17:22,17:19,17:23,17:23,,
2024-10-12,นครปฐม,Nakhon Pathom,0,0,17:48,17:48,17:50,17:50,,
2024-10-12,บ้านโป่ง,Ban Pong,0,0,18:08,18:08,18:09,18:09,,
2024-10-12,ราชบุรี,Ratchaburi,-3,0,18:37,18:34,18:47,18:47,,
2024-10-12,เพชรบุรี,Phetchaburi,15,16,19:30,19:45,19:31,19:47,,
2024-10-12,หัวหิน,Hua Hin,14,13,20:20,20:34,20:25,20:38,,
2024-10-12,ประจวบคีรีขันธ์,Prachuap Khiri Khan,7,7,21:40,21:47,21:41,21:48,,
2024-10-12,ชุมพร,Chumphon,7,6,23:55,00:02,00:05,00:11,,
2024-10-12,สุราษฎร์ธานี,Surat Thani,28,28,02:20,02:48,02:23,02:51,,
2024-10-12,ชุมทางทุ่งสง,Thung Song Junction,30,30,04:08,04:38,04:18,04:48,,
2024-10-12,พัทลุง,Phatthalung,19,19,05:51,06:10,05:53,06:12,,
2024-10-12,ชุมทางหาดใหญ่,Hat Yai Junction,20,20,07:05,07:25,07:05,07:25,,
2024-10-13,กรุงเทพอภิวัฒน์,Bangkok (Krung Thep Aphiwat),-12,0,16:30,16:18,16:50,16:50,,
2024-10-13,บางบำหรุ,Bang Bamru,0,0,17:01,17:01,17:02,17:02,,
2024-10-13,ศาลายา,Sala Ya,0,0,17:22,17:22,17:23,17:23,,
2024-10-13,นครปฐม,Nakhon Pathom,0,0,17:48,17:48,17:50,17:50,,
2024-10-13,บ้านโป่ง,Ban Pong,2,2,18:08,18:10,18:09,18:11,,
2024-10-13,ราชบุรี,Ratchaburi,0,0,18:37,18:37,18:47,18:47,,
2024-10-13,เพชรบุรี,Phetchaburi,-5,0,19:30,19:25,19:31,19:31,,
2024-10-13,หัวหิน,Hua Hin,0,0,20:20,20:20,20:25,20:25,,
2024-10-13,ประจวบคีรีขันธ์,Prachuap Khiri Khan,-4,0,21:40,21:36,21:41,21:41,,
2024-10-13,ชุมพร,Chumphon,-1,0,23:55,23:54,00:05,00:05,,
2024-10-13,สุราษฎร์ธานี,Surat Thani,18,18,02:20,02:38,02:23,02:41,,
2024-10-13,ชุมทางทุ่งสง,Thung Song Junction,23,20,04:08,04:31,04:18,04:38,,
2024-10-13,พัทลุง,Phatthalung,10,10,05:51,06:01,05:53,06:03,,
2024-10-13,ชุมทางหาดใหญ่,Hat Yai Junction,7,7,07:05,07:12,07:05,07:12,,
2024-10-14,กรุงเทพอภิวัฒน์,Bangkok (Krung Thep Aphiwat),-21,0,16:30,16:09,16:50,16:50,,
2024-10-14,บางบำหรุ,Bang Bamru,0,0,17:01,17:01,17:02,17:02,,
2024-10-14,ศาลายา,Sala Ya,-2,0,17:22,17:20,17:23,17:23,,
2024-10-14,นครปฐม,Nakhon Pathom,2,2,17:48,17:50,17:50,17:52,,
2024-10-14,บ้านโป่ง,Ban Pong,3,3,18:08,18:11,18:09,18:12,,
2024-10-14,ราชบุรี,Ratchaburi,0,0,18:37,18:37,18:47,18:47,,
2024-10-14,เพชรบุรี,Phetchaburi,-6,0,19:30,19:24,19:31,19:31,,
2024-10-14,หัวหิน,Hua Hin,2,0,20:20,20:22,20:25,20:25,,
2024-10-14,ประจวบคีรีขันธ์,Prachuap Khiri Khan,-9,0,21:40,21:31,21:41,21:41,,
2024-10-14,ชุมพร,Chumphon,-7,0,23:55,23:48,00:05,00:05,,
2024-10-14,สุราษฎร์ธานี,Surat Thani,17,17,02:20,02:37,02:23,02:40,,
2024-10-14,ชุมทางทุ่งสง,Thung Song Junction,10,10,04:08,04:18,04:18,04:28,,
2024-10-14,พัทลุง,Phatthalung,0,0,05:51,05:51,05:53,05:53,,
2024-10-14,ชุมทางหาดใหญ่,Hat Yai Junction,0,0,07:05,07:05,07:05,07:05,,
2024-10-15,กรุงเทพอภิวัฒน์,Bangkok (Krung Thep Aphiwat),-10,0,16:30,16:20,16:50,16:50,,
2024-10-15,บางบำหรุ,Bang Bamru,0,0,17:01,17:01,17:02,17:02,,
2024-10-15,ศาลายา,Sala Ya,0,0,17:22,17:22,17:23,17:23,,
2024-10-15,นครปฐม,Nakhon Pathom,2,2,17:48,17:50,17:50,17:52,,
2024-10-15,บ้านโป่ง,Ban Pong,2,2,18:08,18:10,18:09,18:11,,
2024-10-15,ราชบุรี,Ratchaburi,0,0,18:37,18:37,18:47,18:47,,
2024-10-15,เพชรบุรี,Phetchaburi,-4,0,19:30,19:26,19:31,19:31,,
2024-10-15,หัวหิน,Hua Hin,2,0,20:20,20:22,20:25,20:25,,
2024-10-15,ประจวบคีรีขันธ์,Prachuap Khiri Khan,-3,0,21:40,21:37,21:41,21:41,,
2024-10-15,ชุมพร,Chumphon,2,0,23:55,23:57,00:05,00:05,,
2024-10-15,สุราษฎร์ธานี,Surat Thani,12,12,02:20,02:32,02:23,02:35,,
2024-10-15,ชุมทางทุ่งสง,Thung Song Junction,17,18,04:08,04:25,04:18,04:36,,
2024-10-15,พัทลุง,Phatthalung,7,7,05:51,05:58,05:53,06:00,,
2024-10-15,ชุมทางหาดใหญ่,Hat Yai Junction,7,7,07:05,07:12,07:05,07:12,,
2024-10-16,กรุงเทพอภิวัฒน์,Bangkok (Krung Thep Aphiwat),-11,0,16:30,16:19,16:50,16:50,,
2024-10-16,บางบำหรุ,Bang Bamru,0,0,17:01,17:01,17:02,17:02,,
2024-10-16,ศาลายา,Sala Ya,0,0,17:22,17:22,17:23,17:23,,
2024-10-16,นครปฐม,Nakhon Pathom,0,0,17:48,17:48,17:50,17:50,,
2024-10-16,บ้านโป่ง,Ban Pong,0,0,18:08,18:08,18:09,18:09,,
2024-10-16,ราชบุรี,Ratchaburi,0,0,18:37,18:37,18:47,18:47,,
2024-10-16,เพชรบุรี,Phetchaburi,-7,0,19:30,19:23,19:31,19:31,,
2024-10-16,หัวหิน,Hua Hin,0,0,20:20,20:20,20:25,20:25,,
2024-10-16,ประจวบคีรีขันธ์,Prachuap Khiri Khan,-9,0,21:40,21:31,21:41,21:41,,
2024-10-16,ชุมพร,Chumphon,-5,0,23:55,23:50,00:05,00:05,,
2024-10-16,สุราษฎร์ธานี,Surat Thani,26,26,02:20,02:46,02:23,02:49,,
2024-10-16,ชุมทางทุ่งสง,Thung Song Junction,23,21,04:08,04:31,04:18,04:39,,
2024-10-16,พัทลุง,Phatthalung,9,9,05:51,06:00,05:53,06:02,,
2024-10-16,ชุมทางหาดใหญ่,Hat Yai Junction,15,15,07:05,07:20,07:05,07:20,,
2024-10-17,กรุงเทพอภิวัฒน์,Bangkok (Krung Thep Aphiwat),-21,0,16:30,16:09,16:50,16:50,เนื่องจากผ่านพื้นที่ก่อสร้าง,due to Passing construction site
2024-10-17,บางบำหรุ,Bang Bamru,0,0,17:01,17:01,17:02,17:02,เนื่องจากผ่านพื้นที่ก่อสร้าง,due to Passing construction site
2024-10-17,ศาลายา,Sala Ya,0,0,17:22,17:22,17:23,17:23,เนื่องจากผ่านพื้นที่ก่อสร้าง,due to Passing construction site
2024-10-17,นครปฐม,Nakhon Pathom,2,2,17:48,17:50,17:50,17:52,เนื่องจากผ่านพื้นที่ก่อสร้าง,due to Passing construction site
2024-10-17,บ้านโป่ง,Ban Pong,5,5,18:08,18:13,18:09,18:14,เนื่องจากผ่านพื้นที่ก่อสร้าง,due to Passing construction site
2024-10-17,ราชบุรี,Ratchaburi,13,6,18:37,18:50,18:47,18:53,เนื่องจากผ่านพื้นที่ก่อสร้าง,due to Passing construction site
2024-10-17,เพชรบุรี,Phetchaburi,1,2,19:30,19:31,19:31,19:33,เนื่องจากผ่านพื้นที่ก่อสร้าง,due to Passing construction site
2024-10-17,หัวหิน,Hua Hin,-2,0,20:20,20:18,20:25,20:25,เนื่องจากผ่านพื้นที่ก่อสร้าง,due to Passing construction site
2024-10-17,ประจวบคีรีขันธ์,Prachuap Khiri Khan,-5,16,21:40,21:35,21:41,21:57,เนื่องจากผ่านพื้นที่ก่อสร้าง,due to Passing construction site
2024-10-17,ชุมพร,Chumphon,30,31,23:55,00:25,00:05,00:36,เนื่องจากผ่านพื้นที่ก่อสร้าง,due to Passing construction site
2024-10-17,สุราษฎร์ธานี,Surat Thani,55,55,02:20,03:15,02:23,03:18,เนื่องจากผ่านพื้นที่ก่อสร้าง,due to Passing construction site
2024-10-17,ชุมทางทุ่งสง,Thung Song Junction,55,53,04:08,05:03,04:18,05:11,เนื่องจากผ่านพื้นที่ก่อสร้าง,due to Passing construction site
2024-10-17,พัทลุง,Phatthalung,40,40,05:51,06:31,05:53,06:33,เนื่องจากผ่านพื้นที่ก่อสร้าง,due to Passing construction site
2024-10-17,ชุมทางหาดใหญ่,Hat Yai Junction,40,40,07:05,07:45,07:05,07:45,เนื่องจากผ่านพื้นที่ก่อสร้าง,due to Passing construction site
2024-10-18,กรุงเทพอภิวัฒน์,Bangkok (Krung Thep Aphiwat),-11,0,16:30,16:19,16:50,16:50,,
2024-10-18,บางบำหรุ,Bang Bamru,0,0,17:01,17:01,17:02,17:02,,
2024-10-18,ศาลายา,Sala Ya,0,0,17:22,17:22,17:23,17:23,,
2024-10-18,นครปฐม,Nakhon Pathom,0,0,17:48,17:48,17:50,17:50,,
2024-10-18,บ้านโป่ง,Ban Pong,0,0,18:08,18:08,18:09,18:09,,
2024-10-18,ราชบุรี,Ratchaburi,0,0,18:37,18:37,18:47,18:47,,
2024-10-18,เพชรบุรี,Phetchaburi,-2,0,19:30,19:28,19:31,19:31,,
2024-10-18,หัวหิน,Hua Hin,0,0,20:20,20:20,20:25,20:25,,
2024-10-18,ประจวบคีรีขันธ์,Prachuap Khiri Khan,-8,0,21:40,21:32,21:41,21:41,,
2024-10-18,ชุมพร,Chumphon,-3,7,23:55,23:52,00:05,00:12,,
2024-10-18,สุราษฎร์ธานี,Surat Thani,33,33,02:20,02:53,02:23,02:56,,
2024-10-18,ชุมทางทุ่งสง,Thung Song Junction,40,38,04:08,04:48,04:18,04:56,,
2024-10-18,พัทลุง,Phatthalung,28,28,05:51,06:19,05:53,06:21,,
2024-10-18,ชุมทางหาดใหญ่,Hat Yai Junction,20,20,07:05,07:25,07:05,07:25,,
2024-10-19,กรุงเทพอภิวัฒน์,Bangkok (Krung Thep Aphiwat),-12,0,16:30,16:18,16:50,16:50,,
2024-10-19,บางบำหรุ,Bang Bamru,0,0,17:01,17:01,17:02,17:02,,
2024-10-19,ศาลายา,Sala Ya,0,0,17:22,17:22,17:23,17:23,,
2024-10-19,นครปฐม,Nakhon Pathom,0,0,17:48,17:48,17:50,17:50,,
2024-10-19,บ้านโป่ง,Ban Pong,2,2,18:08,18:10,18:09,18:11,,
2024-10-19,ราชบุรี,Ratchaburi,0,0,18:37,18:37,18:47,18:47,,
2024-10-19,เพชรบุรี,Phetchaburi,-6,0,19:30,19:24,19:31,19:31,,
2024-10-19,หัวหิน,Hua Hin,-2,0,20:20,20:18,20:25,20:25,,
2024-10-19,ประจวบคีรีขันธ์,Prachuap Khiri Khan,-10,0,21:40,21:30,21:41,21:41,,
2024-10-19,ชุมพร,Chumphon,-4,0,23:55,23:51,00:05,00:05,,
2024-10-19,สุราษฎร์ธานี,Surat Thani,14,14,02:20,02:34,02:23,02:37,,
2024-10-19,ชุมทางทุ่งสง,Thung Song Junction,15,13,04:08,04:23,04:18,04:31,,
2024-10-19,พัทลุง,Phatthalung,2,2,05:51,05:53,05:53,05:55,,
2024-10-19,ชุมทางหาดใหญ่,Hat Yai Junction,0,0,07:05,07:05,07:05,07:05,,
2024-10-20,กรุงเทพอภิวัฒน์,Bangkok (Krung Thep Aphiwat),-11,0,16:30,16:19,16:50,16:50,,
2024-10-20,บางบำหรุ,Bang Bamru,0,0,17:01,17:01,17:02,17:02,,
2024-10-20,ศาลายา,Sala Ya,0,0,17:22,17:22,17:23,17:23,,
2024-10-20,นครปฐม,Nakhon Pathom,2,2,17:48,17:50,17:50,17:52,,
2024-10-20,บ้านโป่ง,Ban Pong,4,4,18:08,18:12,18:09,18:13,,
2024-10-20,ราชบุรี,Ratchaburi,3,0,18:37,18:40,18:47,18:47,,
2024-10-20,เพชรบุรี,Phetchaburi,-4,0,19:30,19:26,19:31,19:31,,
2024-10-20,หัวหิน,Hua Hin,4,2,20:20,20:24,20:25,20:27,,
2024-10-20,ประจวบคีรีขันธ์,Prachuap Khiri Khan,-7,0,21:40,21:33,21:41,21:41,,
2024-10-20,ชุมพร,Chumphon,-3,1,23:55,23:52,00:05,00:06,,
2024-10-20,สุราษฎร์ธานี,Surat Thani,34,34,02:20,02:54,02:23,02:57,,
2024-10-20,ชุมทางทุ่งสง,Thung Song Junction,27,26,04:08,04:35,04:18,04:44,,
2024-10-20,พัทลุง,Phatthalung,22,22,05:51,06:13,05:53,06:15,,
2024-10-20,ชุมทางหาดใหญ่,Hat Yai Junction,20,20,07:05,07:25,07:05,07:25,,
2024-10-21,กรุงเทพอภิวัฒน์,Bangkok (Krung Thep Aphiwat),-11,0,16:30,16:19,16:50,16:50,,
2024-10-21,บางบำหรุ,Bang Bamru,0,0,17:01,17:01,17:02,17:02,,
2024-10-21,ศาลายา,Sala Ya,0,0,17:22,17:22,17:23,17:23,,
2024-10-21,นครปฐม,Nakhon Pathom,0,0,17:48,17:48,17:50,17:50,,
2024-10-21,บ้านโป่ง,Ban Pong,0,0,18:08,18:08,18:09,18:09,,
2024-10-21,ราชบุรี,Ratchaburi,-2,0,18:37,18:35,18:47,18:47,,
2024-10-21,เพชรบุรี,Phetchaburi,-5,0,19:30,19:25,19:31,19:31,,
2024-10-21,หัวหิน,Hua Hin,0,0,20:20,20:20,20:25,20:25,,
2024-10-21,ประจวบคีรีขันธ์,Prachuap Khiri Khan,-11,0,21:40,21:29,21:41,21:41,,
2024-10-21,ชุมพร,Chumphon,7,11,23:55,00:02,00:05,00:16,,
2024-10-21,สุราษฎร์ธานี,Surat Thani,25,25,02:20,02:45,02:23,02:48,,
2024-10-21,ชุมทางทุ่งสง,Thung Song Junction,25,23,04:08,04:33,04:18,04:41,,
2024-10-21,พัทลุง,Phatthalung,9,9,05:51,06:00,05:53,06:02,,
2024-10-21,ชุมทางหาดใหญ่,Hat Yai Junction,5,5,07:05,07:10,07:05,07:10,,
2024-10-22,กรุงเทพอภิวัฒน์,Bangkok (Krung Thep Aphiwat),-11,0,16:30,16:19,16:50,16:50,,
2024-10-22,บางบำหรุ,Bang Bamru,0,0,17:01,17:01,17:02,17:02,,
2024-10-22,ศาลายา,Sala Ya,0,0,17:22,17:22,17:23,17:23,,
2024-10-22,นครปฐม,Nakhon Pathom,0,0,17:48,17:48,17:50,17:50,,
2024-10-22,บ้านโป่ง,Ban Pong,1,1,18:08,18:09,18:09,18:10,,
2024-10-22,ราชบุรี,Ratchaburi,0,0,18:37,18:37,18:47,18:47,,
2024-10-22,เพชรบุรี,Phetchaburi,-8,0,19:30,19:22,19:31,19:31,,
2024-10-22,หัวหิน,Hua Hin,-3,0,20:20,20:17,20:25,20:25,,
2024-10-22,ประจวบคีรีขันธ์,Prachuap Khiri Khan,-10,0,21:40,21:30,21:41,21:41,,
2024-10-22,ชุมพร,Chumphon,2,3,23:55,23:57,00:05,00:08,,
2024-10-22,สุราษฎร์ธานี,Surat Thani,21,21,02:20,02:41,02:23,02:44,,
2024-10-22,ชุมทางทุ่งสง,Thung Song Junction,25,24,04:08,04:33,04:18,04:42,,
2024-10-22,พัทลุง,Phatthalung,17,17,05:51,06:08,05:53,06:10,,
2024-10-22,ชุมทางหาดใหญ่,Hat Yai Junction,20,20,07:05,07:25,07:05,07:25,,
2024-10-23,กรุงเทพอภิวัฒน์,Bangkok (Krung Thep Aphiwat),-21,0,16:30,16:09,16:50,16:50,,
2024-10-23,บางบำหรุ,Bang Bamru,0,0,17:01,17:01,17:02,17:02,,
2024-10-23,ศาลายา,Sala Ya,0,0,17:22,17:22,17:23,17:23,,
2024-10-23,นครปฐม,Nakhon Pathom,4,4,17:48,17:52,17:50,17:54,,
2024-10-23,บ้านโป่ง,Ban Pong,4,4,18:08,18:12,18:09,18:13,,
2024-10-23,ราชบุรี,Ratchaburi,0,0,18:37,18:37,18:47,18:47,,
2024-10-23,เพชรบุรี,Phetchaburi,-4,0,19:30,19:26,19:31,19:31,,
2024-10-23,หัวหิน,Hua Hin,2,0,20:20,20:22,20:25,20:25,,
2024-10-23,ประจวบคีรีขันธ์,Prachuap Khiri Khan,-5,0,21:40,21:35,21:41,21:41,,
2024-10-23,ชุมพร,Chumphon,2,2,23:55,23:57,00:05,00:07,,
2024-10-23,สุราษฎร์ธานี,Surat Thani,26,26,02:20,02:46,02:23,02:49,,
2024-10-23,ชุมทางทุ่งสง,Thung Song Junction,31,29,04:08,04:39,04:18,04:47,,
2024-10-23,พัทลุง,Phatthalung,21,21,05:51,06:12,05:53,06:14,,
2024-10-23,ชุมทางหาดใหญ่,Hat Yai Junction,20,20,07:05,07:25,07:05,07:25,,
2024-10-24,กรุงเทพอภิวัฒน์,Bangkok (Krung Thep Aphiwat),-11,0,16:30,16:19,16:50,16:50,,
2024-10-24,บางบำหรุ,Bang Bamru,0,0,17:01,17:01,17:02,17:02,,
2024-10-24,ศาลายา,Sala Ya,0,0,17:22,17:22,17:23,17:23,,
2024-10-24,นครปฐม,Nakhon Pathom,0,0,17:48,17:48,17:50,17:50,,
2024-10-24,บ้านโป่ง,Ban Pong,2,2,18:08,18:10,18:09,18:11,,
2024-10-24,ราชบุรี,Ratchaburi,0,0,18:37,18:37,18:47,18:47,,
2024-10-24,เพชรบุรี,Phetchaburi,-4,0,19:30,19:26,19:31,19:31,,
2024-10-24,หัวหิน,Hua Hin,4,2,20:20,20:24,20:25,20:27,,
2024-10-24,ประจวบคีรีขันธ์,Prachuap Khiri Khan,-6,0,21:40,21:34,21:41,21:41,,
2024-10-24,ชุมพร,Chumphon,2,2,23:55,23:57,00:05,00:07,,
2024-10-24,สุราษฎร์ธานี,Surat Thani,23,23,02:20,02:43,02:23,02:46,,
2024-10-24,ชุมทางทุ่งสง,Thung Song Junction,19,18,04:08,04:27,04:18,04:36,,
2024-10-24,พัทลุง,Phatthalung,7,7,05:51,05:58,05:53,06:00,,
2024-10-24,ชุมทางหาดใหญ่,Hat Yai Junction,15,15,07:05,07:20,07:05,07:20,,
2024-10-25,กรุงเทพอภิวัฒน์,Bangkok (Krung Thep Aphiwat),-5,0,16:30,16:25,16:50,16:50,,
2024-10-25,บางบำหรุ,Bang Bamru,0,0,17:01,17:01,17:02,17:02,,
2024-10-25,ศาลายา,Sala Ya,0,0,17:22,17:22,17:23,17:23,,
2024-10-25,นครปฐม,Nakhon Pathom,0,0,17:48,17:48,17:50,17:50,,
2024-10-25,บ้านโป่ง,Ban Pong,2,2,18:08,18:10,18:09,18:11,,
2024-10-25,ราชบุรี,Ratchaburi,2,0,18:37,18:39,18:47,18:47,,
2024-10-25,เพชรบุรี,Phetchaburi,-3,0,19:30,19:27,19:31,19:31,,
2024-10-25,หัวหิน,Hua Hin,4,3,20:20,20:24,20:25,20:28,,
2024-10-25,ประจวบคีรีขันธ์,Prachuap Khiri Khan,-3,0,21:40,21:37,21:41,21:41,,
2024-10-25,ชุมพร,Chumphon,-3,5,23:55,23:52,00:05,00:10,,
2024-10-25,สุราษฎร์ธานี,Surat Thani,26,26,02:20,02:46,02:23,02:49,,
2024-10-25,ชุมทางทุ่งสง,Thung Song Junction,27,24,04:08,04:35,04:18,04:42,,
2024-10-25,พัทลุง,Phatthalung,16,16,05:51,06:07,05:53,06:09,,
2024-10-25,ชุมทางหาดใหญ่,Hat Yai Junction,15,15,07:05,07:20,07:05,07:20,,
2024-10-26,กรุงเทพอภิวัฒน์,Bangkok (Krung Thep Aphiwat),-10,0,16:30,16:20,16:50,16:50,,
2024-10-26,บางบำหรุ,Bang Bamru,0,0,17:01,17:01,17:02,17:02,,
2024-10-26,ศาลายา,Sala Ya,0,0,17:22,17:22,17:23,17:23,,
2024-10-26,นครปฐม,Nakhon Pathom,2,2,17:48,17:50,17:50,17:52,,
2024-10-26,บ้านโป่ง,Ban Pong,3,3,18:08,18:11,18:09,18:12,,
2024-10-26,ราชบุรี,Ratchaburi,1,0,18:37,18:38,18:47,18:47,,
2024-10-26,เพชรบุรี,Phetchaburi,-5,20,19:30,19:25,19:31,19:51,,
2024-10-26,หัวหิน,Hua Hin,22,20,20:20,20:42,20:25,20:45,,
2024-10-26,ประจวบคีรีขันธ์,Prachuap Khiri Khan,13,13,21:40,21:53,21:41,21:54,,
2024-10-26,ชุมพร,Chumphon,13,15,23:55,00:08,00:05,00:20,,
2024-10-26,สุราษฎร์ธานี,Surat Thani,15,15,02:20,02:35,02:23,02:38,,
2024-10-26,ชุมทางทุ่งสง,Thung Song Junction,18,18,04:08,04:26,04:18,04:36,,
2024-10-26,พัทลุง,Phatthalung,14,14,05:51,06:05,05:53,06:07,,
2024-10-26,ชุมทางหาดใหญ่,Hat Yai Junction,14,14,07:05,07:19,07:05,07:19,,
2024-10-27,กรุงเทพอภิวัฒน์,Bangkok (Krung Thep Aphiwat),-21,0,16:30,16:09,16:50,16:50,"เนื่องจากผ่านพื้นที่ก่อสร้าง, รอหลีกขบวนรถ","due to Passing construction site, Wait for track cleared"
2024-10-27,บางบำหรุ,Bang Bamru,0,0,17:01,17:01,17:02,17:02,"เนื่องจากผ่านพื้นที่ก่อสร้าง, รอหลีกขบวนรถ","due to Passing construction site, Wait for track cleared"
2024-10-27,ศาลายา,Sala Ya,0,0,17:22,17:22,17:23,17:23,"เนื่องจากผ่านพื้นที่ก่อสร้าง, รอหลีกขบวนรถ","due to Passing construction site, Wait for track cleared"
2024-10-27,นครปฐม,Nakhon Pathom,0,0,17:48,17:48,17:50,17:50,"เนื่องจากผ่านพื้นที่ก่อสร้าง, รอหลีกขบวนรถ","due to Passing construction site, Wait for track cleared"
2024-10-27,บ้านโป่ง,Ban Pong,1,1,18:08,18:09,18:09,18:10,"เนื่องจากผ่านพื้นที่ก่อสร้าง, รอหลีกขบวนรถ","due to Passing construction site, Wait for track cleared"
2024-10-27,ราชบุรี,Ratchaburi,0,0,18:37,18:37,18:47,18:47,"เนื่องจากผ่านพื้นที่ก่อสร้าง, รอหลีกขบวนรถ","due to Passing construction site, Wait for track cleared"
2024-10-27,เพชรบุรี,Phetchaburi,-6,0,19:30,19:24,19:31,19:31,"เนื่องจากผ่านพื้นที่ก่อสร้าง, รอหลีกขบวนรถ","due to Passing construction site, Wait for track cleared"
2024-10-27,หัวหิน,Hua Hin,0,0,20:20,20:20,20:25,20:25,"เนื่องจากผ่านพื้นที่ก่อสร้าง, รอหลีกขบวนรถ","due to Passing construction site, Wait for track cleared"
2024-10-27,ประจวบคีรีขันธ์,Prachuap Khiri Khan,-8,0,21:40,21:32,21:41,21:41,"เนื่องจากผ่านพื้นที่ก่อสร้าง, รอหลีกขบวนรถ","due to Passing construction site, Wait for track cleared"
2024-10-27,ชุมพร,Chumphon,0,0,23:55,23:55,00:05,00:05,"เนื่องจากผ่านพื้นที่ก่อสร้าง, รอหลีกขบวนรถ","due to Passing construction site, Wait for track cleared"
2024-10-27,สุราษฎร์ธานี,Surat Thani,39,39,02:20,02:59,02:23,03:02,"เนื่องจากผ่านพื้นที่ก่อสร้าง, รอหลีกขบวนรถ","due to Passing construction site, Wait for track cleared"
2024-10-27,ชุมทางทุ่งสง,Thung Song Junction,43,40,04:08,04:51,04:18,04:58,"เนื่องจากผ่านพื้นที่ก่อสร้าง, รอหลีกขบวนรถ","due to Passing construction site, Wait for track cleared"
2024-10-27,พัทลุง,Phatthalung,31,31,05:51,06:22,05:53,06:24,"เนื่องจากผ่านพื้นที่ก่อสร้าง, รอหลีกขบวนรถ","due to Passing construction site, Wait for track cleared"
2024-10-27,ชุมทางหาดใหญ่,Hat Yai Junction,35,35,07:05,07:40,07:05,07:40,"เนื่องจากผ่านพื้นที่ก่อสร้าง, รอหลีกขบวนรถ","due to Passing construction site, Wait for track cleared"
2024-10-28,กรุงเทพอภิวัฒน์,Bangkok (Krung Thep Aphiwat),-11,0,16:30,16:19,16:50,16:50,,
2024-10-28,บางบำหรุ,Bang Bamru,0,0,17:01,17:01,17:02,17:02,,
2024-10-28,ศาลายา,Sala Ya,0,0,17:22,17:22,17:23,17:23,,
2024-10-28,นครปฐม,Nakhon Pathom,0,0,17:48,17:48,17:50,17:50,,
2024-10-28,บ้านโป่ง,Ban Pong,0,0,18:08,18:08,18:09,18:09,,
2024-10-28,ราชบุรี,Ratchaburi,0,0,18:37,18:37,18:47,18:47,,
2024-10-28,เพชรบุรี,Phetchaburi,-7,0,19:30,19:23,19:31,19:31,,
2024-10-28,หัวหิน,Hua Hin,0,0,20:20,20:20,20:25,20:25,,
2024-10-28,ประจวบคีรีขันธ์,Prachuap Khiri Khan,-7,0,21:40,21:33,21:41,21:41,,
2024-10-28,ชุมพร,Chumphon,3,10,23:55,23:58,00:05,00:15,,
2024-10-28,สุราษฎร์ธานี,Surat Thani,39,39,02:20,02:59,02:23,03:02,,
2024-10-28,ชุมทางทุ่งสง,Thung Song Junction,36,36,04:08,04:44,04:18,04:54,,
2024-10-28,พัทลุง,Phatthalung,25,25,05:51,06:16,05:53,06:18,,
2024-10-28,ชุมทางหาดใหญ่,Hat Yai Junction,20,20,07:05,07:25,07:05,07:25,,
2024-10-29,กรุงเทพอภิวัฒน์,Bangkok (Krung Thep Aphiwat),-10,0,16:30,16:20,16:50,16:50,,
2024-10-29,บางบำหรุ,Bang Bamru,0,0,17:01,17:01,17:02,17:02,,
2024-10-29,ศาลายา,Sala Ya,0,0,17:22,17:22,17:23,17:23,,
2024-10-29,นครปฐม,Nakhon Pathom,0,0,17:48,17:48,17:50,17:50,,
2024-10-29,บ้านโป่ง,Ban Pong,0,0,18:08,18:08,18:09,18:09,,
2024-10-29,ราชบุรี,Ratchaburi,0,0,18:37,18:37,18:47,18:47,,
2024-10-29,เพชรบุรี,Phetchaburi,-4,0,19:30,19:26,19:31,19:31,,
2024-10-29,หัวหิน,Hua Hin,0,0,20:20,20:20,20:25,20:25,,
2024-10-29,ประจวบคีรีขันธ์,Prachuap Khiri Khan,-10,0,21:40,21:30,21:41,21:41,,
2024-10-29,ชุมพร,Chumphon,6,6,23:55,00:01,00:05,00:11,,
2024-10-29,สุราษฎร์ธานี,Surat Thani,19,19,02:20,02:39,02:23,02:42,,
2024-10-29,ชุมทางทุ่งสง,Thung Song Junction,19,16,04:08,04:27,04:18,04:34,,
2024-10-29,พัทลุง,Phatthalung,5,5,05:51,05:56,05:53,05:58,,
2024-10-29,ชุมทางหาดใหญ่,Hat Yai Junction,5,5,07:05,07:10,07:05,07:10,,
2024-10-30,กรุงเทพอภิวัฒน์,Bangkok (Krung Thep Aphiwat),-21,0,16:30,16:09,16:50,16:50,,
2024-10-30,บางบำหรุ,Bang Bamru,0,0,17:01,17:01,17:02,17:02,,
2024-10-30,ศาลายา,Sala Ya,0,0,17:22,17:22,17:23,17:23,,
2024-10-30,นครปฐม,Nakhon Pathom,0,0,17:48,17:48,17:50,17:50,,
2024-10-30,บ้านโป่ง,Ban Pong,0,0,18:08,18:08,18:09,18:09,,
2024-10-30,ราชบุรี,Ratchaburi,0,0,18:37,18:37,18:47,18:47,,
2024-10-30,เพชรบุรี,Phetchaburi,-6,0,19:30,19:24,19:31,19:31,,
2024-10-30,หัวหิน,Hua Hin,0,0,20:20,20:20,20:25,20:25,,
2024-10-30,ประจวบคีรีขันธ์,Prachuap Khiri Khan,-4,0,21:40,21:36,21:41,21:41,,
2024-10-30,ชุมพร,Chumphon,-3,0,23:55,23:52,00:05,00:05,,
2024-10-30,สุราษฎร์ธานี,Surat Thani,25,25,02:20,02:45,02:23,02:48,,
2024-10-30,ชุมทางทุ่งสง,Thung Song Junction,20,20,04:08,04:28,04:18,04:38,,
2024-10-30,พัทลุง,Phatthalung,9,9,05:51,06:00,05:53,06:02,,
2024-10-30,ชุมทางหาดใหญ่,Hat Yai Junction,2,2,07:05,07:07,07:05,07:07,,
2024-10-31,กรุงเทพอภิวัฒน์,Bangkok (Krung Thep Aphiwat),-12,0,16:30,16:18,16:50,16:50,,
2024-10-31,บางบำหรุ,Bang Bamru,0,0,17:01,17:01,17:02,17:02,,
2024-10-31,ศาลายา,Sala Ya,0,0,17:22,17:22,17:23,17:23,,
2024-10-31,นครปฐม,Nakhon Pathom,0,0,17:48,17:48,17:50,17:50,,
2024-10-31,บ้านโป่ง,Ban Pong,1,1,18:08,18:09,18:09,18:10,,
2024-10-31,ราชบุรี,Ratchaburi,0,0,18:37,18:37,18:47,18:47,,
2024-10-31,เพชรบุรี,Phetchaburi,-1,0,19:30,19:29,19:31,19:31,,
2024-10-31,หัวหิน,Hua Hin,2,0,20:20,20:22,20:25,20:25,,
2024-10-31,ประจวบคีรีขันธ์,Prachuap Khiri Khan,-10,0,21:40,21:30,21:41,21:41,,
2024-10-31,ชุมพร,Chumphon,-5,0,23:55,23:50,00:05,00:05,,
2024-10-31,สุราษฎร์ธานี,Surat Thani,37,37,02:20,02:57,02:23,03:00,,
2024-10-31,ชุมทางทุ่งสง,Thung Song Junction,36,34,04:08,04:44,04:18,04:52,,
2024-10-31,พัทลุง,Phatthalung,24,24,05:51,06:15,05:53,06:17,,
2024-10-31,ชุมทางหาดใหญ่,Hat Yai Junction,20,20,07:05,07:25,07:05,07:25,,
2024-11-01,กรุงเทพอภิวัฒน์,Bangkok (Krung Thep Aphiwat),-22,0,16:30,16:08,16:50,16:50,,
2024-11-01,บางบำหรุ,Bang Bamru,0,0,17:01,17:01,17:02,17:02,,
2024-11-01,ศาลายา,Sala Ya,0,0,17:22,17:22,17:23,17:23,,
2024-11-01,นครปฐม,Nakhon Pathom,4,4,17:48,17:52,17:50,17:54,,
2024-11-01,บ้านโป่ง,Ban Pong,6,6,18:08,18:14,18:09,18:15,,
2024-11-01,ราชบุรี,Ratchaburi,4,0,18:37,18:41,18:47,18:47,,
2024-11-01,เพชรบุรี,Phetchaburi,-4,0,19:30,19:26,19:31,19:31,,
2024-11-01,หัวหิน,Hua Hin,2,1,20:20,20:22,20:25,20:26,,
2024-11-01,ประจวบคีรีขันธ์,Prachuap Khiri Khan,-4,0,21:40,21:36,21:41,21:41,,
2024-11-01,ชุมพร,Chumphon,11,10,23:55,00:06,00:05,00:15,,
2024-11-01,สุราษฎร์ธานี,Surat Thani,32,32,02:20,02:52,02:23,02:55,,
2024-11-01,ชุมทางทุ่งสง,Thung Song Junction,34,34,04:08,04:42,04:18,04:52,,
2024-11-01,พัทลุง,Phatthalung,20,20,05:51,06:11,05:53,06:13,,
2024-11-01,ชุมทางหาดใหญ่,Hat Yai Junction,14,14,07:05,07:19,07:05,07:19,,
2024-11-02,กรุงเทพอภิวัฒน์,Bangkok (Krung Thep Aphiwat),-10,0,16:30,16:20,16:50,16:50,,
2024-11-02,บางบำหรุ,Bang Bamru,0,0,17:01,17:01,17:02,17:02,,
2024-11-02,ศาลายา,Sala Ya,0,0,17:22,17:22,17:23,17:23,,
2024-11-02,นครปฐม,Nakhon Pathom,0,0,17:48,17:48,17:50,17:50,,
2024-11-02,บ้านโป่ง,Ban Pong,7,7,18:08,18:15,18:09,18:16,,
2024-11-02,ราชบุรี,Ratchaburi,3,0,18:37,18:40,18:47,18:47,,
2024-11-02,เพชรบุรี,Phetchaburi,-6,0,19:30,19:24,19:31,19:31,,
2024-11-02,หัวหิน,Hua Hin,-2,0,20:20,20:18,20:25,20:25,,
2024-11-02,ประจวบคีรีขันธ์,Prachuap Khiri Khan,-7,0,21:40,21:33,21:41,21:41,,
2024-11-02,ชุมพร,Chumphon,4,4,23:55,23:59,00:05,00:09,,
2024-11-02,สุราษฎร์ธานี,Surat Thani,20,20,02:20,02:40,02:23,02:43,,
2024-11-02,ชุมทางทุ่งสง,Thung Song Junction,22,20,04:08,04:30,04:18,04:38,,
2024-11-02,พัทลุง,Phatthalung,10,10,05:51,06:01,05:53,06:03,,
2024-11-02,ชุมทางหาดใหญ่,Hat Yai Junction,15,15,07:05,07:20,07:05,07:20,,
2024-11-03,กรุงเทพอภิวัฒน์,Bangkok (Krung Thep Aphiwat),-12,0,16:30,16:18,16:50,16:50,,
2024-11-03,บางบำหรุ,Bang Bamru,0,0,17:01,17:01,17:02,17:02,,
2024-11-03,ศาลายา,Sala Ya,-2,0,17:22,17:20,17:23,17:23,,
2024-11-03,นครปฐม,Nakhon Pathom,0,0,17:48,17:48,17:50,17:50,,
2024-11-03,บ้านโป่ง,Ban Pong,2,2,18:08,18:10,18:09,18:11,,
2024-11-03,ราชบุรี,Ratchaburi,0,0,18:37,18:37,18:47,18:47,,
2024-11-03,เพชรบุรี,Phetchaburi,-5,0,19:30,19:25,19:31,19:31,,
2024-11-03,หัวหิน,Hua Hin,0,0,20:20,20:20,20:25,20:25,,
2024-11-03,ประจวบคีรีขันธ์,Prachuap Khiri Khan,-5,0,21:40,21:35,21:41,21:41,,
2024-11-03,ชุมพร,Chumphon,0,0,23:55,23:55,00:05,00:05,,
2024-11-03,สุราษฎร์ธานี,Surat Thani,23,23,02:20,02:43,02:23,02:46,,
2024-11-03,ชุมทางทุ่งสง,Thung Song Junction,25,32,04:08,04:33,04:18,04:50,,
2024-11-03,พัทลุง,Phatthalung,15,15,05:51,06:06,05:53,06:08,,
2024-11-03,ชุมทางหาดใหญ่,Hat Yai Junction,20,20,07:05,07:25,07:05,07:25,,
2024-11-04,กรุงเทพอภิวัฒน์,Bangkok (Krung Thep Aphiwat),-21,0,16:30,16:09,16:50,16:50,,
2024-11-04,บางบำหรุ,Bang Bamru,0,0,17:01,17:01,17:02,17:02,,
2024-11-04,ศาลายา,Sala Ya,0,0,17:22,17:22,17:23,17:23,,
2024-11-04,นครปฐม,Nakhon Pathom,0,0,17:48,17:48,17:50,17:50,,
2024-11-04,บ้านโป่ง,Ban Pong,0,0,18:08,18:08,18:09,18:09,,
2024-11-04,ราชบุรี,Ratchaburi,0,0,18:37,18:37,18:47,18:47,,
2024-11-04,เพชรบุรี,Phetchaburi,-5,0,19:30,19:25,19:31,19:31,,
2024-11-04,หัวหิน,Hua Hin,0,0,20:20,20:20,20:25,20:25,,
2024-11-04,ประจวบคีรีขันธ์,Prachuap Khiri Khan,-8,0,21:40,21:32,21:41,21:41,,
2024-11-04,ชุมพร,Chumphon,4,5,23:55,23:59,00:05,00:10,,
2024-11-04,สุราษฎร์ธานี,Surat Thani,26,26,02:20,02:46,02:23,02:49,,
2024-11-04,ชุมทางทุ่งสง,Thung Song Junction,25,23,04:08,04:33,04:18,04:41,,
2024-11-04,พัทลุง,Phatthalung,12,12,05:51,06:03,05:53,06:05,,
2024-11-04,ชุมทางหาดใหญ่,Hat Yai Junction,10,10,07:05,07:15,07:05,07:15,,
2024-11-05,กรุงเทพอภิวัฒน์,Bangkok (Krung Thep Aphiwat),-9,0,16:30,16:21,16:50,16:50,,
2024-11-05,บางบำหรุ,Bang Bamru,0,0,17:01,17:01,17:02,17:02,,
2024-11-05,ศาลายา,Sala Ya,-1,0,17:22,17:21,17:23,17:23,,
2024-11-05,นครปฐม,Nakhon Pathom,0,0,17:48,17:48,17:50,17:50,,
2024-11-05,บ้านโป่ง,Ban Pong,0,0,18:08,18:08,18:09,18:09,,
2024-11-05,ราชบุรี,Ratchaburi,0,0,18:37,18:37,18:47,18:47,,
2024-11-05,เพชรบุรี,Phetchaburi,-6,0,19:30,19:24,19:31,19:31,,
2024-11-05,หัวหิน,Hua Hin,0,0,20:20,20:20,20:25,20:25,,
2024-11-05,ประจวบคีรีขันธ์,Prachuap Khiri Khan,-9,0,21:40,21:31,21:41,21:41,,
2024-11-05,ชุมพร,Chumphon,2,2,23:55,23:57,00:05,00:07,,
2024-11-05,สุราษฎร์ธานี,Surat Thani,36,36,02:20,02:56,02:23,02:59,,
2024-11-05,ชุมทางทุ่งสง,Thung Song Junction,35,35,04:08,04:43,04:18,04:53,,
2024-11-05,พัทลุง,Phatthalung,20,20,05:51,06:11,05:53,06:13,,
2024-11-05,ชุมทางหาดใหญ่,Hat Yai Junction,20,20,07:05,07:25,07:05,07:25,,
2024-11-06,กรุงเทพอภิวัฒน์,Bangkok (Krung Thep Aphiwat),-20,0,16:30,16:10,16:50,16:50,,
2024-11-06,บางบำหรุ,Bang Bamru,0,0,17:01,17:01,17:02,17:02,,
2024-11-06,ศาลายา,Sala Ya,0,0,17:22,17:22,17:23,17:23,,
2024-11-06,นครปฐม,Nakhon Pathom,0,0,17:48,17:48,17:50,17:50,,
2024-11-06,บ้านโป่ง,Ban Pong,0,0,18:08,18:08,18:09,18:09,,
2024-11-06,ราชบุรี,Ratchaburi,0,0,18:37,18:37,18:47,18:47,,
2024-11-06,เพชรบุรี,Phetchaburi,-5,0,19:30,19:25,19:31,19:31,,
2024-11-06,หัวหิน,Hua Hin,0,0,20:20,20:20,20:25,20:25,,
2024-11-06,ประจวบคีรีขันธ์,Prachuap Khiri Khan,-11,0,21:40,21:29,21:41,21:41,,
2024-11-06,ชุมพร,Chumphon,-1,0,23:55,23:54,00:05,00:05,,
2024-11-06,สุราษฎร์ธานี,Surat Thani,20,20,02:20,02:40,02:23,02:43,,
2024-11-06,ชุมทางทุ่งสง,Thung Song Junction,12,10,04:08,04:20,04:18,04:28,,
2024-11-06,พัทลุง,Phatthalung,0,0,05:51,05:51,05:53,05:53,,
2024-11-06,ชุมทางหาดใหญ่,Hat Yai Junction,0,0,07:05,07:05,07:05,07:05,,
2024-11-07,กรุงเทพอภิวัฒน์,Bangkok (Krung Thep Aphiwat),-9,0,16:30,16:21,16:50,16:50,,
2024-11-07,บางบำหรุ,Bang Bamru,0,0,17:01,17:01,17:02,17:02,,
2024-11-07,ศาลายา,Sala Ya,0,0,17:22,17:22,17:23,17:23,,
2024-11-07,นครปฐม,Nakhon Pathom,0,0,17:48,17:48,17:50,17:50,,
2024-11-07,บ้านโป่ง,Ban Pong,0,0,18:08,18:08,18:09,18:09,,
2024-11-07,ราชบุรี,Ratchaburi,0,0,18:37,18:37,18:47,18:47,,
2024-11-07,เพชรบุรี,Phetchaburi,-3,0,19:30,19:27,19:31,19:31,,
2024-11-07,หัวหิน,Hua Hin,3,2,20:20,20:23,20:25,20:27,,
2024-11-07,ประจวบคีรีขันธ์,Prachuap Khiri Khan,-6,0,21:40,21:34,21:41,21:41,,
2024-11-07,ชุมพร,Chumphon,-8,9,23:55,23:47,00:05,00:14,,
2024-11-07,สุราษฎร์ธานี,Surat Thani,17,17,02:20,02:37,02:23,02:40,,
2024-11-07,ชุมทางทุ่งสง,Thung Song Junction,18,18,04:08,04:26,04:18,04:36,,
2024-11-07,พัทลุง,Phatthalung,11,11,05:51,06:02,05:53,06:04,,
2024-11-07,ชุมทางหาดใหญ่,Hat Yai Junction,12,12,07:05,07:17,07:05,07:17,,
2024-11-08,กรุงเทพอภิวัฒน์,Bangkok (Krung Thep Aphiwat),-9,0,16:30,16:21,16:50,16:50,,
2024-11-08,บางบำหรุ,Bang Bamru,0,0,17:01,17:01,17:02,17:02,,
2024-11-08,ศาลายา,Sala Ya,0,0,17:22,17:22,17:23,17:23,,
2024-11-08,นครปฐม,Nakhon Pathom,0,0,17:48,17:48,17:50,17:50,,
2024-11-08,บ้านโป่ง,Ban Pong,0,0,18:08,18:08,18:09,18:09,,
2024-11-08,ราชบุรี,Ratchaburi,0,0,18:37,18:37,18:47,18:47,,
2024-11-08,เพชรบุรี,Phetchaburi,-4,0,19:30,19:26,19:31,19:31,,
2024-11-08,หัวหิน,Hua Hin,2,0,20:20,20:22,20:25,20:25,,
2024-11-08,ประจวบคีรีขันธ์,Prachuap Khiri Khan,-4,0,21:40,21:36,21:41,21:41,,
2024-11-08,ชุมพร,Chumphon,6,6,23:55,00:01,00:05,00:11,,
2024-11-08,สุราษฎร์ธานี,Surat Thani,27,27,02:20,02:47,02:23,02:50,,
2024-11-08,ชุมทางทุ่งสง,Thung Song Junction,25,24,04:08,04:33,04:18,04:42,,
2024-11-08,พัทลุง,Phatthalung,15,15,05:51,06:06,05:53,06:08,,
2024-11-08,ชุมทางหาดใหญ่,Hat Yai Junction,13,13,07:05,07:18,07:05,07:18,,
2024-11-09,กรุงเทพอภิวัฒน์,Bangkok (Krung Thep Aphiwat),-8,0,16:30,16:22,16:50,16:50,,
2024-11-09,บางบำหรุ,Bang Bamru,0,0,17:01,17:01,17:02,17:02,,
2024-11-09,ศาลายา,Sala Ya,0,0,17:22,17:22,17:23,17:23,,
2024-11-09,นครปฐม,Nakhon Pathom,2,2,17:48,17:50,17:50,17:52,,
2024-11-09,บ้านโป่ง,Ban Pong,3,3,18:08,18:11,18:09,18:12,,
2024-11-09,ราชบุรี,Ratchaburi,0,0,18:37,18:37,18:47,18:47,,
2024-11-09,เพชรบุรี,Phetchaburi,-5,0,19:30,19:25,19:31,19:31,,
2024-11-09,หัวหิน,Hua Hin,0,0,20:20,20:20,20:25,20:25,,
2024-11-09,ประจวบคีรีขันธ์,Prachuap Khiri Khan,-11,0,21:40,21:29,21:41,21:41,,
2024-11-09,ชุมพร,Chumphon,0,7,23:55,23:55,00:05,00:12,,
2024-11-09,สุราษฎร์ธานี,Surat Thani,23,23,02:20,02:43,02:23,02:46,,
2024-11-09,ชุมทางทุ่งสง,Thung Song Junction,35,35,04:08,04:43,04:18,04:53,,
2024-11-09,พัทลุง,Phatthalung,25,25,05:51,06:16,05:53,06:18,,
2024-11-09,ชุมทางหาดใหญ่,Hat Yai Junction,20,20,07:05,07:25,07:05,07:25,,
2024-11-10,กรุงเทพอภิวัฒน์,Bangkok (Krung Thep Aphiwat),-9,0,16:30,16:21,16:50,16:50,,
2024-11-10,บางบำหรุ,Bang Bamru,0,6,17:01,17:01,17:02,17:08,,
2024-11-10,ศาลายา,Sala Ya,6,6,17:22,17:28,17:23,17:29,,
2024-11-10,นครปฐม,Nakhon Pathom,8,8,17:48,17:56,17:50,17:58,,
2024-11-10,บ้านโป่ง,Ban Pong,7,7,18:08,18:15,18:09,18:16,,
2024-11-10,ราชบุรี,Ratchaburi,0,0,18:37,18:37,18:47,18:47,,
2024-11-10,เพชรบุรี,Phetchaburi,-6,0,19:30,19:24,19:31,19:31,,
2024-11-10,หัวหิน,Hua Hin,-2,0,20:20,20:18,20:25,20:25,,
2024-11-10,ประจวบคีรีขันธ์,Prachuap Khiri Khan,-12,0,21:40,21:28,21:41,21:41,,
2024-11-10,ชุมพร,Chumphon,-9,0,23:55,23:46,00:05,00:05,,
2024-11-10,สุราษฎร์ธานี,Surat Thani,14,14,02:20,02:34,02:23,02:37,,
2024-11-10,ชุมทางทุ่งสง,Thung Song Junction,4,2,04:08,04:12,04:18,04:20,,
2024-11-10,พัทลุง,Phatthalung,0,0,05:51,05:51,05:53,05:53,,
2024-11-10,ชุมทางหาดใหญ่,Hat Yai Junction,0,0,07:05,07:05,07:05,07:05,,
2024-11-11,กรุงเทพอภิวัฒน์,Bangkok (Krung Thep Aphiwat),-10,0,16:30,16:20,16:50,16:50,,
2024-11-11,บางบำหรุ,Bang Bamru,0,0,17:01,17:01,17:02,17:02,,
2024-11-11,ศาลายา,Sala Ya,0,0,17:22,17:22,17:23,17:23,,
2024-11-11,นครปฐม,Nakhon Pathom,0,0,17:48,17:48,17:50,17:50,,
2024-11-11,บ้านโป่ง,Ban Pong,0,0,18:08,18:08,18:09,18:09,,
2024-11-11,ราชบุรี,Ratchaburi,0,0,18:37,18:37,18:47,18:47,,
2024-11-11,เพชรบุรี,Phetchaburi,-6,0,19:30,19:24,19:31,19:31,,
2024-11-11,หัวหิน,Hua Hin,0,0,20:20,20:20,20:25,20:25,,
2024-11-11,ประจวบคีรีขันธ์,Prachuap Khiri Khan,0,0,21:40,21:40,21:41,21:41,,
2024-11-11,ชุมพร,Chumphon,9,9,23:55,00:04,00:05,00:14,,
2024-11-11,สุราษฎร์ธานี,Surat Thani,30,30,02:20,02:50,02:23,02:53,,
2024-11-11,ชุมทางทุ่งสง,Thung Song Junction,24,21,04:08,04:32,04:18,04:39,,
2024-11-11,พัทลุง,Phatthalung,10,10,05:51,06:01,05:53,06:03,,
2024-11-11,ชุมทางหาดใหญ่,Hat Yai Junction,10,10,07:05,07:15,07:05,07:15,,
2024-11-12,กรุงเทพอภิวัฒน์,Bangkok (Krung Thep Aphiwat),-12,0,16:30,16:18,16:50,16:50,,
2024-11-12,บางบำหรุ,Bang Bamru,0,0,17:01,17:01,17:02,17:02,,
2024-11-12,ศาลายา,Sala Ya,0,0,17:22,17:22,17:23,17:23,,
2024-11-12,นครปฐม,Nakhon Pathom,1,1,17:48,17:49,17:50,17:51,,
2024-11-12,บ้านโป่ง,Ban Pong,1,1,18:08,18:09,18:09,18:10,,
2024-11-12,ราชบุรี,Ratchaburi,0,0,18:37,18:37,18:47,18:47,,
2024-11-12,เพชรบุรี,Phetchaburi,-6,0,19:30,19:24,19:31,19:31,,
2024-11-12,หัวหิน,Hua Hin,0,0,20:20,20:20,20:25,20:25,,
2024-11-12,ประจวบคีรีขันธ์,Prachuap Khiri Khan,-9,0,21:40,21:31,21:41,21:41,,
2024-11-12,ชุมพร,Chumphon,-14,0,23:55,23:41,00:05,00:05,,
2024-11-12,สุราษฎร์ธานี,Surat Thani,12,12,02:20,02:32,02:23,02:35,,
2024-11-12,ชุมทางทุ่งสง,Thung Song Junction,15,15,04:08,04:23,04:18,04:33,,
2024-11-12,พัทลุง,Phatthalung,0,0,05:51,05:51,05:53,05:53,,
2024-11-12,ชุมทางหาดใหญ่,Hat Yai Junction,5,5,07:05,07:10,07:05,07:10,,
2024-11-13,กรุงเทพอภิวัฒน์,Bangkok (Krung Thep Aphiwat),-18,0,16:30,16:12,16:50,16:50,,
2024-11-13,บางบำหรุ,Bang Bamru,0,0,17:01,17:01,17:02,17:02,,
2024-11-13,ศาลายา,Sala Ya,0,0,17:22,17:22,17:23,17:23,,
2024-11-13,นครปฐม,Nakhon Pathom,0,0,17:48,17:48,17:50,17:50,,
2024-11-13,บ้านโป่ง,Ban Pong,1,1,18:08,18:09,18:09,18:10,,
2024-11-13,ราชบุรี,Ratchaburi,0,0,18:37,18:37,18:47,18:47,,
2024-11-13,เพชรบุรี,Phetchaburi,-9,0,19:30,19:21,19:31,19:31,,
2024-11-13,หัวหิน,Hua Hin,0,0,20:20,20:20,20:25,20:25,,
2024-11-13,ประจวบคีรีขันธ์,Prachuap Khiri Khan,-9,0,21:40,21:31,21:41,21:41,,
2024-11-13,ชุมพร,Chumphon,-2,0,23:55,23:53,00:05,00:05,,
2024-11-13,สุราษฎร์ธานี,Surat Thani,25,28,02:20,02:45,02:23,02:51,,
2024-11-13,ชุมทางทุ่งสง,Thung Song Junction,22,20,04:08,04:30,04:18,04:38,,
2024-11-13,พัทลุง,Phatthalung,9,9,05:51,06:00,05:53,06:02,,
2024-11-13,ชุมทางหาดใหญ่,Hat Yai Junction,16,16,07:05,07:21,07:05,07:21,,
2024-11-14,กรุงเทพอภิวัฒน์,Bangkok (Krung Thep Aphiwat),-11,0,16:30,16:19,16:50,16:50,,
2024-11-14,บางบำหรุ,Bang Bamru,0,0,17:01,17:01,17:02,17:02,,
2024-11-14,ศาลายา,Sala Ya,0,0,17:22,17:22,17:23,17:23,,
2024-11-14,นครปฐม,Nakhon Pathom,0,0,17:48,17:48,17:50,17:50,,
2024-11-14,บ้านโป่ง,Ban Pong,0,0,18:08,18:08,18:09,18:09,,
2024-11-14,ราชบุรี,Ratchaburi,0,0,18:37,18:37,18:47,18:47,,
2024-11-14,เพชรบุรี,Phetchaburi,-5,0,19:30,19:25,19:31,19:31,,
2024-11-14,หัวหิน,Hua Hin,0,0,20:20,20:20,20:25,20:25,,
2024-11-14,ประจวบคีรีขันธ์,Prachuap Khiri Khan,-8,0,21:40,21:32,21:41,21:41,,
2024-11-14,ชุมพร,Chumphon,-12,0,23:55,23:43,00:05,00:05,,
2024-11-14,สุราษฎร์ธานี,Surat Thani,29,28,02:20,02:49,02:23,02:51,,
2024-11-14,ชุมทางทุ่งสง,Thung Song Junction,27,24,04:08,04:35,04:18,04:42,,
2024-11-14,พัทลุง,Phatthalung,14,14,05:51,06:05,05:53,06:07,,
2024-11-14,ชุมทางหาดใหญ่,Hat Yai Junction,15,15,07:05,07:20,07:05,07:20,,
2024-11-15,กรุงเทพอภิวัฒน์,Bangkok (Krung Thep Aphiwat),-11,0,16:30,16:19,16:50,16:50,,
2024-11-15,บางบำหรุ,Bang Bamru,0,0,17:01,17:01,17:02,17:02,,
2024-11-15,ศาลายา,Sala Ya,0,0,17:22,17:22,17:23,17:23,,
2024-11-15,นครปฐม,Nakhon Pathom,2,2,17:48,17:50,17:50,17:52,,
2024-11-15,บ้านโป่ง,Ban Pong,0,0,18:08,18:08,18:09,18:09,,
2024-11-15,ราชบุรี,Ratchaburi,0,0,18:37,18:37,18:47,18:47,,
2024-11-15,เพชรบุรี,Phetchaburi,-6,0,19:30,19:24,19:31,19:31,,
2024-11-15,หัวหิน,Hua Hin,0,0,20:20,20:20,20:25,20:25,,
2024-11-15,ประจวบคีรีขันธ์,Prachuap Khiri Khan,-5,0,21:40,21:35,21:41,21:41,,
2024-11-15,ชุมพร,Chumphon,11,12,23:55,00:06,00:05,00:17,,
2024-11-15,สุราษฎร์ธานี,Surat Thani,22,22,02:20,02:42,02:23,02:45,,
2024-11-15,ชุมทางทุ่งสง,Thung Song Junction,30,30,04:08,04:38,04:18,04:48,,
2024-11-15,พัทลุง,Phatthalung,23,23,05:51,06:14,05:53,06:16,,
2024-11-15,ชุมทางหาดใหญ่,Hat Yai Junction,19,19,07:05,07:24,07:05,07:24,,
2024-11-16,กรุงเทพอภิวัฒน์,Bangkok (Krung Thep Aphiwat),-10,0,16:30,16:20,16:50,16:50,,
2024-11-16,บางบำหรุ,Bang Bamru,0,0,17:01,17:01,17:02,17:02,,
2024-11-16,ศาลายา,Sala Ya,0,0,17:22,17:22,17:23,17:23,,
2024-11-16,นครปฐม,Nakhon Pathom,0,0,17:48,17:48,17:50,17:50,,
2024-11-16,บ้านโป่ง,Ban Pong,0,0,18:08,18:08,18:09,18:09,,
2024-11-16,ราชบุรี,Ratchaburi,0,0,18:37,18:37,18:47,18:47,,
2024-11-16,เพชรบุรี,Phetchaburi,-4,0,19:30,19:26,19:31,19:31,,
2024-11-16,หัวหิน,Hua Hin,2,0,20:20,20:22,20:25,20:25,,
2024-11-16,ประจวบคีรีขันธ์,Prachuap Khiri Khan,-6,0,21:40,21:34,21:41,21:41,,
2024-11-16,ชุมพร,Chumphon,-1,0,23:55,23:54,00:05,00:05,,
2024-11-16,สุราษฎร์ธานี,Surat Thani,34,34,02:20,02:54,02:23,02:57,,
2024-11-16,ชุมทางทุ่งสง,Thung Song Junction,35,32,04:08,04:43,04:18,04:50,,
2024-11-16,พัทลุง,Phatthalung,28,29,05:51,06:19,05:53,06:22,,
2024-11-16,ชุมทางหาดใหญ่,Hat Yai Junction,20,20,07:05,07:25,07:05,07:25,,
2024-11-17,กรุงเทพอภิวัฒน์,Bangkok (Krung Thep Aphiwat),-6,0,16:30,16:24,16:50,16:50,,
2024-11-17,บางบำหรุ,Bang Bamru,7,16,17:01,17:08,17:02,17:18,,
2024-11-17,ศาลายา,Sala Ya,15,15,17:22,17:37,17:23,17:38,,
2024-11-17,นครปฐม,Nakhon Pathom,15,15,17:48,18:03,17:50,18:05,,
2024-11-17,บ้านโป่ง,Ban Pong,15,15,18:08,18:23,18:09,18:24,,
2024-11-17,ราชบุรี,Ratchaburi,13,6,18:37,18:50,18:47,18:53,,
2024-11-17,เพชรบุรี,Phetchaburi,-1,0,19:30,19:29,19:31,19:31,,
2024-11-17,หัวหิน,Hua Hin,2,2,20:20,20:22,20:25,20:27,,
2024-11-17,ประจวบคีรีขันธ์,Prachuap Khiri Khan,-7,0,21:40,21:33,21:41,21:41,,
2024-11-17,ชุมพร,Chumphon,-8,0,23:55,23:47,00:05,00:05,,
2024-11-17,สุราษฎร์ธานี,Surat Thani,22,22,02:20,02:42,02:23,02:45,,
2024-11-17,ชุมทางทุ่งสง,Thung Song Junction,14,13,04:08,04:22,04:18,04:31,,
2024-11-17,พัทลุง,Phatthalung,0,0,05:51,05:51,05:53,05:53,,
2024-11-17,ชุมทางหาดใหญ่,Hat Yai Junction,5,5,07:05,07:10,07:05,07:10,,
2024-11-18,กรุงเทพอภิวัฒน์,Bangkok (Krung Thep Aphiwat),-9,15,16:30,16:21,16:50,17:05,,
2024-11-18,บางบำหรุ,Bang Bamru,14,14,17:01,17:15,17:02,17:16,,
2024-11-18,ศาลายา,Sala Ya,13,13,17:22,17:35,17:23,17:36,,
2024-11-18,นครปฐม,Nakhon Pathom,13,13,17:48,18:01,17:50,18:03,,
2024-11-18,บ้านโป่ง,Ban Pong,13,13,18:08,18:21,18:09,18:22,,
2024-11-18,ราชบุรี,Ratchaburi,8,2,18:37,18:45,18:47,18:49,,
2024-11-18,เพชรบุรี,Phetchaburi,-8,0,19:30,19:22,19:31,19:31,,
2024-11-18,หัวหิน,Hua Hin,-2,0,20:20,20:18,20:25,20:25,,
2024-11-18,ประจวบคีรีขันธ์,Prachuap Khiri Khan,-12,0,21:40,21:28,21:41,21:41,,
2024-11-18,ชุมพร,Chumphon,-8,0,23:55,23:47,00:05,00:05,,
2024-11-18,สุราษฎร์ธานี,Surat Thani,22,22,02:20,02:42,02:23,02:45,,
2024-11-18,ชุมทางทุ่งสง,Thung Song Junction,19,16,04:08,04:27,04:18,04:34,,
2024-11-18,พัทลุง,Phatthalung,0,0,05:51,05:51,05:53,05:53,,
2024-11-18,ชุมทางหาดใหญ่,Hat Yai Junction,0,0,07:05,07:05,07:05,07:05,,
2024-11-19,กรุงเทพอภิวัฒน์,Bangkok (Krung Thep Aphiwat),-12,0,16:30,16:18,16:50,16:50,,
2024-11-19,บางบำหรุ,Bang Bamru,0,0,17:01,17:01,17:02,17:02,,
2024-11-19,ศาลายา,Sala Ya,0,0,17:22,17:22,17:23,17:23,,
2024-11-19,นครปฐม,Nakhon Pathom,0,0,17:48,17:48,17:50,17:50,,
2024-11-19,บ้านโป่ง,Ban Pong,4,4,18:08,18:12,18:09,18:13,,
2024-11-19,ราชบุรี,Ratchaburi,0,0,18:37,18:37,18:47,18:47,,
2024-11-19,เพชรบุรี,Phetchaburi,-7,0,19:30,19:23,19:31,19:31,,
2024-11-19,หัวหิน,Hua Hin,0,0,20:20,20:20,20:25,20:25,,
2024-11-19,ประจวบคีรีขันธ์,Prachuap Khiri Khan,-11,0,21:40,21:29,21:41,21:41,,
2024-11-19,ชุมพร,Chumphon,-3,0,23:55,23:52,00:05,00:05,,
2024-11-19,สุราษฎร์ธานี,Surat Thani,10,10,02:20,02:30,02:23,02:33,,
2024-11-19,ชุมทางทุ่งสง,Thung Song Junction,11,10,04:08,04:19,04:18,04:28,,
2024-11-19,พัทลุง,Phatthalung,0,0,05:51,05:51,05:53,05:53,,
2024-11-19,ชุมทางหาดใหญ่,Hat Yai Junction,5,5,07:05,07:10,07:05,07:10,,
2024-11-20,กรุงเทพอภิวัฒน์,Bangkok (Krung Thep Aphiwat),-11,0,16:30,16:19,16:50,16:50,"เนื่องจากผ่านพื้นที่ก่อสร้าง, รอหลีกขบวนรถ","due to Passing construction site, Wait for track cleared"
2024-11-20,บางบำหรุ,Bang Bamru,0,0,17:01,17:01,17:02,17:02,"เนื่องจากผ่านพื้นที่ก่อสร้าง, รอหลีกขบวนรถ","due to Passing construction site, Wait for track cleared"
2024-11-20,ศาลายา,Sala Ya,0,0,17:22,17:22,17:23,17:23,"เนื่องจากผ่านพื้นที่ก่อสร้าง, รอหลีกขบวนรถ","due to Passing construction site, Wait for track cleared"
2024-11-20,นครปฐม,Nakhon Pathom,0,0,17:48,17:48,17:50,17:50,"เนื่องจากผ่านพื้นที่ก่อสร้าง, รอหลีกขบวนรถ","due to Passing construction site, Wait for track cleared"
2024-11-20,บ้านโป่ง,Ban Pong,3,3,18:08,18:11,18:09,18:12,"เนื่องจากผ่านพื้นที่ก่อสร้าง, รอหลีกขบวนรถ","due to Passing construction site, Wait for track cleared"
2024-11-20,ราชบุรี,Ratchaburi,0,0,18:37,18:37,18:47,18:47,"เนื่องจากผ่านพื้นที่ก่อสร้าง, รอหลีกขบวนรถ","due to Passing construction site, Wait for track cleared"
2024-11-20,เพชรบุรี,Phetchaburi,-5,0,19:30,19:25,19:31,19:31,"เนื่องจากผ่านพื้นที่ก่อสร้าง, รอหลีกขบวนรถ","due to Passing construction site, Wait for track cleared"
2024-11-20,หัวหิน,Hua Hin,0,0,20:20,20:20,20:25,20:25,"เนื่องจากผ่านพื้นที่ก่อสร้าง, รอหลีกขบวนรถ","due to Passing construction site, Wait for track cleared"
2024-11-20,ประจวบคีรีขันธ์,Prachuap Khiri Khan,-9,0,21:40,21:31,21:41,21:41,"เนื่องจากผ่านพื้นที่ก่อสร้าง, รอหลีกขบวนรถ","due to Passing construction site, Wait for track cleared"
2024-11-20,ชุมพร,Chumphon,-11,5,23:55,23:44,00:05,00:10,"เนื่องจากผ่านพื้นที่ก่อสร้าง, รอหลีกขบวนรถ","due to Passing construction site, Wait for track cleared"
2024-11-20,สุราษฎร์ธานี,Surat Thani,28,28,02:20,02:48,02:23,02:51,"เนื่องจากผ่านพื้นที่ก่อสร้าง, รอหลีกขบวนรถ","due to Passing construction site, Wait for track cleared"
2024-11-20,ชุมทางทุ่งสง,Thung Song Junction,26,24,04:08,04:34,04:18,04:42,"เนื่องจากผ่านพื้นที่ก่อสร้าง, รอหลีกขบวนรถ","due to Passing construction site, Wait for track cleared"
2024-11-20,พัทลุง,Phatthalung,10,10,05:51,06:01,05:53,06:03,"เนื่องจากผ่านพื้นที่ก่อสร้าง, รอหลีกขบวนรถ","due to Passing construction site, Wait for track cleared"
2024-11-20,ชุมทางหาดใหญ่,Hat Yai Junction,55,55,07:05,08:00,07:05,08:00,"เนื่องจากผ่านพื้นที่ก่อสร้าง, รอหลีกขบวนรถ","due to Passing construction site, Wait for track cleared"
2024-11-21,กรุงเทพอภิวัฒน์,Bangkok (Krung Thep Aphiwat),-11,0,16:30,16:19,16:50,16:50,,
2024-11-21,บางบำหรุ,Bang Bamru,0,0,17:01,17:01,17:02,17:02,,
2024-11-21,ศาลายา,Sala Ya,0,0,17:22,17:22,17:23,17:23,,
2024-11-21,นครปฐม,Nakhon Pathom,3,3,17:48,17:51,17:50,17:53,,
2024-11-21,บ้านโป่ง,Ban Pong,6,6,18:08,18:14,18:09,18:15,,
2024-11-21,ราชบุรี,Ratchaburi,6,0,18:37,18:43,18:47,18:47,,
2024-11-21,เพชรบุรี,Phetchaburi,-2,0,19:30,19:28,19:31,19:31,,
2024-11-21,หัวหิน,Hua Hin,3,1,20:20,20:23,20:25,20:26,,
2024-11-21,ประจวบคีรีขันธ์,Prachuap Khiri Khan,-5,0,21:40,21:35,21:41,21:41,,
2024-11-21,ชุมพร,Chumphon,4,11,23:55,23:59,00:05,00:16,,
2024-11-21,สุราษฎร์ธานี,Surat Thani,14,14,02:20,02:34,02:23,02:37,,
2024-11-21,ชุมทางทุ่งสง,Thung Song Junction,6,6,04:08,04:14,04:18,04:24,,
2024-11-21,พัทลุง,Phatthalung,0,0,05:51,05:51,05:53,05:53,,
2024-11-21,ชุมทางหาดใหญ่,Hat Yai Junction,10,10,07:05,07:15,07:05,07:15,,
2024-11-22,กรุงเทพอภิวัฒน์,Bangkok (Krung Thep Aphiwat),-10,0,16:30,16:20,16:50,16:50,,
2024-11-22,บางบำหรุ,Bang Bamru,0,0,17:01,17:01,17:02,17:02,,
2024-11-22,ศาลายา,Sala Ya,2,2,17:22,17:24,17:23,17:25,,
2024-11-22,นครปฐม,Nakhon Pathom,6,6,17:48,17:54,17:50,17:56,,
2024-11-22,บ้านโป่ง,Ban Pong,8,8,18:08,18:16,18:09,18:17,,
2024-11-22,ราชบุรี,Ratchaburi,6,0,18:37,18:43,18:47,18:47,,
2024-11-22,เพชรบุรี,Phetchaburi,-4,0,19:30,19:26,19:31,19:31,,
2024-11-22,หัวหิน,Hua Hin,2,0,20:20,20:22,20:25,20:25,,
2024-11-22,ประจวบคีรีขันธ์,Prachuap Khiri Khan,-6,0,21:40,21:34,21:41,21:41,,
2024-11-22,ชุมพร,Chumphon,13,14,23:55,00:08,00:05,00:19,,
2024-11-22,สุราษฎร์ธานี,Surat Thani,38,38,02:20,02:58,02:23,03:01,,
2024-11-22,ชุมทางทุ่งสง,Thung Song Junction,39,36,04:08,04:47,04:18,04:54,,
2024-11-22,พัทลุง,Phatthalung,25,25,05:51,06:16,05:53,06:18,,
2024-11-22,ชุมทางหาดใหญ่,Hat Yai Junction,20,20,07:05,07:25,07:05,07:25,,
2024-11-23,กรุงเทพอภิวัฒน์,Bangkok (Krung Thep Aphiwat),-21,0,16:30,16:09,16:50,16:50,,
2024-11-23,บางบำหรุ,Bang Bamru,0,1,17:01,17:01,17:02,17:03,,
2024-11-23,ศาลายา,Sala Ya,0,1,17:22,17:22,17:23,17:24,,
2024-11-23,นครปฐม,Nakhon Pathom,3,3,17:48,17:51,17:50,17:53,,
2024-11-23,บ้านโป่ง,Ban Pong,5,5,18:08,18:13,18:09,18:14,,
2024-11-23,ราชบุรี,Ratchaburi,3,0,18:37,18:40,18:47,18:47,,
2024-11-23,เพชรบุรี,Phetchaburi,-6,0,19:30,19:24,19:31,19:31,,
2024-11-23,หัวหิน,Hua Hin,0,0,20:20,20:20,20:25,20:25,,
2024-11-23,ประจวบคีรีขันธ์,Prachuap Khiri Khan,-5,0,21:40,21:35,21:41,21:41,,
2024-11-23,ชุมพร,Chumphon,-1,0,23:55,23:54,00:05,00:05,,
2024-11-23,สุราษฎร์ธานี,Surat Thani,23,23,02:20,02:43,02:23,02:46,,
2024-11-23,ชุมทางทุ่งสง,Thung Song Junction,25,25,04:08,04:33,04:18,04:43,,
2024-11-23,พัทลุง,Phatthalung,14,14,05:51,06:05,05:53,06:07,,
2024-11-23,ชุมทางหาดใหญ่,Hat Yai Junction,15,15,07:05,07:20,07:05,07:20,,
2024-11-24,กรุงเทพอภิวัฒน์,Bangkok (Krung Thep Aphiwat),-8,0,16:30,16:22,16:50,16:50,,
2024-11-24,บางบำหรุ,Bang Bamru,0,0,17:01,17:01,17:02,17:02,,
2024-11-24,ศาลายา,Sala Ya,0,0,17:22,17:22,17:23,17:23,,
2024-11-24,นครปฐม,Nakhon Pathom,0,0,17:48,17:48,17:50,17:50,,
2024-11-24,บ้านโป่ง,Ban Pong,2,2,18:08,18:10,18:09,18:11,,
2024-11-24,ราชบุรี,Ratchaburi,0,0,18:37,18:37,18:47,18:47,,
2024-11-24,เพชรบุรี,Phetchaburi,-6,0,19:30,19:24,19:31,19:31,,
2024-11-24,หัวหิน,Hua Hin,0,0,20:20,20:20,20:25,20:25,,
2024-11-24,ประจวบคีรีขันธ์,Prachuap Khiri Khan,-9,0,21:40,21:31,21:41,21:41,,
2024-11-24,ชุมพร,Chumphon,-4,0,23:55,23:51,00:05,00:05,,
2024-11-24,สุราษฎร์ธานี,Surat Thani,15,15,02:20,02:35,02:23,02:38,,
2024-11-24,ชุมทางทุ่งสง,Thung Song Junction,19,16,04:08,04:27,04:18,04:34,,
2024-11-24,พัทลุง,Phatthalung,8,8,05:51,05:59,05:53,06:01,,
2024-11-24,ชุมทางหาดใหญ่,Hat Yai Junction,11,11,07:05,07:16,07:05,07:16,,
2024-11-25,กรุงเทพอภิวัฒน์,Bangkok (Krung Thep Aphiwat),-10,0,16:30,16:20,16:50,16:50,เนื่องจากรอหลีกขบวนรถ,due to Wait for track cleared
2024-11-25,บางบำหรุ,Bang Bamru,0,0,17:01,17:01,17:02,17:02,เนื่องจากรอหลีกขบวนรถ,due to Wait for track cleared
2024-11-25,ศาลายา,Sala Ya,0,0,17:22,17:22,17:23,17:23,เนื่องจากรอหลีกขบวนรถ,due to Wait for track cleared
2024-11-25,นครปฐม,Nakhon Pathom,0,0,17:48,17:48,17:50,17:50,เนื่องจากรอหลีกขบวนรถ,due to Wait for track cleared
2024-11-25,บ้านโป่ง,Ban Pong,1,1,18:08,18:09,18:09,18:10,เนื่องจากรอหลีกขบวนรถ,due to Wait for track cleared
2024-11-25,ราชบุรี,Ratchaburi,0,0,18:37,18:37,18:47,18:47,เนื่องจากรอหลีกขบวนรถ,due to Wait for track cleared
2024-11-25,เพชรบุรี,Phetchaburi,-4,0,19:30,19:26,19:31,19:31,เนื่องจากรอหลีกขบวนรถ,due to Wait for track cleared
2024-11-25,หัวหิน,Hua Hin,3,2,20:20,20:23,20:25,20:27,เนื่องจากรอหลีกขบวนรถ,due to Wait for track cleared
2024-11-25,ประจวบคีรีขันธ์,Prachuap Khiri Khan,-4,0,21:40,21:36,21:41,21:41,เนื่องจากรอหลีกขบวนรถ,due to Wait for track cleared
2024-11-25,ชุมพร,Chumphon,11,12,23:55,00:06,00:05,00:17,เนื่องจากรอหลีกขบวนรถ,due to Wait for track cleared
2024-11-25,สุราษฎร์ธานี,Surat Thani,43,43,02:20,03:03,02:23,03:06,เนื่องจากรอหลีกขบวนรถ,due to Wait for track cleared
2024-11-25,ชุมทางทุ่งสง,Thung Song Junction,44,43,04:08,04:52,04:18,05:01,เนื่องจากรอหลีกขบวนรถ,due to Wait for track cleared
2024-11-25,พัทลุง,Phatthalung,43,43,05:51,06:34,05:53,06:36,เนื่องจากรอหลีกขบวนรถ,due to Wait for track cleared
2024-11-25,ชุมทางหาดใหญ่,Hat Yai Junction,47,47,07:05,07:52,07:05,07:52,เนื่องจากรอหลีกขบวนรถ,due to Wait for track cleared
2024-11-26,กรุงเทพอภิวัฒน์,Bangkok (Krung Thep Aphiwat),-10,0,16:30,16:20,16:50,16:50,"เนื่องจากผ่านพื้นที่ก่อสร้าง, รถจักรขัดข้อง","due to Passing construction site, Locomotive issue"
2024-11-26,บางบำหรุ,Bang Bamru,0,0,17:01,17:01,17:02,17:02,"เนื่องจากผ่านพื้นที่ก่อสร้าง, รถจักรขัดข้อง","due to Passing construction site, Locomotive issue"
2024-11-26,ศาลายา,Sala Ya,0,0,17:22,17:22,17:23,17:23,"เนื่องจากผ่านพื้นที่ก่อสร้าง, รถจักรขัดข้อง","due to Passing construction site, Locomotive issue"
2024-11-26,นครปฐม,Nakhon Pathom,0,0,17:48,17:48,17:50,17:50,"เนื่องจากผ่านพื้นที่ก่อสร้าง, รถจักรขัดข้อง","due to Passing construction site, Locomotive issue"
2024-11-26,บ้านโป่ง,Ban Pong,1,1,18:08,18:09,18:09,18:10,"เนื่องจากผ่านพื้นที่ก่อสร้าง, รถจักรขัดข้อง","due to Passing construction site, Locomotive issue"
2024-11-26,ราชบุรี,Ratchaburi,0,0,18:37,18:37,18:47,18:47,"เนื่องจากผ่านพื้นที่ก่อสร้าง, รถจักรขัดข้อง","due to Passing construction site, Locomotive issue"
2024-11-26,เพชรบุรี,Phetchaburi,-5,0,19:30,19:25,19:31,19:31,"เนื่องจากผ่านพื้นที่ก่อสร้าง, รถจักรขัดข้อง","due to Passing construction site, Locomotive issue"
2024-11-26,หัวหิน,Hua Hin,-2,0,20:20,20:18,20:25,20:25,"เนื่องจากผ่านพื้นที่ก่อสร้าง, รถจักรขัดข้อง","due to Passing construction site, Locomotive issue"
2024-11-26,ประจวบคีรีขันธ์,Prachuap Khiri Khan,-9,0,21:40,21:31,21:41,21:41,"เนื่องจากผ่านพื้นที่ก่อสร้าง, รถจักรขัดข้อง","due to Passing construction site, Locomotive issue"
2024-11-26,ชุมพร,Chumphon,2,23,23:55,23:57,00:05,00:28,"เนื่องจากผ่านพื้นที่ก่อสร้าง, รถจักรขัดข้อง","due to Passing construction site, Locomotive issue"
2024-11-26,สุราษฎร์ธานี,Surat Thani,45,45,02:20,03:05,02:23,03:08,"เนื่องจากผ่านพื้นที่ก่อสร้าง, รถจักรขัดข้อง","due to Passing construction site, Locomotive issue"
2024-11-26,ชุมทางทุ่งสง,Thung Song Junction,49,47,04:08,04:57,04:18,05:05,"เนื่องจากผ่านพื้นที่ก่อสร้าง, รถจักรขัดข้อง","due to Passing construction site, Locomotive issue"
2024-11-26,พัทลุง,Phatthalung,37,37,05:51,06:28,05:53,06:30,"เนื่องจากผ่านพื้นที่ก่อสร้าง, รถจักรขัดข้อง","due to Passing construction site, Locomotive issue"
2024-11-26,ชุมทางหาดใหญ่,Hat Yai Junction,45,45,07:05,07:50,07:05,07:50,"เนื่องจากผ่านพื้นที่ก่อสร้าง, รถจักรขัดข้อง","due to Passing construction site, Locomotive issue"
2024-11-27,กรุงเทพอภิวัฒน์,Bangkok (Krung Thep Aphiwat),-10,0,16:30,16:20,16:50,16:50,,
2024-11-27,บางบำหรุ,Bang Bamru,0,0,17:01,17:01,17:02,17:02,,
2024-11-27,ศาลายา,Sala Ya,-1,0,17:22,17:21,17:23,17:23,,
2024-11-27,นครปฐม,Nakhon Pathom,0,0,17:48,17:48,17:50,17:50,,
2024-11-27,บ้านโป่ง,Ban Pong,3,3,18:08,18:11,18:09,18:12,,
2024-11-27,ราชบุรี,Ratchaburi,2,0,18:37,18:39,18:47,18:47,,
2024-11-27,เพชรบุรี,Phetchaburi,-4,0,19:30,19:26,19:31,19:31,,
2024-11-27,หัวหิน,Hua Hin,5,5,20:20,20:25,20:25,20:30,,
2024-11-27,ประจวบคีรีขันธ์,Prachuap Khiri Khan,-5,0,21:40,21:35,21:41,21:41,,
2024-11-27,ชุมพร,Chumphon,6,5,23:55,00:01,00:05,00:10,,
2024-11-27,สุราษฎร์ธานี,Surat Thani,42,42,02:20,03:02,02:23,03:05,,
2024-11-27,ชุมทางทุ่งสง,Thung Song Junction,37,35,04:08,04:45,04:18,04:53,,
2024-11-27,พัทลุง,Phatthalung,21,21,05:51,06:12,05:53,06:14,,
2024-11-27,ชุมทางหาดใหญ่,Hat Yai Junction,20,20,07:05,07:25,07:05,07:25,,
2024-11-28,กรุงเทพอภิวัฒน์,Bangkok (Krung Thep Aphiwat),-12,0,16:30,16:18,16:50,16:50,,
2024-11-28,บางบำหรุ,Bang Bamru,0,0,17:01,17:01,17:02,17:02,,
2024-11-28,ศาลายา,Sala Ya,0,0,17:22,17:22,17:23,17:23,,
2024-11-28,นครปฐม,Nakhon Pathom,0,0,17:48,17:48,17:50,17:50,,
2024-11-28,บ้านโป่ง,Ban Pong,2,2,18:08,18:10,18:09,18:11,,
2024-11-28,ราชบุรี,Ratchaburi,0,0,18:37,18:37,18:47,18:47,,
2024-11-28,เพชรบุรี,Phetchaburi,-7,0,19:30,19:23,19:31,19:31,,
2024-11-28,หัวหิน,Hua Hin,-4,0,20:20,20:16,20:25,20:25,,
2024-11-28,ประจวบคีรีขันธ์,Prachuap Khiri Khan,-8,0,21:40,21:32,21:41,21:41,,
2024-11-28,ชุมพร,Chumphon,-4,3,23:55,23:51,00:05,00:08,,
2024-11-28,สุราษฎร์ธานี,Surat Thani,18,18,02:20,02:38,02:23,02:41,,
2024-11-28,ชุมทางทุ่งสง,Thung Song Junction,15,11,04:08,04:23,04:18,04:29,,
2024-11-28,พัทลุง,Phatthalung,4,4,05:51,05:55,05:53,05:57,,
2024-11-28,ชุมทางหาดใหญ่,Hat Yai Junction,20,20,07:05,07:25,07:05,07:25,,
2024-11-29,กรุงเทพอภิวัฒน์,Bangkok (Krung Thep Aphiwat),0,0,16:30,,16:50,,,
2024-11-29,บางบำหรุ,Bang Bamru,0,0,17:01,,17:02,,,
2024-11-29,ศาลายา,Sala Ya,0,0,17:22,,17:23,,,
2024-11-29,นครปฐม,Nakhon Pathom,0,0,17:48,,17:50,,,
2024-11-29,บ้านโป่ง,Ban Pong,0,0,18:08,,18:09,,,
2024-11-29,ราชบุรี,Ratchaburi,0,0,18:37,,18:47,,,
2024-11-29,เพชรบุรี,Phetchaburi,0,0,19:30,,19:31,,,
2024-11-29,หัวหิน,Hua Hin,0,0,20:20,,20:25,,,
2024-11-29,ประจวบคีรีขันธ์,Prachuap Khiri Khan,0,0,21:40,,21:41,,,
2024-11-29,ชุมพร,Chumphon,0,0,23:55,,00:05,,,
2024-11-29,สุราษฎร์ธานี,Surat Thani,0,0,02:20,,02:23,,,
2024-11-29,ชุมทางทุ่งสง,Thung Song Junction,0,0,04:08,,04:18,,,
2024-11-29,พัทลุง,Phatthalung,0,0,05:51,,05:53,,,
2024-11-29,ชุมทางหาดใหญ่,Hat Yai Junction,0,0,07:05,,07:05,,,
2024-11-30,กรุงเทพอภิวัฒน์,Bangkok (Krung Thep Aphiwat),0,0,16:30,,16:50,,,
2024-11-30,บางบำหรุ,Bang Bamru,0,0,17:01,,17:02,,,
2024-11-30,ศาลายา,Sala Ya,0,0,17:22,,17:23,,,
2024-11-30,นครปฐม,Nakhon Pathom,0,0,17:48,,17:50,,,
2024-11-30,บ้านโป่ง,Ban Pong,0,0,18:08,,18:09,,,
2024-11-30,ราชบุรี,Ratchaburi,0,0,18:37,,18:47,,,
2024-11-30,เพชรบุรี,Phetchaburi,0,0,19:30,,19:31,,,
2024-11-30,หัวหิน,Hua Hin,0,0,20:20,,20:25,,,
2024-11-30,ประจวบคีรีขันธ์,Prachuap Khiri Khan,0,0,21:40,,21:41,,,
2024-11-30,ชุมพร,Chumphon,0,0,23:55,,00:05,,,
2024-11-30,สุราษฎร์ธานี,Surat Thani,0,0,02:20,,02:23,,,
2024-11-30,ชุมทางทุ่งสง,Thung Song Junction,0,0,04:08,,04:18,,,
2024-11-30,พัทลุง,Phatthalung,0,0,05:51,,05:53,,,
2024-11-30,ชุมทางหาดใหญ่,Hat Yai Junction,0,0,07:05,,07:05,,,
2024-12-01,กรุงเทพอภิวัฒน์,Bangkok (Krung Thep Aphiwat),0,0,16:30,,16:50,,,
2024-12-01,บางบำหรุ,Bang Bamru,0,0,17:01,,17:02,,,
2024-12-01,ศาลายา,Sala Ya,0,0,17:22,,17:23,,,
2024-12-01,นครปฐม,Nakhon Pathom,0,0,17:48,,17:50,,,
2024-12-01,บ้านโป่ง,Ban Pong,0,0,18:08,,18:09,,,
2024-12-01,ราชบุรี,Ratchaburi,0,0,18:37,,18:47,,,
2024-12-01,เพชรบุรี,Phetchaburi,0,0,19:30,,19:31,,,
2024-12-01,หัวหิน,Hua Hin,0,0,20:20,,20:25,,,
2024-12-01,ประจวบคีรีขันธ์,Prachuap Khiri Khan,0,0,21:40,,21:41,,,
2024-12-01,ชุมพร,Chumphon,0,0,23:55,,00:05,,,
2024-12-01,สุราษฎร์ธานี,Surat Thani,0,0,02:20,,02:23,,,
2024-12-01,ชุมทางทุ่งสง,Thung Song Junction,0,0,04:08,,04:18,,,
2024-12-01,พัทลุง,Phatthalung,0,0,05:51,,05:53,,,
2024-12-01,ชุมทางหาดใหญ่,Hat Yai Junction,0,0,07:05,,07:05,,,
2024-12-02,กรุงเทพอภิวัฒน์,Bangkok (Krung Thep Aphiwat),0,0,16:30,,16:50,,,
2024-12-02,บางบำหรุ,Bang Bamru,0,0,17:01,,17:02,,,
2024-12-02,ศาลายา,Sala Ya,0,0,17:22,,17:23,,,
2024-12-02,นครปฐม,Nakhon Pathom,0,0,17:48,,17:50,,,
2024-12-02,บ้านโป่ง,Ban Pong,0,0,18:08,,18:09,,,
2024-12-02,ราชบุรี,Ratchaburi,0,0,18:37,,18:47,,,
2024-12-02,เพชรบุรี,Phetchaburi,0,0,19:30,,19:31,,,
2024-12-02,หัวหิน,Hua Hin,0,0,20:20,,20:25,,,
2024-12-02,ประจวบคีรีขันธ์,Prachuap Khiri Khan,0,0,21:40,,21:41,,,
2024-12-02,ชุมพร,Chumphon,0,0,23:55,,00:05,,,
2024-12-02,สุราษฎร์ธานี,Surat Thani,0,0,02:20,,02:23,,,
2024-12-02,ชุมทางทุ่งสง,Thung Song Junction,0,0,04:08,,04:18,,,
2024-12-02,พัทลุง,Phatthalung,0,0,05:51,,05:53,,,
2024-12-02,ชุมทางหาดใหญ่,Hat Yai Junction,0,0,07:05,,07:05,,,
2024-12-03,กรุงเทพอภิวัฒน์,Bangkok (Krung Thep Aphiwat),0,0,16:30,,16:50,,,
2024-12-03,บางบำหรุ,Bang Bamru,0,0,17:01,,17:02,,,
2024-12-03,ศาลายา,Sala Ya,0,0,17:22,,17:23,,,
2024-12-03,นครปฐม,Nakhon Pathom,0,0,17:48,,17:50,,,
2024-12-03,บ้านโป่ง,Ban Pong,0,0,18:08,,18:09,,,
2024-12-03,ราชบุรี,Ratchaburi,0,0,18:37,,18:47,,,
2024-12-03,เพชรบุรี,Phetchaburi,0,0,19:30,,19:31,,,
2024-12-03,หัวหิน,Hua Hin,0,0,20:20,,20:25,,,
2024-12-03,ประจวบคีรีขันธ์,Prachuap Khiri Khan,0,0,21:40,,21:41,,,
2024-12-03,ชุมพร,Chumphon,0,0,23:55,,00:05,,,
2024-12-03,สุราษฎร์ธานี,Surat Thani,0,0,02:20,,02:23,,,
2024-12-03,ชุมทางทุ่งสง,Thung Song Junction,0,0,04:08,,04:18,,,
2024-12-03,พัทลุง,Phatthalung,0,0,05:51,,05:53,,,
2024-12-03,ชุมทางหาดใหญ่,Hat Yai Junction,0,0,07:05,,07:05,,,
2024-12-04,กรุงเทพอภิวัฒน์,Bangkok (Krung Thep Aphiwat),-10,0,16:30,16:20,16:50,16:50,เนื่องจากรอหลีกขบวนรถ,due to Wait for track cleared
2024-12-04,บางบำหรุ,Bang Bamru,0,0,17:01,17:01,17:02,17:02,เนื่องจากรอหลีกขบวนรถ,due to Wait for track cleared
2024-12-04,ศาลายา,Sala Ya,0,0,17:22,17:22,17:23,17:23,เนื่องจากรอหลีกขบวนรถ,due to Wait for track cleared
2024-12-04,นครปฐม,Nakhon Pathom,0,0,17:48,17:48,17:50,17:50,เนื่องจากรอหลีกขบวนรถ,due to Wait for track cleared
2024-12-04,บ้านโป่ง,Ban Pong,5,5,18:08,18:13,18:09,18:14,เนื่องจากรอหลีกขบวนรถ,due to Wait for track cleared
2024-12-04,ราชบุรี,Ratchaburi,3,0,18:37,18:40,18:47,18:47,เนื่องจากรอหลีกขบวนรถ,due to Wait for track cleared
2024-12-04,เพชรบุรี,Phetchaburi,-5,0,19:30,19:25,19:31,19:31,เนื่องจากรอหลีกขบวนรถ,due to Wait for track cleared
2024-12-04,หัวหิน,Hua Hin,0,1,20:20,20:20,20:25,20:26,เนื่องจากรอหลีกขบวนรถ,due to Wait for track cleared
2024-12-04,ประจวบคีรีขันธ์,Prachuap Khiri Khan,-4,0,21:40,21:36,21:41,21:41,เนื่องจากรอหลีกขบวนรถ,due to Wait for track cleared
2024-12-04,ชุมพร,Chumphon,16,16,23:55,00:11,00:05,00:21,เนื่องจากรอหลีกขบวนรถ,due to Wait for track cleared
2024-12-04,สุราษฎร์ธานี,Surat Thani,26,26,02:20,02:46,02:23,02:49,เนื่องจากรอหลีกขบวนรถ,due to Wait for track cleared
2024-12-04,ชุมทางทุ่งสง,Thung Song Junction,20,20,04:08,04:28,04:18,04:38,เนื่องจากรอหลีกขบวนรถ,due to Wait for track cleared
2024-12-04,พัทลุง,Phatthalung,29,35,05:51,06:20,05:53,06:28,เนื่องจากรอหลีกขบวนรถ,due to Wait for track cleared
2024-12-04,ชุมทางหาดใหญ่,Hat Yai Junction,47,47,07:05,07:52,07:05,07:52,เนื่องจากรอหลีกขบวนรถ,due to Wait for track cleared
2024-12-05,กรุงเทพอภิวัฒน์,Bangkok (Krung Thep Aphiwat),-10,0,16:30,16:20,16:50,16:50,,
2024-12-05,บางบำหรุ,Bang Bamru,1,1,17:01,17:02,17:02,17:03,,
2024-12-05,ศาลายา,Sala Ya,0,0,17:22,17:22,17:23,17:23,,
2024-12-05,นครปฐม,Nakhon Pathom,0,0,17:48,17:48,17:50,17:50,,
2024-12-05,บ้านโป่ง,Ban Pong,4,4,18:08,18:12,18:09,18:13,,
2024-12-05,ราชบุรี,Ratchaburi,2,0,18:37,18:39,18:47,18:47,,
2024-12-05,เพชรบุรี,Phetchaburi,-7,0,19:30,19:23,19:31,19:31,,
2024-12-05,หัวหิน,Hua Hin,1,0,20:20,20:21,20:25,20:25,,
2024-12-05,ประจวบคีรีขันธ์,Prachuap Khiri Khan,-9,0,21:40,21:31,21:41,21:41,,
2024-12-05,ชุมพร,Chumphon,-3,0,23:55,23:52,00:05,00:05,,
2024-12-05,สุราษฎร์ธานี,Surat Thani,6,6,02:20,02:26,02:23,02:29,,
2024-12-05,ชุมทางทุ่งสง,Thung Song Junction,0,0,04:08,04:08,04:18,04:18,,
2024-12-05,พัทลุง,Phatthalung,0,0,05:51,05:51,05:53,05:53,,
2024-12-05,ชุมทางหาดใหญ่,Hat Yai Junction,0,0,07:05,07:05,07:05,07:05,,
2024-12-06,กรุงเทพอภิวัฒน์,Bangkok (Krung Thep Aphiwat),-10,0,16:30,16:20,16:50,16:50,,
2024-12-06,บางบำหรุ,Bang Bamru,0,0,17:01,17:01,17:02,17:02,,
2024-12-06,ศาลายา,Sala Ya,0,0,17:22,17:22,17:23,17:23,,
2024-12-06,นครปฐม,Nakhon Pathom,0,0,17:48,17:48,17:50,17:50,,
2024-12-06,บ้านโป่ง,Ban Pong,2,2,18:08,18:10,18:09,18:11,,
2024-12-06,ราชบุรี,Ratchaburi,0,0,18:37,18:37,18:47,18:47,,
2024-12-06,เพชรบุรี,Phetchaburi,-4,0,19:30,19:26,19:31,19:31,,
2024-12-06,หัวหิน,Hua Hin,-2,0,20:20,20:18,20:25,20:25,,
2024-12-06,ประจวบคีรีขันธ์,Prachuap Khiri Khan,-8,0,21:40,21:32,21:41,21:41,,
2024-12-06,ชุมพร,Chumphon,-2,8,23:55,23:53,00:05,00:13,,
2024-12-06,สุราษฎร์ธานี,Surat Thani,25,25,02:20,02:45,02:23,02:48,,
2024-12-06,ชุมทางทุ่งสง,Thung Song Junction,21,19,04:08,04:29,04:18,04:37,,
2024-12-06,พัทลุง,Phatthalung,8,8,05:51,05:59,05:53,06:01,,
2024-12-06,ชุมทางหาดใหญ่,Hat Yai Junction,15,15,07:05,07:20,07:05,07:20,,
2024-12-07,กรุงเทพอภิวัฒน์,Bangkok (Krung Thep Aphiwat),-10,0,16:30,16:20,16:50,16:50,"เนื่องจากผ่านพื้นที่ก่อสร้าง, รอหลีกขบวนรถ","due to Passing construction site, Wait for track cleared"
2024-12-07,บางบำหรุ,Bang Bamru,0,0,17:01,17:01,17:02,17:02,"เนื่องจากผ่านพื้นที่ก่อสร้าง, รอหลีกขบวนรถ","due to Passing construction site, Wait for track cleared"
2024-12-07,ศาลายา,Sala Ya,0,0,17:22,17:22,17:23,17:23,"เนื่องจากผ่านพื้นที่ก่อสร้าง, รอหลีกขบวนรถ","due to Passing construction site, Wait for track cleared"
2024-12-07,นครปฐม,Nakhon Pathom,0,0,17:48,17:48,17:50,17:50,"เนื่องจากผ่านพื้นที่ก่อสร้าง, รอหลีกขบวนรถ","due to Passing construction site, Wait for track cleared"
2024-12-07,บ้านโป่ง,Ban Pong,2,2,18:08,18:10,18:09,18:11,"เนื่องจากผ่านพื้นที่ก่อสร้าง, รอหลีกขบวนรถ","due to Passing construction site, Wait for track cleared"
2024-12-07,ราชบุรี,Ratchaburi,0,0,18:37,18:37,18:47,18:47,"เนื่องจากผ่านพื้นที่ก่อสร้าง, รอหลีกขบวนรถ","due to Passing construction site, Wait for track cleared"
2024-12-07,เพชรบุรี,Phetchaburi,-5,0,19:30,19:25,19:31,19:31,"เนื่องจากผ่านพื้นที่ก่อสร้าง, รอหลีกขบวนรถ","due to Passing construction site, Wait for track cleared"
2024-12-07,หัวหิน,Hua Hin,0,0,20:20,20:20,20:25,20:25,"เนื่องจากผ่านพื้นที่ก่อสร้าง, รอหลีกขบวนรถ","due to Passing construction site, Wait for track cleared"
2024-12-07,ประจวบคีรีขันธ์,Prachuap Khiri Khan,-18,0,21:40,21:22,21:41,21:41,"เนื่องจากผ่านพื้นที่ก่อสร้าง, รอหลีกขบวนรถ","due to Passing construction site, Wait for track cleared"
2024-12-07,ชุมพร,Chumphon,-16,0,23:55,23:39,00:05,00:05,"เนื่องจากผ่านพื้นที่ก่อสร้าง, รอหลีกขบวนรถ","due to Passing construction site, Wait for track cleared"
2024-12-07,สุราษฎร์ธานี,Surat Thani,24,24,02:20,02:44,02:23,02:47,"เนื่องจากผ่านพื้นที่ก่อสร้าง, รอหลีกขบวนรถ","due to Passing construction site, Wait for track cleared"
2024-12-07,ชุมทางทุ่งสง,Thung Song Junction,29,27,04:08,04:37,04:18,04:45,"เนื่องจากผ่านพื้นที่ก่อสร้าง, รอหลีกขบวนรถ","due to Passing construction site, Wait for track cleared"
2024-12-07,พัทลุง,Phatthalung,24,27,05:51,06:15,05:53,06:20,"เนื่องจากผ่านพื้นที่ก่อสร้าง, รอหลีกขบวนรถ","due to Passing construction site, Wait for track cleared"
2024-12-07,ชุมทางหาดใหญ่,Hat Yai Junction,35,35,07:05,07:40,07:05,07:40,"เนื่องจากผ่านพื้นที่ก่อสร้าง, รอหลีกขบวนรถ","due to Passing construction site, Wait for track cleared"
2024-12-08,กรุงเทพอภิวัฒน์,Bangkok (Krung Thep Aphiwat),-7,0,16:30,16:23,16:50,16:50,,
2024-12-08,บางบำหรุ,Bang Bamru,4,3,17:01,17:05,17:02,17:05,,
2024-12-08,ศาลายา,Sala Ya,4,5,17:22,17:26,17:23,17:28,,
2024-12-08,นครปฐม,Nakhon Pathom,8,8,17:48,17:56,17:50,17:58,,
2024-12-08,บ้านโป่ง,Ban Pong,12,12,18:08,18:20,18:09,18:21,,
2024-12-08,ราชบุรี,Ratchaburi,11,3,18:37,18:48,18:47,18:50,,
2024-12-08,เพชรบุรี,Phetchaburi,-3,0,19:30,19:27,19:31,19:31,,
2024-12-08,หัวหิน,Hua Hin,2,1,20:20,20:22,20:25,20:26,,
2024-12-08,ประจวบคีรีขันธ์,Prachuap Khiri Khan,-5,0,21:40,21:35,21:41,21:41,,
2024-12-08,ชุมพร,Chumphon,-3,2,23:55,23:52,00:05,00:07,,
2024-12-08,สุราษฎร์ธานี,Surat Thani,13,13,02:20,02:33,02:23,02:36,,
2024-12-08,ชุมทางทุ่งสง,Thung Song Junction,13,12,04:08,04:21,04:18,04:30,,
2024-12-08,พัทลุง,Phatthalung,3,3,05:51,05:54,05:53,05:56,,
2024-12-08,ชุมทางหาดใหญ่,Hat Yai Junction,10,10,07:05,07:15,07:05,07:15,,
2024-12-09,กรุงเทพอภิวัฒน์,Bangkok (Krung Thep Aphiwat),-11,0,16:30,16:19,16:50,16:50,,
2024-12-09,บางบำหรุ,Bang Bamru,0,0,17:01,17:01,17:02,17:02,,
2024-12-09,ศาลายา,Sala Ya,0,0,17:22,17:22,17:23,17:23,,
2024-12-09,นครปฐม,Nakhon Pathom,0,0,17:48,17:48,17:50,17:50,,
2024-12-09,บ้านโป่ง,Ban Pong,1,1,18:08,18:09,18:09,18:10,,
2024-12-09,ราชบุรี,Ratchaburi,0,0,18:37,18:37,18:47,18:47,,
2024-12-09,เพชรบุรี,Phetchaburi,-6,0,19:30,19:24,19:31,19:31,,
2024-12-09,หัวหิน,Hua Hin,0,0,20:20,20:20,20:25,20:25,,
2024-12-09,ประจวบคีรีขันธ์,Prachuap Khiri Khan,-11,0,21:40,21:29,21:41,21:41,,
2024-12-09,ชุมพร,Chumphon,5,6,23:55,00:00,00:05,00:11,,
2024-12-09,สุราษฎร์ธานี,Surat Thani,33,33,02:20,02:53,02:23,02:56,,
2024-12-09,ชุมทางทุ่งสง,Thung Song Junction,22,20,04:08,04:30,04:18,04:38,,
2024-12-09,พัทลุง,Phatthalung,8,8,05:51,05:59,05:53,06:01,,
2024-12-09,ชุมทางหาดใหญ่,Hat Yai Junction,0,0,07:05,07:05,07:05,07:05,,
2024-12-10,กรุงเทพอภิวัฒน์,Bangkok (Krung Thep Aphiwat),-12,0,16:30,16:18,16:50,16:50,,
2024-12-10,บางบำหรุ,Bang Bamru,0,0,17:01,17:01,17:02,17:02,,
2024-12-10,ศาลายา,Sala Ya,0,0,17:22,17:22,17:23,17:23,,
2024-12-10,นครปฐม,Nakhon Pathom,0,0,17:48,17:48,17:50,17:50,,
2024-12-10,บ้านโป่ง,Ban Pong,3,3,18:08,18:11,18:09,18:12,,
2024-12-10,ราชบุรี,Ratchaburi,3,0,18:37,18:40,18:47,18:47,,
2024-12-10,เพชรบุรี,Phetchaburi,-4,0,19:30,19:26,19:31,19:31,,
2024-12-10,หัวหิน,Hua Hin,0,0,20:20,20:20,20:25,20:25,,
2024-12-10,ประจวบคีรีขันธ์,Prachuap Khiri Khan,-9,0,21:40,21:31,21:41,21:41,,
2024-12-10,ชุมพร,Chumphon,-2,0,23:55,23:53,00:05,00:05,,
2024-12-10,สุราษฎร์ธานี,Surat Thani,0,0,02:20,02:20,02:23,02:23,,
2024-12-10,ชุมทางทุ่งสง,Thung Song Junction,0,0,04:08,04:08,04:18,04:18,,
2024-12-10,พัทลุง,Phatthalung,0,0,05:51,05:51,05:53,05:53,,
2024-12-10,ชุมทางหาดใหญ่,Hat Yai Junction,0,0,07:05,07:05,07:05,07:05,,
2024-12-11,กรุงเทพอภิวัฒน์,Bangkok (Krung Thep Aphiwat),-12,0,16:30,16:18,16:50,16:50,,
2024-12-11,บางบำหรุ,Bang Bamru,0,0,17:01,17:01,17:02,17:02,,
2024-12-11,ศาลายา,Sala Ya,0,0,17:22,17:22,17:23,17:23,,
2024-12-11,นครปฐม,Nakhon Pathom,6,6,17:48,17:54,17:50,17:56,,
2024-12-11,บ้านโป่ง,Ban Pong,9,9,18:08,18:17,18:09,18:18,,
2024-12-11,ราชบุรี,Ratchaburi,7,0,18:37,18:44,18:47,18:47,,
2024-12-11,เพชรบุรี,Phetchaburi,-5,0,19:30,19:25,19:31,19:31,,
2024-12-11,หัวหิน,Hua Hin,2,0,20:20,20:22,20:25,20:25,,
2024-12-11,ประจวบคีรีขันธ์,Prachuap Khiri Khan,-10,0,21:40,21:30,21:41,21:41,,
2024-12-11,ชุมพร,Chumphon,0,0,23:55,23:55,00:05,00:05,,
2024-12-11,สุราษฎร์ธานี,Surat Thani,20,20,02:20,02:40,02:23,02:43,,
2024-12-11,ชุมทางทุ่งสง,Thung Song Junction,12,10,04:08,04:20,04:18,04:28,,
2024-12-11,พัทลุง,Phatthalung,0,0,05:51,05:51,05:53,05:53,,
2024-12-11,ชุมทางหาดใหญ่,Hat Yai Junction,10,10,07:05,07:15,07:05,07:15,,
2024-12-12,กรุงเทพอภิวัฒน์,Bangkok (Krung Thep Aphiwat),-12,0,16:30,16:18,16:50,16:50,,
2024-12-12,บางบำหรุ,Bang Bamru,0,0,17:01,17:01,17:02,17:02,,
2024-12-12,ศาลายา,Sala Ya,0,0,17:22,17:22,17:23,17:23,,
2024-12-12,นครปฐม,Nakhon Pathom,2,2,17:48,17:50,17:50,17:52,,
2024-12-12,บ้านโป่ง,Ban Pong,5,5,18:08,18:13,18:09,18:14,,
2024-12-12,ราชบุรี,Ratchaburi,4,0,18:37,18:41,18:47,18:47,,
2024-12-12,เพชรบุรี,Phetchaburi,-3,0,19:30,19:27,19:31,19:31,,
2024-12-12,หัวหิน,Hua Hin,5,3,20:20,20:25,20:25,20:28,,
2024-12-12,ประจวบคีรีขันธ์,Prachuap Khiri Khan,-5,0,21:40,21:35,21:41,21:41,,
2024-12-12,ชุมพร,Chumphon,3,3,23:55,23:58,00:05,00:08,,
2024-12-12,สุราษฎร์ธานี,Surat Thani,15,15,02:20,02:35,02:23,02:38,,
2024-12-12,ชุมทางทุ่งสง,Thung Song Junction,12,12,04:08,04:20,04:18,04:30,,
2024-12-12,พัทลุง,Phatthalung,2,2,05:51,05:53,05:53,05:55,,
2024-12-12,ชุมทางหาดใหญ่,Hat Yai Junction,0,0,07:05,07:05,07:05,07:05,,
2024-12-13,กรุงเทพอภิวัฒน์,Bangkok (Krung Thep Aphiwat),-10,0,16:30,16:20,16:50,16:50,เนื่องจากผ่านพื้นที่ก่อสร้าง,due to Passing construction site
2024-12-13,บางบำหรุ,Bang Bamru,0,1,17:01,17:01,17:02,17:03,เนื่องจากผ่านพื้นที่ก่อสร้าง,due to Passing construction site
2024-12-13,ศาลายา,Sala Ya,0,0,17:22,17:22,17:23,17:23,เนื่องจากผ่านพื้นที่ก่อสร้าง,due to Passing construction site
2024-12-13,นครปฐม,Nakhon Pathom,2,2,17:48,17:50,17:50,17:52,เนื่องจากผ่านพื้นที่ก่อสร้าง,due to Passing construction site
2024-12-13,บ้านโป่ง,Ban Pong,4,4,18:08,18:12,18:09,18:13,เนื่องจากผ่านพื้นที่ก่อสร้าง,due to Passing construction site
2024-12-13,ราชบุรี,Ratchaburi,2,0,18:37,18:39,18:47,18:47,เนื่องจากผ่านพื้นที่ก่อสร้าง,due to Passing construction site
2024-12-13,เพชรบุรี,Phetchaburi,-6,0,19:30,19:24,19:31,19:31,เนื่องจากผ่านพื้นที่ก่อสร้าง,due to Passing construction site
2024-12-13,หัวหิน,Hua Hin,-2,0,20:20,20:18,20:25,20:25,เนื่องจากผ่านพื้นที่ก่อสร้าง,due to Passing construction site
2024-12-13,ประจวบคีรีขันธ์,Prachuap Khiri Khan,-7,0,21:40,21:33,21:41,21:41,เนื่องจากผ่านพื้นที่ก่อสร้าง,due to Passing construction site
2024-12-13,ชุมพร,Chumphon,66,70,23:55,01:01,00:05,01:15,เนื่องจากผ่านพื้นที่ก่อสร้าง,due to Passing construction site
2024-12-13,สุราษฎร์ธานี,Surat Thani,76,76,02:20,03:36,02:23,03:39,เนื่องจากผ่านพื้นที่ก่อสร้าง,due to Passing construction site
2024-12-13,ชุมทางทุ่งสง,Thung Song Junction,73,71,04:08,05:21,04:18,05:29,เนื่องจากผ่านพื้นที่ก่อสร้าง,due to Passing construction site
2024-12-13,พัทลุง,Phatthalung,64,64,05:51,06:55,05:53,06:57,เนื่องจากผ่านพื้นที่ก่อสร้าง,due to Passing construction site
2024-12-13,ชุมทางหาดใหญ่,Hat Yai Junction,77,77,07:05,08:22,07:05,08:22,เนื่องจากผ่านพื้นที่ก่อสร้าง,due to Passing construction site
2024-12-14,กรุงเทพอภิวัฒน์,Bangkok (Krung Thep Aphiwat),0,0,16:30,,16:50,,,
2024-12-14,บางบำหรุ,Bang Bamru,0,0,17:01,,17:02,,,
2024-12-14,ศาลายา,Sala Ya,0,0,17:22,,17:23,,,
2024-12-14,นครปฐม,Nakhon Pathom,0,0,17:48,,17:50,,,
2024-12-14,บ้านโป่ง,Ban Pong,0,0,18:08,,18:09,,,
2024-12-14,ราชบุรี,Ratchaburi,0,0,18:37,,18:47,,,
2024-12-14,เพชรบุรี,Phetchaburi,0,0,19:30,,19:31,,,
2024-12-14,หัวหิน,Hua Hin,0,0,20:20,,20:25,,,
2024-12-14,ประจวบคีรีขันธ์,Prachuap Khiri Khan,0,0,21:40,,21:41,,,
2024-12-14,ชุมพร,Chumphon,0,0,23:55,,00:05,,,
2024-12-14,สุราษฎร์ธานี,Surat Thani,0,0,02:20,,02:23,,,
2024-12-14,ชุมทางทุ่งสง,Thung Song Junction,0,0,04:08,,04:18,,,
2024-12-14,พัทลุง,Phatthalung,0,0,05:51,,05:53,,,
2024-12-14,ชุมทางหาดใหญ่,Hat Yai Junction,0,0,07:05,,07:05,,,
2024-12-15,กรุงเทพอภิวัฒน์,Bangkok (Krung Thep Aphiwat),0,0,16:30,,16:50,,,
2024-12-15,บางบำหรุ,Bang Bamru,0,0,17:01,,17:02,,,
2024-12-15,ศาลายา,Sala Ya,0,0,17:22,,17:23,,,
2024-12-15,นครปฐม,Nakhon Pathom,0,0,17:48,,17:50,,,
2024-12-15,บ้านโป่ง,Ban Pong,0,0,18:08,,18:09,,,
2024-12-15,ราชบุรี,Ratchaburi,0,0,18:37,,18:47,,,
2024-12-15,เพชรบุรี,Phetchaburi,0,0,19:30,,19:31,,,
2024-12-15,หัวหิน,Hua Hin,0,0,20:20,,20:25,,,
2024-12-15,ประจวบคีรีขันธ์,Prachuap Khiri Khan,0,0,21:40,,21:41,,,
2024-12-15,ชุมพร,Chumphon,0,0,23:55,,00:05,,,
2024-12-15,สุราษฎร์ธานี,Surat Thani,0,0,02:20,,02:23,,,
2024-12-15,ชุมทางทุ่งสง,Thung Song Junction,0,0,04:08,,04:18,,,
2024-12-15,พัทลุง,Phatthalung,0,0,05:51,,05:53,,,
2024-12-15,ชุมทางหาดใหญ่,Hat Yai Junction,0,0,07:05,,07:05,,,
2024-12-16,กรุงเทพอภิวัฒน์,Bangkok (Krung Thep Aphiwat),-12,0,16:30,16:18,16:50,16:50,"เนื่องจากผ่านพื้นที่ก่อสร้าง, รอหลีกขบวนรถ","due to Passing construction site, Wait for track cleared"
2024-12-16,บางบำหรุ,Bang Bamru,0,0,17:01,17:01,17:02,17:02,"เนื่องจากผ่านพื้นที่ก่อสร้าง, รอหลีกขบวนรถ","due to Passing construction site, Wait for track cleared"
2024-12-16,ศาลายา,Sala Ya,0,0,17:22,17:22,17:23,17:23,"เนื่องจากผ่านพื้นที่ก่อสร้าง, รอหลีกขบวนรถ","due to Passing construction site, Wait for track cleared"
2024-12-16,นครปฐม,Nakhon Pathom,2,2,17:48,17:50,17:50,17:52,"เนื่องจากผ่านพื้นที่ก่อสร้าง, รอหลีกขบวนรถ","due to Passing construction site, Wait for track cleared"
2024-12-16,บ้านโป่ง,Ban Pong,4,4,18:08,18:12,18:09,18:13,"เนื่องจากผ่านพื้นที่ก่อสร้าง, รอหลีกขบวนรถ","due to Passing construction site, Wait for track cleared"
2024-12-16,ราชบุรี,Ratchaburi,2,0,18:37,18:39,18:47,18:47,"เนื่องจากผ่านพื้นที่ก่อสร้าง, รอหลีกขบวนรถ","due to Passing construction site, Wait for track cleared"
2024-12-16,เพชรบุรี,Phetchaburi,-5,0,19:30,19:25,19:31,19:31,"เนื่องจากผ่านพื้นที่ก่อสร้าง, รอหลีกขบวนรถ","due to Passing construction site, Wait for track cleared"
2024-12-16,หัวหิน,Hua Hin,0,0,20:20,20:20,20:25,20:25,"เนื่องจากผ่านพื้นที่ก่อสร้าง, รอหลีกขบวนรถ","due to Passing construction site, Wait for track cleared"
2024-12-16,ประจวบคีรีขันธ์,Prachuap Khiri Khan,-8,0,21:40,21:32,21:41,21:41,"เนื่องจากผ่านพื้นที่ก่อสร้าง, รอหลีกขบวนรถ","due to Passing construction site, Wait for track cleared"
2024-12-16,ชุมพร,Chumphon,37,37,23:55,00:32,00:05,00:42,"เนื่องจากผ่านพื้นที่ก่อสร้าง, รอหลีกขบวนรถ","due to Passing construction site, Wait for track cleared"
2024-12-16,สุราษฎร์ธานี,Surat Thani,63,63,02:20,03:23,02:23,03:26,"เนื่องจากผ่านพื้นที่ก่อสร้าง, รอหลีกขบวนรถ","due to Passing construction site, Wait for track cleared"
2024-12-16,ชุมทางทุ่งสง,Thung Song Junction,64,62,04:08,05:12,04:18,05:20,"เนื่องจากผ่านพื้นที่ก่อสร้าง, รอหลีกขบวนรถ","due to Passing construction site, Wait for track cleared"
2024-12-16,พัทลุง,Phatthalung,52,52,05:51,06:43,05:53,06:45,"เนื่องจากผ่านพื้นที่ก่อสร้าง, รอหลีกขบวนรถ","due to Passing construction site, Wait for track cleared"
2024-12-16,ชุมทางหาดใหญ่,Hat Yai Junction,77,77,07:05,08:22,07:05,08:22,"เนื่องจากผ่านพื้นที่ก่อสร้าง, รอหลีกขบวนรถ","due to Passing construction site, Wait for track cleared"
2024-12-17,กรุงเทพอภิวัฒน์,Bangkok (Krung Thep Aphiwat),-12,0,16:30,16:18,16:50,16:50,,
2024-12-17,บางบำหรุ,Bang Bamru,0,0,17:01,17:01,17:02,17:02,,
2024-12-17,ศาลายา,Sala Ya,0,0,17:22,17:22,17:23,17:23,,
2024-12-17,นครปฐม,Nakhon Pathom,0,0,17:48,17:48,17:50,17:50,,
2024-12-17,บ้านโป่ง,Ban Pong,2,2,18:08,18:10,18:09,18:11,,
2024-12-17,ราชบุรี,Ratchaburi,0,0,18:37,18:37,18:47,18:47,,
2024-12-17,เพชรบุรี,Phetchaburi,-5,0,19:30,19:25,19:31,19:31,,
2024-12-17,หัวหิน,Hua Hin,0,0,20:20,20:20,20:25,20:25,,
2024-12-17,ประจวบคีรีขันธ์,Prachuap Khiri Khan,-9,0,21:40,21:31,21:41,21:41,,
2024-12-17,ชุมพร,Chumphon,25,25,23:55,00:20,00:05,00:30,,
2024-12-17,สุราษฎร์ธานี,Surat Thani,38,38,02:20,02:58,02:23,03:01,,
2024-12-17,ชุมทางทุ่งสง,Thung Song Junction,32,29,04:08,04:40,04:18,04:47,,
2024-12-17,พัทลุง,Phatthalung,16,16,05:51,06:07,05:53,06:09,,
2024-12-17,ชุมทางหาดใหญ่,Hat Yai Junction,14,14,07:05,07:19,07:05,07:19,,
2024-12-18,กรุงเทพอภิวัฒน์,Bangkok (Krung Thep Aphiwat),-12,0,16:30,16:18,16:50,16:50,"เนื่องจากผ่านพื้นที่ก่อสร้าง, รอหลีกขบวนรถ","due to Passing construction site, Wait for track cleared"
2024-12-18,บางบำหรุ,Bang Bamru,0,0,17:01,17:01,17:02,17:02,"เนื่องจากผ่านพื้นที่ก่อสร้าง, รอหลีกขบวนรถ","due to Passing construction site, Wait for track cleared"
2024-12-18,ศาลายา,Sala Ya,0,0,17:22,17:22,17:23,17:23,"เนื่องจากผ่านพื้นที่ก่อสร้าง, รอหลีกขบวนรถ","due to Passing construction site, Wait for track cleared"
2024-12-18,นครปฐม,Nakhon Pathom,0,0,17:48,17:48,17:50,17:50,"เนื่องจากผ่านพื้นที่ก่อสร้าง, รอหลีกขบวนรถ","due to Passing construction site, Wait for track cleared"
2024-12-18,บ้านโป่ง,Ban Pong,2,2,18:08,18:10,18:09,18:11,"เนื่องจากผ่านพื้นที่ก่อสร้าง, รอหลีกขบวนรถ","due to Passing construction site, Wait for track cleared"
2024-12-18,ราชบุรี,Ratchaburi,0,0,18:37,18:37,18:47,18:47,"เนื่องจากผ่านพื้นที่ก่อสร้าง, รอหลีกขบวนรถ","due to Passing construction site, Wait for track cleared"
2024-12-18,เพชรบุรี,Phetchaburi,-5,0,19:30,19:25,19:31,19:31,"เนื่องจากผ่านพื้นที่ก่อสร้าง, รอหลีกขบวนรถ","due to Passing construction site, Wait for track cleared"
2024-12-18,หัวหิน,Hua Hin,5,0,20:20,20:25,20:25,20:25,"เนื่องจากผ่านพื้นที่ก่อสร้าง, รอหลีกขบวนรถ","due to Passing construction site, Wait for track cleared"
2024-12-18,ประจวบคีรีขันธ์,Prachuap Khiri Khan,-11,0,21:40,21:29,21:41,21:41,"เนื่องจากผ่านพื้นที่ก่อสร้าง, รอหลีกขบวนรถ","due to Passing construction site, Wait for track cleared"
2024-12-18,ชุมพร,Chumphon,29,29,23:55,00:24,00:05,00:34,"เนื่องจากผ่านพื้นที่ก่อสร้าง, รอหลีกขบวนรถ","due to Passing construction site, Wait for track cleared"
2024-12-18,สุราษฎร์ธานี,Surat Thani,62,62,02:20,03:22,02:23,03:25,"เนื่องจากผ่านพื้นที่ก่อสร้าง, รอหลีกขบวนรถ","due to Passing construction site, Wait for track cleared"
2024-12-18,ชุมทางทุ่งสง,Thung Song Junction,67,65,04:08,05:15,04:18,05:23,"เนื่องจากผ่านพื้นที่ก่อสร้าง, รอหลีกขบวนรถ","due to Passing construction site, Wait for track cleared"
2024-12-18,พัทลุง,Phatthalung,58,58,05:51,06:49,05:53,06:51,"เนื่องจากผ่านพื้นที่ก่อสร้าง, รอหลีกขบวนรถ","due to Passing construction site, Wait for track cleared"
2024-12-18,ชุมทางหาดใหญ่,Hat Yai Junction,67,67,07:05,08:12,07:05,08:12,"เนื่องจากผ่านพื้นที่ก่อสร้าง, รอหลีกขบวนรถ","due to Passing construction site, Wait for track cleared"
2024-12-19,กรุงเทพอภิวัฒน์,Bangkok (Krung Thep Aphiwat),-11,0,16:30,16:19,16:50,16:50,เนื่องจากผ่านพื้นที่ก่อสร้าง,due to Passing construction site
2024-12-19,บางบำหรุ,Bang Bamru,0,0,17:01,17:01,17:02,17:02,เนื่องจากผ่านพื้นที่ก่อสร้าง,due to Passing construction site
2024-12-19,ศาลายา,Sala Ya,0,0,17:22,17:22,17:23,17:23,เนื่องจากผ่านพื้นที่ก่อสร้าง,due to Passing construction site
2024-12-19,นครปฐม,Nakhon Pathom,1,1,17:48,17:49,17:50,17:51,เนื่องจากผ่านพื้นที่ก่อสร้าง,due to Passing construction site
2024-12-19,บ้านโป่ง,Ban Pong,2,2,18:08,18:10,18:09,18:11,เนื่องจากผ่านพื้นที่ก่อสร้าง,due to Passing construction site
2024-12-19,ราชบุรี,Ratchaburi,0,0,18:37,18:37,18:47,18:47,เนื่องจากผ่านพื้นที่ก่อสร้าง,due to Passing construction site
2024-12-19,เพชรบุรี,Phetchaburi,-5,0,19:30,19:25,19:31,19:31,เนื่องจากผ่านพื้นที่ก่อสร้าง,due to Passing construction site
2024-12-19,หัวหิน,Hua Hin,0,0,20:20,20:20,20:25,20:25,เนื่องจากผ่านพื้นที่ก่อสร้าง,due to Passing construction site
2024-12-19,ประจวบคีรีขันธ์,Prachuap Khiri Khan,-10,0,21:40,21:30,21:41,21:41,เนื่องจากผ่านพื้นที่ก่อสร้าง,due to Passing construction site
2024-12-19,ชุมพร,Chumphon,30,30,23:55,00:25,00:05,00:35,เนื่องจากผ่านพื้นที่ก่อสร้าง,due to Passing construction site
2024-12-19,สุราษฎร์ธานี,Surat Thani,47,47,02:20,03:07,02:23,03:10,เนื่องจากผ่านพื้นที่ก่อสร้าง,due to Passing construction site
2024-12-19,ชุมทางทุ่งสง,Thung Song Junction,39,36,04:08,04:47,04:18,04:54,เนื่องจากผ่านพื้นที่ก่อสร้าง,due to Passing construction site
2024-12-19,พัทลุง,Phatthalung,32,34,05:51,06:23,05:53,06:27,เนื่องจากผ่านพื้นที่ก่อสร้าง,due to Passing construction site
2024-12-19,ชุมทางหาดใหญ่,Hat Yai Junction,37,37,07:05,07:42,07:05,07:42,เนื่องจากผ่านพื้นที่ก่อสร้าง,due to Passing construction site
2024-12-20,กรุงเทพอภิวัฒน์,Bangkok (Krung Thep Aphiwat),-18,0,16:30,16:12,16:50,16:50,,
2024-12-20,บางบำหรุ,Bang Bamru,0,0,17:01,17:01,17:02,17:02,,
2024-12-20,ศาลายา,Sala Ya,0,0,17:22,17:22,17:23,17:23,,
2024-12-20,นครปฐม,Nakhon Pathom,2,2,17:48,17:50,17:50,17:52,,
2024-12-20,บ้านโป่ง,Ban Pong,5,5,18:08,18:13,18:09,18:14,,
2024-12-20,ราชบุรี,Ratchaburi,5,0,18:37,18:42,18:47,18:47,,
2024-12-20,เพชรบุรี,Phetchaburi,-4,0,19:30,19:26,19:31,19:31,,
2024-12-20,หัวหิน,Hua Hin,3,1,20:20,20:23,20:25,20:26,,
2024-12-20,ประจวบคีรีขันธ์,Prachuap Khiri Khan,-4,0,21:40,21:36,21:41,21:41,,
2024-12-20,ชุมพร,Chumphon,36,35,23:55,00:31,00:05,00:40,,
2024-12-20,สุราษฎร์ธานี,Surat Thani,41,41,02:20,03:01,02:23,03:04,,
2024-12-20,ชุมทางทุ่งสง,Thung Song Junction,42,40,04:08,04:50,04:18,04:58,,
2024-12-20,พัทลุง,Phatthalung,30,30,05:51,06:21,05:53,06:23,,
2024-12-20,ชุมทางหาดใหญ่,Hat Yai Junction,20,20,07:05,07:25,07:05,07:25,,
2024-12-21,กรุงเทพอภิวัฒน์,Bangkok (Krung Thep Aphiwat),-20,0,16:30,16:10,16:50,16:50,"เนื่องจากผ่านพื้นที่ก่อสร้าง, รอหลีกขบวนรถ","due to Passing construction site, Wait for track cleared"
2024-12-21,บางบำหรุ,Bang Bamru,0,0,17:01,17:01,17:02,17:02,"เนื่องจากผ่านพื้นที่ก่อสร้าง, รอหลีกขบวนรถ","due to Passing construction site, Wait for track cleared"
2024-12-21,ศาลายา,Sala Ya,0,0,17:22,17:22,17:23,17:23,"เนื่องจากผ่านพื้นที่ก่อสร้าง, รอหลีกขบวนรถ","due to Passing construction site, Wait for track cleared"
2024-12-21,นครปฐม,Nakhon Pathom,0,0,17:48,17:48,17:50,17:50,"เนื่องจากผ่านพื้นที่ก่อสร้าง, รอหลีกขบวนรถ","due to Passing construction site, Wait for track cleared"
2024-12-21,บ้านโป่ง,Ban Pong,2,2,18:08,18:10,18:09,18:11,"เนื่องจากผ่านพื้นที่ก่อสร้าง, รอหลีกขบวนรถ","due to Passing construction site, Wait for track cleared"
2024-12-21,ราชบุรี,Ratchaburi,0,3,18:37,18:37,18:47,18:50,"เนื่องจากผ่านพื้นที่ก่อสร้าง, รอหลีกขบวนรถ","due to Passing construction site, Wait for track cleared"
2024-12-21,เพชรบุรี,Phetchaburi,-2,0,19:30,19:28,19:31,19:31,"เนื่องจากผ่านพื้นที่ก่อสร้าง, รอหลีกขบวนรถ","due to Passing construction site, Wait for track cleared"
2024-12-21,หัวหิน,Hua Hin,-1,0,20:20,20:19,20:25,20:25,"เนื่องจากผ่านพื้นที่ก่อสร้าง, รอหลีกขบวนรถ","due to Passing construction site, Wait for track cleared"
2024-12-21,ประจวบคีรีขันธ์,Prachuap Khiri Khan,-10,0,21:40,21:30,21:41,21:41,"เนื่องจากผ่านพื้นที่ก่อสร้าง, รอหลีกขบวนรถ","due to Passing construction site, Wait for track cleared"
2024-12-21,ชุมพร,Chumphon,20,19,23:55,00:15,00:05,00:24,"เนื่องจากผ่านพื้นที่ก่อสร้าง, รอหลีกขบวนรถ","due to Passing construction site, Wait for track cleared"
2024-12-21,สุราษฎร์ธานี,Surat Thani,30,30,02:20,02:50,02:23,02:53,"เนื่องจากผ่านพื้นที่ก่อสร้าง, รอหลีกขบวนรถ","due to Passing construction site, Wait for track cleared"
2024-12-21,ชุมทางทุ่งสง,Thung Song Junction,32,30,04:08,04:40,04:18,04:48,"เนื่องจากผ่านพื้นที่ก่อสร้าง, รอหลีกขบวนรถ","due to Passing construction site, Wait for track cleared"
2024-12-21,พัทลุง,Phatthalung,25,27,05:51,06:16,05:53,06:20,"เนื่องจากผ่านพื้นที่ก่อสร้าง, รอหลีกขบวนรถ","due to Passing construction site, Wait for track cleared"
2024-12-21,ชุมทางหาดใหญ่,Hat Yai Junction,33,33,07:05,07:38,07:05,07:38,"เนื่องจากผ่านพื้นที่ก่อสร้าง, รอหลีกขบวนรถ","due to Passing construction site, Wait for track cleared"
2024-12-22,กรุงเทพอภิวัฒน์,Bangkok (Krung Thep Aphiwat),-12,0,16:30,16:18,16:50,16:50,เนื่องจากผ่านพื้นที่ก่อสร้าง,due to Passing construction site
2024-12-22,บางบำหรุ,Bang Bamru,0,0,17:01,17:01,17:02,17:02,เนื่องจากผ่านพื้นที่ก่อสร้าง,due to Passing construction site
2024-12-22,ศาลายา,Sala Ya,0,0,17:22,17:22,17:23,17:23,เนื่องจากผ่านพื้นที่ก่อสร้าง,due to Passing construction site
2024-12-22,นครปฐม,Nakhon Pathom,0,0,17:48,17:48,17:50,17:50,เนื่องจากผ่านพื้นที่ก่อสร้าง,due to Passing construction site
2024-12-22,บ้านโป่ง,Ban Pong,3,3,18:08,18:11,18:09,18:12,เนื่องจากผ่านพื้นที่ก่อสร้าง,due to Passing construction site
2024-12-22,ราชบุรี,Ratchaburi,0,0,18:37,18:37,18:47,18:47,เนื่องจากผ่านพื้นที่ก่อสร้าง,due to Passing construction site
2024-12-22,เพชรบุรี,Phetchaburi,-5,0,19:30,19:25,19:31,19:31,เนื่องจากผ่านพื้นที่ก่อสร้าง,due to Passing construction site
2024-12-22,หัวหิน,Hua Hin,5,5,20:20,20:25,20:25,20:30,เนื่องจากผ่านพื้นที่ก่อสร้าง,due to Passing construction site
2024-12-22,ประจวบคีรีขันธ์,Prachuap Khiri Khan,-3,0,21:40,21:37,21:41,21:41,เนื่องจากผ่านพื้นที่ก่อสร้าง,due to Passing construction site
2024-12-22,ชุมพร,Chumphon,24,24,23:55,00:19,00:05,00:29,เนื่องจากผ่านพื้นที่ก่อสร้าง,due to Passing construction site
2024-12-22,สุราษฎร์ธานี,Surat Thani,35,35,02:20,02:55,02:23,02:58,เนื่องจากผ่านพื้นที่ก่อสร้าง,due to Passing construction site
2024-12-22,ชุมทางทุ่งสง,Thung Song Junction,40,39,04:08,04:48,04:18,04:57,เนื่องจากผ่านพื้นที่ก่อสร้าง,due to Passing construction site
2024-12-22,พัทลุง,Phatthalung,29,29,05:51,06:20,05:53,06:22,เนื่องจากผ่านพื้นที่ก่อสร้าง,due to Passing construction site
2024-12-22,ชุมทางหาดใหญ่,Hat Yai Junction,35,35,07:05,07:40,07:05,07:40,เนื่องจากผ่านพื้นที่ก่อสร้าง,due to Passing construction site
2024-12-23,กรุงเทพอภิวัฒน์,Bangkok (Krung Thep Aphiwat),-3,0,16:30,16:27,16:50,16:50,,
2024-12-23,บางบำหรุ,Bang Bamru,0,0,17:01,17:01,17:02,17:02,,
2024-12-23,ศาลายา,Sala Ya,0,0,17:22,17:22,17:23,17:23,,
2024-12-23,นครปฐม,Nakhon Pathom,1,1,17:48,17:49,17:50,17:51,,
2024-12-23,บ้านโป่ง,Ban Pong,3,4,18:08,18:11,18:09,18:13,,
2024-12-23,ราชบุรี,Ratchaburi,4,0,18:37,18:41,18:47,18:47,,
2024-12-23,เพชรบุรี,Phetchaburi,-3,0,19:30,19:27,19:31,19:31,,
2024-12-23,หัวหิน,Hua Hin,1,0,20:20,20:21,20:25,20:25,,
2024-12-23,ประจวบคีรีขันธ์,Prachuap Khiri Khan,-10,0,21:40,21:30,21:41,21:41,,
2024-12-23,ชุมพร,Chumphon,12,20,23:55,00:07,00:05,00:25,,
2024-12-23,สุราษฎร์ธานี,Surat Thani,22,22,02:20,02:42,02:23,02:45,,
2024-12-23,ชุมทางทุ่งสง,Thung Song Junction,16,14,04:08,04:24,04:18,04:32,,
2024-12-23,พัทลุง,Phatthalung,12,12,05:51,06:03,05:53,06:05,,
2024-12-23,ชุมทางหาดใหญ่,Hat Yai Junction,10,10,07:05,07:15,07:05,07:15,,
2024-12-24,กรุงเทพอภิวัฒน์,Bangkok (Krung Thep Aphiwat),-21,0,16:30,16:09,16:50,16:50,,
2024-12-24,บางบำหรุ,Bang Bamru,0,1,17:01,17:01,17:02,17:03,,
2024-12-24,ศาลายา,Sala Ya,0,0,17:22,17:22,17:23,17:23,,
2024-12-24,นครปฐม,Nakhon Pathom,0,0,17:48,17:48,17:50,17:50,,
2024-12-24,บ้านโป่ง,Ban Pong,1,1,18:08,18:09,18:09,18:10,,
2024-12-24,ราชบุรี,Ratchaburi,0,0,18:37,18:37,18:47,18:47,,
2024-12-24,เพชรบุรี,Phetchaburi,-7,0,19:30,19:23,19:31,19:31,,
2024-12-24,หัวหิน,Hua Hin,-2,0,20:20,20:18,20:25,20:25,,
2024-12-24,ประจวบคีรีขันธ์,Prachuap Khiri Khan,-9,0,21:40,21:31,21:41,21:41,,
2024-12-24,ชุมพร,Chumphon,26,26,23:55,00:21,00:05,00:31,,
2024-12-24,สุราษฎร์ธานี,Surat Thani,22,22,02:20,02:42,02:23,02:45,,
2024-12-24,ชุมทางทุ่งสง,Thung Song Junction,28,26,04:08,04:36,04:18,04:44,,
2024-12-24,พัทลุง,Phatthalung,25,25,05:51,06:16,05:53,06:18,,
2024-12-24,ชุมทางหาดใหญ่,Hat Yai Junction,20,20,07:05,07:25,07:05,07:25,,
2024-12-25,กรุงเทพอภิวัฒน์,Bangkok (Krung Thep Aphiwat),-13,0,16:30,16:17,16:50,16:50,,
2024-12-25,บางบำหรุ,Bang Bamru,0,0,17:01,17:01,17:02,17:02,,
2024-12-25,ศาลายา,Sala Ya,1,0,17:22,17:23,17:23,17:23,,
2024-12-25,นครปฐม,Nakhon Pathom,2,2,17:48,17:50,17:50,17:52,,
2024-12-25,บ้านโป่ง,Ban Pong,4,4,18:08,18:12,18:09,18:13,,
2024-12-25,ราชบุรี,Ratchaburi,3,0,18:37,18:40,18:47,18:47,,
2024-12-25,เพชรบุรี,Phetchaburi,-6,0,19:30,19:24,19:31,19:31,,
2024-12-25,หัวหิน,Hua Hin,0,0,20:20,20:20,20:25,20:25,,
2024-12-25,ประจวบคีรีขันธ์,Prachuap Khiri Khan,-13,0,21:40,21:27,21:41,21:41,,
2024-12-25,ชุมพร,Chumphon,26,26,23:55,00:21,00:05,00:31,,
2024-12-25,สุราษฎร์ธานี,Surat Thani,28,28,02:20,02:48,02:23,02:51,,
2024-12-25,ชุมทางทุ่งสง,Thung Song Junction,22,20,04:08,04:30,04:18,04:38,,
2024-12-25,พัทลุง,Phatthalung,15,15,05:51,06:06,05:53,06:08,,
2024-12-25,ชุมทางหาดใหญ่,Hat Yai Junction,19,19,07:05,07:24,07:05,07:24,,
2024-12-26,กรุงเทพอภิวัฒน์,Bangkok (Krung Thep Aphiwat),-12,0,16:30,16:18,16:50,16:50,,
2024-12-26,บางบำหรุ,Bang Bamru,0,0,17:01,17:01,17:02,17:02,,
2024-12-26,ศาลายา,Sala Ya,0,0,17:22,17:22,17:23,17:23,,
2024-12-26,นครปฐม,Nakhon Pathom,0,0,17:48,17:48,17:50,17:50,,
2024-12-26,บ้านโป่ง,Ban Pong,2,2,18:08,18:10,18:09,18:11,,
2024-12-26,ราชบุรี,Ratchaburi,0,0,18:37,18:37,18:47,18:47,,
2024-12-26,เพชรบุรี,Phetchaburi,-5,0,19:30,19:25,19:31,19:31,,
2024-12-26,หัวหิน,Hua Hin,0,0,20:20,20:20,20:25,20:25,,
2024-12-26,ประจวบคีรีขันธ์,Prachuap Khiri Khan,-6,0,21:40,21:34,21:41,21:41,,
2024-12-26,ชุมพร,Chumphon,31,31,23:55,00:26,00:05,00:36,,
2024-12-26,สุราษฎร์ธานี,Surat Thani,17,17,02:20,02:37,02:23,02:40,,
2024-12-26,ชุมทางทุ่งสง,Thung Song Junction,12,10,04:08,04:20,04:18,04:28,,
2024-12-26,พัทลุง,Phatthalung,8,8,05:51,05:59,05:53,06:01,,
2024-12-26,ชุมทางหาดใหญ่,Hat Yai Junction,8,8,07:05,07:13,07:05,07:13,,
2024-12-27,กรุงเทพอภิวัฒน์,Bangkok (Krung Thep Aphiwat),-11,0,16:30,16:19,16:50,16:50,,
2024-12-27,บางบำหรุ,Bang Bamru,0,0,17:01,17:01,17:02,17:02,,
2024-12-27,ศาลายา,Sala Ya,0,0,17:22,17:22,17:23,17:23,,
2024-12-27,นครปฐม,Nakhon Pathom,0,0,17:48,17:48,17:50,17:50,,
2024-12-27,บ้านโป่ง,Ban Pong,3,3,18:08,18:11,18:09,18:12,,
2024-12-27,ราชบุรี,Ratchaburi,3,0,18:37,18:40,18:47,18:47,,
2024-12-27,เพชรบุรี,Phetchaburi,-5,0,19:30,19:25,19:31,19:31,,
2024-12-27,หัวหิน,Hua Hin,2,1,20:20,20:22,20:25,20:26,,
2024-12-27,ประจวบคีรีขันธ์,Prachuap Khiri Khan,-8,0,21:40,21:32,21:41,21:41,,
2024-12-27,ชุมพร,Chumphon,23,23,23:55,00:18,00:05,00:28,,
2024-12-27,สุราษฎร์ธานี,Surat Thani,17,17,02:20,02:37,02:23,02:40,,
2024-12-27,ชุมทางทุ่งสง,Thung Song Junction,6,3,04:08,04:14,04:18,04:21,,
2024-12-27,พัทลุง,Phatthalung,-5,0,05:51,05:46,05:53,05:53,,
2024-12-27,ชุมทางหาดใหญ่,Hat Yai Junction,5,5,07:05,07:10,07:05,07:10,,
2024-12-28,กรุงเทพอภิวัฒน์,Bangkok (Krung Thep Aphiwat),-9,0,16:30,16:21,16:50,16:50,"เนื่องจากผ่านพื้นที่ก่อสร้าง, รอหลีกขบวนรถ","due to Passing construction site, Wait for track cleared"
2024-12-28,บางบำหรุ,Bang Bamru,0,0,17:01,17:01,17:02,17:02,"เนื่องจากผ่านพื้นที่ก่อสร้าง, รอหลีกขบวนรถ","due to Passing construction site, Wait for track cleared"
2024-12-28,ศาลายา,Sala Ya,0,2,17:22,17:22,17:23,17:25,"เนื่องจากผ่านพื้นที่ก่อสร้าง, รอหลีกขบวนรถ","due to Passing construction site, Wait for track cleared"
2024-12-28,นครปฐม,Nakhon Pathom,1,1,17:48,17:49,17:50,17:51,"เนื่องจากผ่านพื้นที่ก่อสร้าง, รอหลีกขบวนรถ","due to Passing construction site, Wait for track cleared"
2024-12-28,บ้านโป่ง,Ban Pong,4,4,18:08,18:12,18:09,18:13,"เนื่องจากผ่านพื้นที่ก่อสร้าง, รอหลีกขบวนรถ","due to Passing construction site, Wait for track cleared"
2024-12-28,ราชบุรี,Ratchaburi,3,0,18:37,18:40,18:47,18:47,"เนื่องจากผ่านพื้นที่ก่อสร้าง, รอหลีกขบวนรถ","due to Passing construction site, Wait for track cleared"
2024-12-28,เพชรบุรี,Phetchaburi,-5,0,19:30,19:25,19:31,19:31,"เนื่องจากผ่านพื้นที่ก่อสร้าง, รอหลีกขบวนรถ","due to Passing construction site, Wait for track cleared"
2024-12-28,หัวหิน,Hua Hin,0,0,20:20,20:20,20:25,20:25,"เนื่องจากผ่านพื้นที่ก่อสร้าง, รอหลีกขบวนรถ","due to Passing construction site, Wait for track cleared"
2024-12-28,ประจวบคีรีขันธ์,Prachuap Khiri Khan,-3,0,21:40,21:37,21:41,21:41,"เนื่องจากผ่านพื้นที่ก่อสร้าง, รอหลีกขบวนรถ","due to Passing construction site, Wait for track cleared"
2024-12-28,ชุมพร,Chumphon,16,15,23:55,00:11,00:05,00:20,"เนื่องจากผ่านพื้นที่ก่อสร้าง, รอหลีกขบวนรถ","due to Passing construction site, Wait for track cleared"
2024-12-28,สุราษฎร์ธานี,Surat Thani,48,48,02:20,03:08,02:23,03:11,"เนื่องจากผ่านพื้นที่ก่อสร้าง, รอหลีกขบวนรถ","due to Passing construction site, Wait for track cleared"
2024-12-28,ชุมทางทุ่งสง,Thung Song Junction,56,55,04:08,05:04,04:18,05:13,"เนื่องจากผ่านพื้นที่ก่อสร้าง, รอหลีกขบวนรถ","due to Passing construction site, Wait for track cleared"
2024-12-28,พัทลุง,Phatthalung,54,54,05:51,06:45,05:53,06:47,"เนื่องจากผ่านพื้นที่ก่อสร้าง, รอหลีกขบวนรถ","due to Passing construction site, Wait for track cleared"
2024-12-28,ชุมทางหาดใหญ่,Hat Yai Junction,63,63,07:05,08:08,07:05,08:08,"เนื่องจากผ่านพื้นที่ก่อสร้าง, รอหลีกขบวนรถ","due to Passing construction site, Wait for track cleared"
2024-12-29,กรุงเทพอภิวัฒน์,Bangkok (Krung Thep Aphiwat),-11,0,16:30,16:19,16:50,16:50,,
2024-12-29,บางบำหรุ,Bang Bamru,0,0,17:01,17:01,17:02,17:02,,
2024-12-29,ศาลายา,Sala Ya,0,0,17:22,17:22,17:23,17:23,,
2024-12-29,นครปฐม,Nakhon Pathom,0,0,17:48,17:48,17:50,17:50,,
2024-12-29,บ้านโป่ง,Ban Pong,4,4,18:08,18:12,18:09,18:13,,
2024-12-29,ราชบุรี,Ratchaburi,3,0,18:37,18:40,18:47,18:47,,
2024-12-29,เพชรบุรี,Phetchaburi,-4,0,19:30,19:26,19:31,19:31,,
2024-12-29,หัวหิน,Hua Hin,3,1,20:20,20:23,20:25,20:26,,
2024-12-29,ประจวบคีรีขันธ์,Prachuap Khiri Khan,-9,0,21:40,21:31,21:41,21:41,,
2024-12-29,ชุมพร,Chumphon,38,38,23:55,00:33,00:05,00:43,,
2024-12-29,สุราษฎร์ธานี,Surat Thani,42,42,02:20,03:02,02:23,03:05,,
2024-12-29,ชุมทางทุ่งสง,Thung Song Junction,42,39,04:08,04:50,04:18,04:57,,
2024-12-29,พัทลุง,Phatthalung,29,29,05:51,06:20,05:53,06:22,,
2024-12-29,ชุมทางหาดใหญ่,Hat Yai Junction,20,20,07:05,07:25,07:05,07:25,,
2024-12-30,กรุงเทพอภิวัฒน์,Bangkok (Krung Thep Aphiwat),-10,0,16:30,16:20,16:50,16:50,"เนื่องจากผ่านพื้นที่ก่อสร้าง, รอหลีกขบวนรถ","due to Passing construction site, Wait for track cleared"
2024-12-30,บางบำหรุ,Bang Bamru,0,0,17:01,17:01,17:02,17:02,"เนื่องจากผ่านพื้นที่ก่อสร้าง, รอหลีกขบวนรถ","due to Passing construction site, Wait for track cleared"
2024-12-30,ศาลายา,Sala Ya,0,0,17:22,17:22,17:23,17:23,"เนื่องจากผ่านพื้นที่ก่อสร้าง, รอหลีกขบวนรถ","due to Passing construction site, Wait for track cleared"
2024-12-30,นครปฐม,Nakhon Pathom,0,0,17:48,17:48,17:50,17:50,"เนื่องจากผ่านพื้นที่ก่อสร้าง, รอหลีกขบวนรถ","due to Passing construction site, Wait for track cleared"
2024-12-30,บ้านโป่ง,Ban Pong,2,2,18:08,18:10,18:09,18:11,"เนื่องจากผ่านพื้นที่ก่อสร้าง, รอหลีกขบวนรถ","due to Passing construction site, Wait for track cleared"
2024-12-30,ราชบุรี,Ratchaburi,0,0,18:37,18:37,18:47,18:47,"เนื่องจากผ่านพื้นที่ก่อสร้าง, รอหลีกขบวนรถ","due to Passing construction site, Wait for track cleared"
2024-12-30,เพชรบุรี,Phetchaburi,-8,0,19:30,19:22,19:31,19:31,"เนื่องจากผ่านพื้นที่ก่อสร้าง, รอหลีกขบวนรถ","due to Passing construction site, Wait for track cleared"
2024-12-30,หัวหิน,Hua Hin,-1,0,20:20,20:19,20:25,20:25,"เนื่องจากผ่านพื้นที่ก่อสร้าง, รอหลีกขบวนรถ","due to Passing construction site, Wait for track cleared"
2024-12-30,ประจวบคีรีขันธ์,Prachuap Khiri Khan,-9,0,21:40,21:31,21:41,21:41,"เนื่องจากผ่านพื้นที่ก่อสร้าง, รอหลีกขบวนรถ","due to Passing construction site, Wait for track cleared"
2024-12-30,ชุมพร,Chumphon,34,34,23:55,00:29,00:05,00:39,"เนื่องจากผ่านพื้นที่ก่อสร้าง, รอหลีกขบวนรถ","due to Passing construction site, Wait for track cleared"
2024-12-30,สุราษฎร์ธานี,Surat Thani,53,53,02:20,03:13,02:23,03:16,"เนื่องจากผ่านพื้นที่ก่อสร้าง, รอหลีกขบวนรถ","due to Passing construction site, Wait for track cleared"
2024-12-30,ชุมทางทุ่งสง,Thung Song Junction,46,44,04:08,04:54,04:18,05:02,"เนื่องจากผ่านพื้นที่ก่อสร้าง, รอหลีกขบวนรถ","due to Passing construction site, Wait for track cleared"
2024-12-30,พัทลุง,Phatthalung,34,34,05:51,06:25,05:53,06:27,"เนื่องจากผ่านพื้นที่ก่อสร้าง, รอหลีกขบวนรถ","due to Passing construction site, Wait for track cleared"
2024-12-30,ชุมทางหาดใหญ่,Hat Yai Junction,33,33,07:05,07:38,07:05,07:38,"เนื่องจากผ่านพื้นที่ก่อสร้าง, รอหลีกขบวนรถ","due to Passing construction site, Wait for track cleared"
2024-12-31,กรุงเทพอภิวัฒน์,Bangkok (Krung Thep Aphiwat),-11,0,16:30,16:19,16:50,16:50,เนื่องจากผ่านพื้นที่ก่อสร้าง,due to Passing construction site
2024-12-31,บางบำหรุ,Bang Bamru,0,2,17:01,17:01,17:02,17:04,เนื่องจากผ่านพื้นที่ก่อสร้าง,due to Passing construction site
2024-12-31,ศาลายา,Sala Ya,0,0,17:22,17:22,17:23,17:23,เนื่องจากผ่านพื้นที่ก่อสร้าง,due to Passing construction site
2024-12-31,นครปฐม,Nakhon Pathom,0,0,17:48,17:48,17:50,17:50,เนื่องจากผ่านพื้นที่ก่อสร้าง,due to Passing construction site
2024-12-31,บ้านโป่ง,Ban Pong,0,0,18:08,18:08,18:09,18:09,เนื่องจากผ่านพื้นที่ก่อสร้าง,due to Passing construction site
2024-12-31,ราชบุรี,Ratchaburi,0,0,18:37,18:37,18:47,18:47,เนื่องจากผ่านพื้นที่ก่อสร้าง,due to Passing construction site
2024-12-31,เพชรบุรี,Phetchaburi,-6,0,19:30,19:24,19:31,19:31,เนื่องจากผ่านพื้นที่ก่อสร้าง,due to Passing construction site
2024-12-31,หัวหิน,Hua Hin,-2,0,20:20,20:18,20:25,20:25,เนื่องจากผ่านพื้นที่ก่อสร้าง,due to Passing construction site
2024-12-31,ประจวบคีรีขันธ์,Prachuap Khiri Khan,-8,0,21:40,21:32,21:41,21:41,เนื่องจากผ่านพื้นที่ก่อสร้าง,due to Passing construction site
2024-12-31,ชุมพร,Chumphon,44,44,23:55,00:39,00:05,00:49,เนื่องจากผ่านพื้นที่ก่อสร้าง,due to Passing construction site
2024-12-31,สุราษฎร์ธานี,Surat Thani,47,47,02:20,03:07,02:23,03:10,เนื่องจากผ่านพื้นที่ก่อสร้าง,due to Passing construction site
2024-12-31,ชุมทางทุ่งสง,Thung Song Junction,48,46,04:08,04:56,04:18,05:04,เนื่องจากผ่านพื้นที่ก่อสร้าง,due to Passing construction site
2024-12-31,พัทลุง,Phatthalung,36,36,05:51,06:27,05:53,06:29,เนื่องจากผ่านพื้นที่ก่อสร้าง,due to Passing construction site
2024-12-31,ชุมทางหาดใหญ่,Hat Yai Junction,44,44,07:05,07:49,07:05,07:49,เนื่องจากผ่านพื้นที่ก่อสร้าง,due to Passing construction site
2025-01-01,กรุงเทพอภิวัฒน์,Bangkok (Krung Thep Aphiwat),-11,0,16:30,16:19,16:50,16:50,"เนื่องจากผ่านพื้นที่ก่อสร้าง, รอหลีกขบวนรถ","due to Passing construction site, Wait for track cleared"
2025-01-01,บางบำหรุ,Bang Bamru,0,0,17:01,17:01,17:02,17:02,"เนื่องจากผ่านพื้นที่ก่อสร้าง, รอหลีกขบวนรถ","due to Passing construction site, Wait for track cleared"
2025-01-01,ศาลายา,Sala Ya,0,0,17:22,17:22,17:23,17:23,"เนื่องจากผ่านพื้นที่ก่อสร้าง, รอหลีกขบวนรถ","due to Passing construction site, Wait for track cleared"
2025-01-01,นครปฐม,Nakhon Pathom,0,0,17:48,17:48,17:50,17:50,"เนื่องจากผ่านพื้นที่ก่อสร้าง, รอหลีกขบวนรถ","due to Passing construction site, Wait for track cleared"
2025-01-01,บ้านโป่ง,Ban Pong,2,2,18:08,18:10,18:09,18:11,"เนื่องจากผ่านพื้นที่ก่อสร้าง, รอหลีกขบวนรถ","due to Passing construction site, Wait for track cleared"
2025-01-01,ราชบุรี,Ratchaburi,0,0,18:37,18:37,18:47,18:47,"เนื่องจากผ่านพื้นที่ก่อสร้าง, รอหลีกขบวนรถ","due to Passing construction site, Wait for track cleared"
2025-01-01,เพชรบุรี,Phetchaburi,-4,0,19:30,19:26,19:31,19:31,"เนื่องจากผ่านพื้นที่ก่อสร้าง, รอหลีกขบวนรถ","due to Passing construction site, Wait for track cleared"
2025-01-01,หัวหิน,Hua Hin,5,3,20:20,20:25,20:25,20:28,"เนื่องจากผ่านพื้นที่ก่อสร้าง, รอหลีกขบวนรถ","due to Passing construction site, Wait for track cleared"
2025-01-01,ประจวบคีรีขันธ์,Prachuap Khiri Khan,-5,0,21:40,21:35,21:41,21:41,"เนื่องจากผ่านพื้นที่ก่อสร้าง, รอหลีกขบวนรถ","due to Passing construction site, Wait for track cleared"
2025-01-01,ชุมพร,Chumphon,12,11,23:55,00:07,00:05,00:16,"เนื่องจากผ่านพื้นที่ก่อสร้าง, รอหลีกขบวนรถ","due to Passing construction site, Wait for track cleared"
2025-01-01,สุราษฎร์ธานี,Surat Thani,49,49,02:20,03:09,02:23,03:12,"เนื่องจากผ่านพื้นที่ก่อสร้าง, รอหลีกขบวนรถ","due to Passing construction site, Wait for track cleared"
2025-01-01,ชุมทางทุ่งสง,Thung Song Junction,53,53,04:08,05:01,04:18,05:11,"เนื่องจากผ่านพื้นที่ก่อสร้าง, รอหลีกขบวนรถ","due to Passing construction site, Wait for track cleared"
2025-01-01,พัทลุง,Phatthalung,45,45,05:51,06:36,05:53,06:38,"เนื่องจากผ่านพื้นที่ก่อสร้าง, รอหลีกขบวนรถ","due to Passing construction site, Wait for track cleared"
2025-01-01,ชุมทางหาดใหญ่,Hat Yai Junction,53,53,07:05,07:58,07:05,07:58,"เนื่องจากผ่านพื้นที่ก่อสร้าง, รอหลีกขบวนรถ","due to Passing construction site, Wait for track cleared"
2025-01-02,กรุงเทพอภิวัฒน์,Bangkok (Krung Thep Aphiwat),-12,0,16:30,16:18,16:50,16:50,,
2025-01-02,บางบำหรุ,Bang Bamru,0,0,17:01,17:01,17:02,17:02,,
2025-01-02,ศาลายา,Sala Ya,0,0,17:22,17:22,17:23,17:23,,
2025-01-02,นครปฐม,Nakhon Pathom,0,0,17:48,17:48,17:50,17:50,,
2025-01-02,บ้านโป่ง,Ban Pong,0,0,18:08,18:08,18:09,18:09,,
2025-01-02,ราชบุรี,Ratchaburi,-2,0,18:37,18:35,18:47,18:47,,
2025-01-02,เพชรบุรี,Phetchaburi,-7,0,19:30,19:23,19:31,19:31,,
2025-01-02,หัวหิน,Hua Hin,-2,0,20:20,20:18,20:25,20:25,,
2025-01-02,ประจวบคีรีขันธ์,Prachuap Khiri Khan,-5,0,21:40,21:35,21:41,21:41,,
2025-01-02,ชุมพร,Chumphon,24,25,23:55,00:19,00:05,00:30,,
2025-01-02,สุราษฎร์ธานี,Surat Thani,34,34,02:20,02:54,02:23,02:57,,
2025-01-02,ชุมทางทุ่งสง,Thung Song Junction,33,32,04:08,04:41,04:18,04:50,,
2025-01-02,พัทลุง,Phatthalung,18,18,05:51,06:09,05:53,06:11,,
2025-01-02,ชุมทางหาดใหญ่,Hat Yai Junction,15,15,07:05,07:20,07:05,07:20,,
2025-01-03,กรุงเทพอภิวัฒน์,Bangkok (Krung Thep Aphiwat),-10,0,16:30,16:20,16:50,16:50,,
2025-01-03,บางบำหรุ,Bang Bamru,0,0,17:01,17:01,17:02,17:02,,
2025-01-03,ศาลายา,Sala Ya,0,0,17:22,17:22,17:23,17:23,,
2025-01-03,นครปฐม,Nakhon Pathom,0,0,17:48,17:48,17:50,17:50,,
2025-01-03,บ้านโป่ง,Ban Pong,1,1,18:08,18:09,18:09,18:10,,
2025-01-03,ราชบุรี,Ratchaburi,0,0,18:37,18:37,18:47,18:47,,
2025-01-03,เพชรบุรี,Phetchaburi,-7,0,19:30,19:23,19:31,19:31,,
2025-01-03,หัวหิน,Hua Hin,-2,0,20:20,20:18,20:25,20:25,,
2025-01-03,ประจวบคีรีขันธ์,Prachuap Khiri Khan,-8,0,21:40,21:32,21:41,21:41,,
2025-01-03,ชุมพร,Chumphon,33,36,23:55,00:28,00:05,00:41,,
2025-01-03,สุราษฎร์ธานี,Surat Thani,40,40,02:20,03:00,02:23,03:03,,
2025-01-03,ชุมทางทุ่งสง,Thung Song Junction,38,37,04:08,04:46,04:18,04:55,,
2025-01-03,พัทลุง,Phatthalung,30,30,05:51,06:21,05:53,06:23,,
2025-01-03,ชุมทางหาดใหญ่,Hat Yai Junction,20,20,07:05,07:25,07:05,07:25,,
2025-01-04,กรุงเทพอภิวัฒน์,Bangkok (Krung Thep Aphiwat),-7,0,16:30,16:23,16:50,16:50,,
2025-01-04,บางบำหรุ,Bang Bamru,0,0,17:01,17:01,17:02,17:02,,
2025-01-04,ศาลายา,Sala Ya,0,0,17:22,17:22,17:23,17:23,,
2025-01-04,นครปฐม,Nakhon Pathom,0,0,17:48,17:48,17:50,17:50,,
2025-01-04,บ้านโป่ง,Ban Pong,1,1,18:08,18:09,18:09,18:10,,
2025-01-04,ราชบุรี,Ratchaburi,0,0,18:37,18:37,18:47,18:47,,
2025-01-04,เพชรบุรี,Phetchaburi,-9,0,19:30,19:21,19:31,19:31,,
2025-01-04,หัวหิน,Hua Hin,-4,0,20:20,20:16,20:25,20:25,,
2025-01-04,ประจวบคีรีขันธ์,Prachuap Khiri Khan,-6,0,21:40,21:34,21:41,21:41,,
2025-01-04,ชุมพร,Chumphon,32,32,23:55,00:27,00:05,00:37,,
2025-01-04,สุราษฎร์ธานี,Surat Thani,38,38,02:20,02:58,02:23,03:01,,
2025-01-04,ชุมทางทุ่งสง,Thung Song Junction,27,23,04:08,04:35,04:18,04:41,,
2025-01-04,พัทลุง,Phatthalung,17,17,05:51,06:08,05:53,06:10,,
2025-01-04,ชุมทางหาดใหญ่,Hat Yai Junction,15,15,07:05,07:20,07:05,07:20,,
2025-01-05,กรุงเทพอภิวัฒน์,Bangkok (Krung Thep Aphiwat),-12,0,16:30,16:18,16:50,16:50,,
2025-01-05,บางบำหรุ,Bang Bamru,0,0,17:01,17:01,17:02,17:02,,
2025-01-05,ศาลายา,Sala Ya,0,0,17:22,17:22,17:23,17:23,,
2025-01-05,นครปฐม,Nakhon Pathom,2,2,17:48,17:50,17:50,17:52,,
2025-01-05,บ้านโป่ง,Ban Pong,5,5,18:08,18:13,18:09,18:14,,
2025-01-05,ราชบุรี,Ratchaburi,3,0,18:37,18:40,18:47,18:47,,
2025-01-05,เพชรบุรี,Phetchaburi,-1,0,19:30,19:29,19:31,19:31,,
2025-01-05,หัวหิน,Hua Hin,2,0,20:20,20:22,20:25,20:25,,
2025-01-05,ประจวบคีรีขันธ์,Prachuap Khiri Khan,-9,0,21:40,21:31,21:41,21:41,,
2025-01-05,ชุมพร,Chumphon,28,25,23:55,00:23,00:05,00:30,,
2025-01-05,สุราษฎร์ธานี,Surat Thani,40,40,02:20,03:00,02:23,03:03,,
2025-01-05,ชุมทางทุ่งสง,Thung Song Junction,39,39,04:08,04:47,04:18,04:57,,
2025-01-05,พัทลุง,Phatthalung,29,29,05:51,06:20,05:53,06:22,,
2025-01-05,ชุมทางหาดใหญ่,Hat Yai Junction,20,20,07:05,07:25,07:05,07:25,,
2025-01-06,กรุงเทพอภิวัฒน์,Bangkok (Krung Thep Aphiwat),-10,0,16:30,16:20,16:50,16:50,,
2025-01-06,บางบำหรุ,Bang Bamru,0,0,17:01,17:01,17:02,17:02,,
2025-01-06,ศาลายา,Sala Ya,2,2,17:22,17:24,17:23,17:25,,
2025-01-06,นครปฐม,Nakhon Pathom,7,7,17:48,17:55,17:50,17:57,,
2025-01-06,บ้านโป่ง,Ban Pong,10,10,18:08,18:18,18:09,18:19,,
2025-01-06,ราชบุรี,Ratchaburi,9,2,18:37,18:46,18:47,18:49,,
2025-01-06,เพชรบุรี,Phetchaburi,-1,0,19:30,19:29,19:31,19:31,,
2025-01-06,หัวหิน,Hua Hin,5,3,20:20,20:25,20:25,20:28,,
2025-01-06,ประจวบคีรีขันธ์,Prachuap Khiri Khan,-3,0,21:40,21:37,21:41,21:41,,
2025-01-06,ชุมพร,Chumphon,19,19,23:55,00:14,00:05,00:24,,
2025-01-06,สุราษฎร์ธานี,Surat Thani,31,31,02:20,02:51,02:23,02:54,,
2025-01-06,ชุมทางทุ่งสง,Thung Song Junction,24,20,04:08,04:32,04:18,04:38,,
2025-01-06,พัทลุง,Phatthalung,10,10,05:51,06:01,05:53,06:03,,
2025-01-06,ชุมทางหาดใหญ่,Hat Yai Junction,13,13,07:05,07:18,07:05,07:18,,
2025-01-07,กรุงเทพอภิวัฒน์,Bangkok (Krung Thep Aphiwat),8,0,16:30,16:38,16:50,16:50,,
2025-01-07,บางบำหรุ,Bang Bamru,0,0,17:01,17:01,17:02,17:02,,
2025-01-07,ศาลายา,Sala Ya,0,0,17:22,17:22,17:23,17:23,,
2025-01-07,นครปฐม,Nakhon Pathom,0,0,17:48,17:48,17:50,17:50,,
2025-01-07,บ้านโป่ง,Ban Pong,2,2,18:08,18:10,18:09,18:11,,
2025-01-07,ราชบุรี,Ratchaburi,0,0,18:37,18:37,18:47,18:47,,
2025-01-07,เพชรบุรี,Phetchaburi,-8,0,19:30,19:22,19:31,19:31,,
2025-01-07,หัวหิน,Hua Hin,0,0,20:20,20:20,20:25,20:25,,
2025-01-07,ประจวบคีรีขันธ์,Prachuap Khiri Khan,-10,0,21:40,21:30,21:41,21:41,,
2025-01-07,ชุมพร,Chumphon,7,19,23:55,00:02,00:05,00:24,,
2025-01-07,สุราษฎร์ธานี,Surat Thani,15,15,02:20,02:35,02:23,02:38,,
2025-01-07,ชุมทางทุ่งสง,Thung Song Junction,2,0,04:08,04:10,04:18,04:18,,
2025-01-07,พัทลุง,Phatthalung,0,0,05:51,05:51,05:53,05:53,,
2025-01-07,ชุมทางหาดใหญ่,Hat Yai Junction,8,8,07:05,07:13,07:05,07:13,,
2025-01-08,กรุงเทพอภิวัฒน์,Bangkok (Krung Thep Aphiwat),-12,0,16:30,16:18,16:50,16:50,,
2025-01-08,บางบำหรุ,Bang Bamru,0,0,17:01,17:01,17:02,17:02,,
2025-01-08,ศาลายา,Sala Ya,0,0,17:22,17:22,17:23,17:23,,
2025-01-08,นครปฐม,Nakhon Pathom,2,0,17:48,17:50,17:50,17:50,,
2025-01-08,บ้านโป่ง,Ban Pong,3,3,18:08,18:11,18:09,18:12,,
2025-01-08,ราชบุรี,Ratchaburi,4,0,18:37,18:41,18:47,18:47,,
2025-01-08,เพชรบุรี,Phetchaburi,-4,0,19:30,19:26,19:31,19:31,,
2025-01-08,หัวหิน,Hua Hin,0,0,20:20,20:20,20:25,20:25,,
2025-01-08,ประจวบคีรีขันธ์,Prachuap Khiri Khan,-13,0,21:40,21:27,21:41,21:41,,
2025-01-08,ชุมพร,Chumphon,22,21,23:55,00:17,00:05,00:26,,
2025-01-08,สุราษฎร์ธานี,Surat Thani,20,20,02:20,02:40,02:23,02:43,,
2025-01-08,ชุมทางทุ่งสง,Thung Song Junction,8,4,04:08,04:16,04:18,04:22,,
2025-01-08,พัทลุง,Phatthalung,0,0,05:51,05:51,05:53,05:53,,
2025-01-08,ชุมทางหาดใหญ่,Hat Yai Junction,3,3,07:05,07:08,07:05,07:08,,
2025-01-09,กรุงเทพอภิวัฒน์,Bangkok (Krung Thep Aphiwat),-11,0,16:30,16:19,16:50,16:50,"เนื่องจากผ่านพื้นที่ก่อสร้าง, รอหลีกขบวนรถ","due to Passing construction site, Wait for track cleared"
2025-01-09,บางบำหรุ,Bang Bamru,0,0,17:01,17:01,17:02,17:02,"เนื่องจากผ่านพื้นที่ก่อสร้าง, รอหลีกขบวนรถ","due to Passing construction site, Wait for track cleared"
2025-01-09,ศาลายา,Sala Ya,0,0,17:22,17:22,17:23,17:23,"เนื่องจากผ่านพื้นที่ก่อสร้าง, รอหลีกขบวนรถ","due to Passing construction site, Wait for track cleared"
2025-01-09,นครปฐม,Nakhon Pathom,0,0,17:48,17:48,17:50,17:50,"เนื่องจากผ่านพื้นที่ก่อสร้าง, รอหลีกขบวนรถ","due to Passing construction site, Wait for track cleared"
2025-01-09,บ้านโป่ง,Ban Pong, 2,2,18:08,18:10,18:09,18:11,"เนื่องจากผ่านพื้นที่ก่อสร้าง, รอหลีกขบวนรถ","due to Passing construction site, Wait for track cleared"
2025-01-09,ราชบุรี,Ratchaburi,1,0,18:37,18:38,18:47,18:47,"เนื่องจากผ่านพื้นที่ก่อสร้าง, รอหลีกขบวนรถ","due to Passing construction site, Wait for track cleared"
2025-01-09,เพชรบุรี,Phetchaburi,-6,0,19:30,19:24,19:31,19:31,"เนื่องจากผ่านพื้นที่ก่อสร้าง, รอหลีกขบวนรถ","due to Passing construction site, Wait for track cleared"
2025-01-09,หัวหิน,Hua Hin,0,0,20:20,20:20,20:25,20:25,"เนื่องจากผ่านพื้นที่ก่อสร้าง, รอหลีกขบวนรถ","due to Passing construction site, Wait for track cleared"
2025-01-09,ประจวบคีรีขันธ์,Prachuap Khiri Khan,-8,0,21:40,21:32,21:41,21:41,"เนื่องจากผ่านพื้นที่ก่อสร้าง, รอหลีกขบวนรถ","due to Passing construction site, Wait for track cleared"
2025-01-09,ชุมพร,Chumphon,8,8,23:55,00:03,00:05,00:13,"เนื่องจากผ่านพื้นที่ก่อสร้าง, รอหลีกขบวนรถ","due to Passing construction site, Wait for track cleared"
2025-01-09,สุราษฎร์ธานี,Surat Thani,35,35,02:20,02:55,02:23,02:58,"เนื่องจากผ่านพื้นที่ก่อสร้าง, รอหลีกขบวนรถ","due to Passing construction site, Wait for track cleared"
2025-01-09,ชุมทางทุ่งสง,Thung Song Junction,39,39,04:08,04:47,04:18,04:57,"เนื่องจากผ่านพื้นที่ก่อสร้าง, รอหลีกขบวนรถ","due to Passing construction site, Wait for track cleared"
2025-01-09,พัทลุง,Phatthalung,35,37,05:51,06:26,05:53,06:30,"เนื่องจากผ่านพื้นที่ก่อสร้าง, รอหลีกขบวนรถ","due to Passing construction site, Wait for track cleared"
2025-01-09,ชุมทางหาดใหญ่,Hat Yai Junction,34,34,07:05,07:39,07:05,07:39,"เนื่องจากผ่านพื้นที่ก่อสร้าง, รอหลีกขบวนรถ","due to Passing construction site, Wait for track cleared"
2025-01-10,กรุงเทพอภิวัฒน์,Bangkok (Krung Thep Aphiwat),-10,0,16:30,16:20,16:50,16:50,,
2025-01-10,บางบำหรุ,Bang Bamru,0,0,17:01,17:01,17:02,17:02,,
2025-01-10,ศาลายา,Sala Ya,0,0,17:22,17:22,17:23,17:23,,
2025-01-10,นครปฐม,Nakhon Pathom,4,4,17:48,17:52,17:50,17:54,,
2025-01-10,บ้านโป่ง,Ban Pong,5,5,18:08,18:13,18:09,18:14,,
2025-01-10,ราชบุรี,Ratchaburi,5,0,18:37,18:42,18:47,18:47,,
2025-01-10,เพชรบุรี,Phetchaburi,-1,0,19:30,19:29,19:31,19:31,,
2025-01-10,หัวหิน,Hua Hin,0,0,20:20,20:20,20:25,20:25,,
2025-01-10,ประจวบคีรีขันธ์,Prachuap Khiri Khan,-7,0,21:40,21:33,21:41,21:41,,
2025-01-10,ชุมพร,Chumphon,12,12,23:55,00:07,00:05,00:17,,
2025-01-10,สุราษฎร์ธานี,Surat Thani,18,18,02:20,02:38,02:23,02:41,,
2025-01-10,ชุมทางทุ่งสง,Thung Song Junction,14,14,04:08,04:22,04:18,04:32,,
2025-01-10,พัทลุง,Phatthalung,10,10,05:51,06:01,05:53,06:03,,
2025-01-10,ชุมทางหาดใหญ่,Hat Yai Junction,14,14,07:05,07:19,07:05,07:19,,
2025-01-11,กรุงเทพอภิวัฒน์,Bangkok (Krung Thep Aphiwat),-11,0,16:30,16:19,16:50,16:50,,
2025-01-11,บางบำหรุ,Bang Bamru,0,0,17:01,17:01,17:02,17:02,,
2025-01-11,ศาลายา,Sala Ya,0,0,17:22,17:22,17:23,17:23,,
2025-01-11,นครปฐม,Nakhon Pathom,1,0,17:48,17:49,17:50,17:50,,
2025-01-11,บ้านโป่ง,Ban Pong,3,3,18:08,18:11,18:09,18:12,,
2025-01-11,ราชบุรี,Ratchaburi,2,0,18:37,18:39,18:47,18:47,,
2025-01-11,เพชรบุรี,Phetchaburi,-4,0,19:30,19:26,19:31,19:31,,
2025-01-11,หัวหิน,Hua Hin,0,0,20:20,20:20,20:25,20:25,,
2025-01-11,ประจวบคีรีขันธ์,Prachuap Khiri Khan,-10,0,21:40,21:30,21:41,21:41,,
2025-01-11,ชุมพร,Chumphon,11,11,23:55,00:06,00:05,00:16,,
2025-01-11,สุราษฎร์ธานี,Surat Thani,31,31,02:20,02:51,02:23,02:54,,
2025-01-11,ชุมทางทุ่งสง,Thung Song Junction,29,28,04:08,04:37,04:18,04:46,,
2025-01-11,พัทลุง,Phatthalung,25,26,05:51,06:16,05:53,06:19,,
2025-01-11,ชุมทางหาดใหญ่,Hat Yai Junction,20,20,07:05,07:25,07:05,07:25,,
2025-01-12,กรุงเทพอภิวัฒน์,Bangkok (Krung Thep Aphiwat),-11,0,16:30,16:19,16:50,16:50,,
2025-01-12,บางบำหรุ,Bang Bamru,0,1,17:01,17:01,17:02,17:03,,
2025-01-12,ศาลายา,Sala Ya,2,2,17:22,17:24,17:23,17:25,,
2025-01-12,นครปฐม,Nakhon Pathom,5,5,17:48,17:53,17:50,17:55,,
2025-01-12,บ้านโป่ง,Ban Pong,11,11,18:08,18:19,18:09,18:20,,
2025-01-12,ราชบุรี,Ratchaburi,10,2,18:37,18:47,18:47,18:49,,
2025-01-12,เพชรบุรี,Phetchaburi,-2,0,19:30,19:28,19:31,19:31,,
2025-01-12,หัวหิน,Hua Hin,5,4,20:20,20:25,20:25,20:29,,
2025-01-12,ประจวบคีรีขันธ์,Prachuap Khiri Khan,-6,0,21:40,21:34,21:41,21:41,,
2025-01-12,ชุมพร,Chumphon,12,12,23:55,00:07,00:05,00:17,,
2025-01-12,สุราษฎร์ธานี,Surat Thani,31,31,02:20,02:51,02:23,02:54,,
2025-01-12,ชุมทางทุ่งสง,Thung Song Junction,33,29,04:08,04:41,04:18,04:47,,
2025-01-12,พัทลุง,Phatthalung,23,25,05:51,06:14,05:53,06:18,,
2025-01-12,ชุมทางหาดใหญ่,Hat Yai Junction,20,20,07:05,07:25,07:05,07:25,,
2025-01-13,กรุงเทพอภิวัฒน์,Bangkok (Krung Thep Aphiwat),-10,0,16:30,16:20,16:50,16:50,,
2025-01-13,บางบำหรุ,Bang Bamru,0,0,17:01,17:01,17:02,17:02,,
2025-01-13,ศาลายา,Sala Ya,0,0,17:22,17:22,17:23,17:23,,
2025-01-13,นครปฐม,Nakhon Pathom,0,0,17:48,17:48,17:50,17:50,,
2025-01-13,บ้านโป่ง,Ban Pong,2,2,18:08,18:10,18:09,18:11,,
2025-01-13,ราชบุรี,Ratchaburi,0,0,18:37,18:37,18:47,18:47,,
2025-01-13,เพชรบุรี,Phetchaburi,-5,0,19:30,19:25,19:31,19:31,,
2025-01-13,หัวหิน,Hua Hin,0,0,20:20,20:20,20:25,20:25,,
2025-01-13,ประจวบคีรีขันธ์,Prachuap Khiri Khan,-11,0,21:40,21:29,21:41,21:41,,
2025-01-13,ชุมพร,Chumphon,31,31,23:55,00:26,00:05,00:36,,
2025-01-13,สุราษฎร์ธานี,Surat Thani,41,41,02:20,03:01,02:23,03:04,,
2025-01-13,ชุมทางทุ่งสง,Thung Song Junction,38,37,04:08,04:46,04:18,04:55,,
2025-01-13,พัทลุง,Phatthalung,30,30,05:51,06:21,05:53,06:23,,
2025-01-13,ชุมทางหาดใหญ่,Hat Yai Junction,20,20,07:05,07:25,07:05,07:25,,
2025-01-14,กรุงเทพอภิวัฒน์,Bangkok (Krung Thep Aphiwat),-12,0,16:30,16:18,16:50,16:50,,
2025-01-14,บางบำหรุ,Bang Bamru,1,1,17:01,17:02,17:02,17:03,,
2025-01-14,ศาลายา,Sala Ya,0,0,17:22,17:22,17:23,17:23,,
2025-01-14,นครปฐม,Nakhon Pathom,0,0,17:48,17:48,17:50,17:50,,
2025-01-14,บ้านโป่ง,Ban Pong,2,2,18:08,18:10,18:09,18:11,,
2025-01-14,ราชบุรี,Ratchaburi,0,0,18:37,18:37,18:47,18:47,,
2025-01-14,เพชรบุรี,Phetchaburi,-7,0,19:30,19:23,19:31,19:31,,
2025-01-14,หัวหิน,Hua Hin,-4,0,20:20,20:16,20:25,20:25,,
2025-01-14,ประจวบคีรีขันธ์,Prachuap Khiri Khan,-9,0,21:40,21:31,21:41,21:41,,
2025-01-14,ชุมพร,Chumphon,16,16,23:55,00:11,00:05,00:21,,
2025-01-14,สุราษฎร์ธานี,Surat Thani,26,26,02:20,02:46,02:23,02:49,,
2025-01-14,ชุมทางทุ่งสง,Thung Song Junction,25,21,04:08,04:33,04:18,04:39,,
2025-01-14,พัทลุง,Phatthalung,12,12,05:51,06:03,05:53,06:05,,
2025-01-14,ชุมทางหาดใหญ่,Hat Yai Junction,8,8,07:05,07:13,07:05,07:13,,
2025-01-15,กรุงเทพอภิวัฒน์,Bangkok (Krung Thep Aphiwat),-11,0,16:30,16:19,16:50,16:50,"เนื่องจากผ่านพื้นที่ก่อสร้าง, รอหลีกขบวนรถ","due to Passing construction site, Wait for track cleared"
2025-01-15,บางบำหรุ,Bang Bamru,0,0,17:01,17:01,17:02,17:02,"เนื่องจากผ่านพื้นที่ก่อสร้าง, รอหลีกขบวนรถ","due to Passing construction site, Wait for track cleared"
2025-01-15,ศาลายา,Sala Ya,0,0,17:22,17:22,17:23,17:23,"เนื่องจากผ่านพื้นที่ก่อสร้าง, รอหลีกขบวนรถ","due to Passing construction site, Wait for track cleared"
2025-01-15,นครปฐม,Nakhon Pathom,-4,0,17:48,17:44,17:50,17:50,"เนื่องจากผ่านพื้นที่ก่อสร้าง, รอหลีกขบวนรถ","due to Passing construction site, Wait for track cleared"
2025-01-15,บ้านโป่ง,Ban Pong,0,0,18:08,18:08,18:09,18:09,"เนื่องจากผ่านพื้นที่ก่อสร้าง, รอหลีกขบวนรถ","due to Passing construction site, Wait for track cleared"
2025-01-15,ราชบุรี,Ratchaburi,0,0,18:37,18:37,18:47,18:47,"เนื่องจากผ่านพื้นที่ก่อสร้าง, รอหลีกขบวนรถ","due to Passing construction site, Wait for track cleared"
2025-01-15,เพชรบุรี,Phetchaburi,-7,0,19:30,19:23,19:31,19:31,"เนื่องจากผ่านพื้นที่ก่อสร้าง, รอหลีกขบวนรถ","due to Passing construction site, Wait for track cleared"
2025-01-15,หัวหิน,Hua Hin,-1,0,20:20,20:19,20:25,20:25,"เนื่องจากผ่านพื้นที่ก่อสร้าง, รอหลีกขบวนรถ","due to Passing construction site, Wait for track cleared"
2025-01-15,ประจวบคีรีขันธ์,Prachuap Khiri Khan,-9,0,21:40,21:31,21:41,21:41,"เนื่องจากผ่านพื้นที่ก่อสร้าง, รอหลีกขบวนรถ","due to Passing construction site, Wait for track cleared"
2025-01-15,ชุมพร,Chumphon,7,7,23:55,00:02,00:05,00:12,"เนื่องจากผ่านพื้นที่ก่อสร้าง, รอหลีกขบวนรถ","due to Passing construction site, Wait for track cleared"
2025-01-15,สุราษฎร์ธานี,Surat Thani,34,34,02:20,02:54,02:23,02:57,"เนื่องจากผ่านพื้นที่ก่อสร้าง, รอหลีกขบวนรถ","due to Passing construction site, Wait for track cleared"
2025-01-15,ชุมทางทุ่งสง,Thung Song Junction,39,37,04:08,04:47,04:18,04:55,"เนื่องจากผ่านพื้นที่ก่อสร้าง, รอหลีกขบวนรถ","due to Passing construction site, Wait for track cleared"
2025-01-15,พัทลุง,Phatthalung,35,35,05:51,06:26,05:53,06:28,"เนื่องจากผ่านพื้นที่ก่อสร้าง, รอหลีกขบวนรถ","due to Passing construction site, Wait for track cleared"
2025-01-15,ชุมทางหาดใหญ่,Hat Yai Junction,40,40,07:05,07:45,07:05,07:45,"เนื่องจากผ่านพื้นที่ก่อสร้าง, รอหลีกขบวนรถ","due to Passing construction site, Wait for track cleared"
2025-01-16,กรุงเทพอภิวัฒน์,Bangkok (Krung Thep Aphiwat),-11,0,16:30,16:19,16:50,16:50,,
2025-01-16,บางบำหรุ,Bang Bamru,0,0,17:01,17:01,17:02,17:02,,
2025-01-16,ศาลายา,Sala Ya,0,0,17:22,17:22,17:23,17:23,,
2025-01-16,นครปฐม,Nakhon Pathom,0,1,17:48,17:48,17:50,17:51,,
2025-01-16,บ้านโป่ง,Ban Pong,4,4,18:08,18:12,18:09,18:13,,
2025-01-16,ราชบุรี,Ratchaburi,3,0,18:37,18:40,18:47,18:47,,
2025-01-16,เพชรบุรี,Phetchaburi,-4,0,19:30,19:26,19:31,19:31,,
2025-01-16,หัวหิน,Hua Hin,0,0,20:20,,20:25,,,
2025-01-16,ประจวบคีรีขันธ์,Prachuap Khiri Khan,-10,0,21:40,21:30,21:41,21:41,,
2025-01-16,ชุมพร,Chumphon,15,14,23:55,00:10,00:05,00:19,,
2025-01-16,สุราษฎร์ธานี,Surat Thani,16,16,02:20,02:36,02:23,02:39,,
2025-01-16,ชุมทางทุ่งสง,Thung Song Junction,12,10,04:08,04:20,04:18,04:28,,
2025-01-16,พัทลุง,Phatthalung,10,12,05:51,06:01,05:53,06:05,,
2025-01-16,ชุมทางหาดใหญ่,Hat Yai Junction,15,15,07:05,07:20,07:05,07:20,,
2025-01-17,กรุงเทพอภิวัฒน์,Bangkok (Krung Thep Aphiwat),-10,0,16:30,16:20,16:50,16:50,"เนื่องจากผ่านพื้นที่ก่อสร้าง, รอหลีกขบวนรถ","due to Passing construction site, Wait for track cleared"
2025-01-17,บางบำหรุ,Bang Bamru,0,0,17:01,17:01,17:02,17:02,"เนื่องจากผ่านพื้นที่ก่อสร้าง, รอหลีกขบวนรถ","due to Passing construction site, Wait for track cleared"
2025-01-17,ศาลายา,Sala Ya,0,0,17:22,17:22,17:23,17:23,"เนื่องจากผ่านพื้นที่ก่อสร้าง, รอหลีกขบวนรถ","due to Passing construction site, Wait for track cleared"
2025-01-17,นครปฐม,Nakhon Pathom,0,0,17:48,17:48,17:50,17:50,"เนื่องจากผ่านพื้นที่ก่อสร้าง, รอหลีกขบวนรถ","due to Passing construction site, Wait for track cleared"
2025-01-17,บ้านโป่ง,Ban Pong,2,2,18:08,18:10,18:09,18:11,"เนื่องจากผ่านพื้นที่ก่อสร้าง, รอหลีกขบวนรถ","due to Passing construction site, Wait for track cleared"
2025-01-17,ราชบุรี,Ratchaburi,0,0,18:37,18:37,18:47,18:47,"เนื่องจากผ่านพื้นที่ก่อสร้าง, รอหลีกขบวนรถ","due to Passing construction site, Wait for track cleared"
2025-01-17,เพชรบุรี,Phetchaburi,-5,0,19:30,19:25,19:31,19:31,"เนื่องจากผ่านพื้นที่ก่อสร้าง, รอหลีกขบวนรถ","due to Passing construction site, Wait for track cleared"
2025-01-17,หัวหิน,Hua Hin,3,1,20:20,20:23,20:25,20:26,"เนื่องจากผ่านพื้นที่ก่อสร้าง, รอหลีกขบวนรถ","due to Passing construction site, Wait for track cleared"
2025-01-17,ประจวบคีรีขันธ์,Prachuap Khiri Khan,-5,0,21:40,21:35,21:41,21:41,"เนื่องจากผ่านพื้นที่ก่อสร้าง, รอหลีกขบวนรถ","due to Passing construction site, Wait for track cleared"
2025-01-17,ชุมพร,Chumphon,15,13,23:55,00:10,00:05,00:18,"เนื่องจากผ่านพื้นที่ก่อสร้าง, รอหลีกขบวนรถ","due to Passing construction site, Wait for track cleared"
2025-01-17,สุราษฎร์ธานี,Surat Thani,37,37,02:20,02:57,02:23,03:00,"เนื่องจากผ่านพื้นที่ก่อสร้าง, รอหลีกขบวนรถ","due to Passing construction site, Wait for track cleared"
2025-01-17,ชุมทางทุ่งสง,Thung Song Junction,39,39,04:08,04:47,04:18,04:57,"เนื่องจากผ่านพื้นที่ก่อสร้าง, รอหลีกขบวนรถ","due to Passing construction site, Wait for track cleared"
2025-01-17,พัทลุง,Phatthalung,37,37,05:51,06:28,05:53,06:30,"เนื่องจากผ่านพื้นที่ก่อสร้าง, รอหลีกขบวนรถ","due to Passing construction site, Wait for track cleared"
2025-01-17,ชุมทางหาดใหญ่,Hat Yai Junction,38,38,07:05,07:43,07:05,07:43,"เนื่องจากผ่านพื้นที่ก่อสร้าง, รอหลีกขบวนรถ","due to Passing construction site, Wait for track cleared"
2025-01-18,กรุงเทพอภิวัฒน์,Bangkok (Krung Thep Aphiwat),5,0,16:30,16:35,16:50,16:50,,
2025-01-18,บางบำหรุ,Bang Bamru,0,0,17:01,17:01,17:02,17:02,,
2025-01-18,ศาลายา,Sala Ya,0,0,17:22,17:22,17:23,17:23,,
2025-01-18,นครปฐม,Nakhon Pathom,0,0,17:48,17:48,17:50,17:50,,
2025-01-18,บ้านโป่ง,Ban Pong,0,0,18:08,18:08,18:09,18:09,,
2025-01-18,ราชบุรี,Ratchaburi,0,0,18:37,18:37,18:47,18:47,,
2025-01-18,เพชรบุรี,Phetchaburi,-2,0,19:30,19:28,19:31,19:31,,
2025-01-18,หัวหิน,Hua Hin,-3,0,20:20,20:17,20:25,20:25,,
2025-01-18,ประจวบคีรีขันธ์,Prachuap Khiri Khan,-11,0,21:40,21:29,21:41,21:41,,
2025-01-18,ชุมพร,Chumphon,14,12,23:55,00:09,00:05,00:17,,
2025-01-18,สุราษฎร์ธานี,Surat Thani,24,24,02:20,02:44,02:23,02:47,,
2025-01-18,ชุมทางทุ่งสง,Thung Song Junction,19,17,04:08,04:27,04:18,04:35,,
2025-01-18,พัทลุง,Phatthalung,10,12,05:51,06:01,05:53,06:05,,
2025-01-18,ชุมทางหาดใหญ่,Hat Yai Junction,10,10,07:05,07:15,07:05,07:15,,
2025-01-19,กรุงเทพอภิวัฒน์,Bangkok (Krung Thep Aphiwat),-11,0,16:30,16:19,16:50,16:50,,
2025-01-19,บางบำหรุ,Bang Bamru,0,0,17:01,17:01,17:02,17:02,,
2025-01-19,ศาลายา,Sala Ya,0,0,17:22,17:22,17:23,17:23,,
2025-01-19,นครปฐม,Nakhon Pathom,0,0,17:48,17:48,17:50,17:50,,
2025-01-19,บ้านโป่ง,Ban Pong,2,4,18:08,18:10,18:09,18:13,,
2025-01-19,ราชบุรี,Ratchaburi,0,0,18:37,18:37,18:47,18:47,,
2025-01-19,เพชรบุรี,Phetchaburi,-6,0,19:30,19:24,19:31,19:31,,
2025-01-19,หัวหิน,Hua Hin,0,0,20:20,20:20,20:25,20:25,,
2025-01-19,ประจวบคีรีขันธ์,Prachuap Khiri Khan,-8,0,21:40,21:32,21:41,21:41,,
2025-01-19,ชุมพร,Chumphon,12,24,23:55,00:07,00:05,00:29,,
2025-01-19,สุราษฎร์ธานี,Surat Thani,21,21,02:20,02:41,02:23,02:44,,
2025-01-19,ชุมทางทุ่งสง,Thung Song Junction,26,24,04:08,04:34,04:18,04:42,,
2025-01-19,พัทลุง,Phatthalung,25,25,05:51,06:16,05:53,06:18,,
2025-01-19,ชุมทางหาดใหญ่,Hat Yai Junction,20,20,07:05,07:25,07:05,07:25,,
2025-01-20,กรุงเทพอภิวัฒน์,Bangkok (Krung Thep Aphiwat),-10,0,16:30,16:20,16:50,16:50,,
2025-01-20,บางบำหรุ,Bang Bamru,0,0,17:01,17:01,17:02,17:02,,
2025-01-20,ศาลายา,Sala Ya,4,4,17:22,17:26,17:23,17:27,,
2025-01-20,นครปฐม,Nakhon Pathom,6,6,17:48,17:54,17:50,17:56,,
2025-01-20,บ้านโป่ง,Ban Pong,7,7,18:08,18:15,18:09,18:16,,
2025-01-20,ราชบุรี,Ratchaburi,6,0,18:37,18:43,18:47,18:47,,
2025-01-20,เพชรบุรี,Phetchaburi,-4,0,19:30,19:26,19:31,19:31,,
2025-01-20,หัวหิน,Hua Hin,10,8,20:20,20:30,20:25,20:33,,
2025-01-20,ประจวบคีรีขันธ์,Prachuap Khiri Khan,1,1,21:40,21:41,21:41,21:42,,
2025-01-20,ชุมพร,Chumphon,22,20,23:55,00:17,00:05,00:25,,
2025-01-20,สุราษฎร์ธานี,Surat Thani,25,25,02:20,02:45,02:23,02:48,,
2025-01-20,ชุมทางทุ่งสง,Thung Song Junction,26,22,04:08,04:34,04:18,04:40,,
2025-01-20,พัทลุง,Phatthalung,24,24,05:51,06:15,05:53,06:17,,
2025-01-20,ชุมทางหาดใหญ่,Hat Yai Junction,20,20,07:05,07:25,07:05,07:25,,
2025-01-21,กรุงเทพอภิวัฒน์,Bangkok (Krung Thep Aphiwat),-9,0,16:30,16:21,16:50,16:50,,
2025-01-21,บางบำหรุ,Bang Bamru,0,0,17:01,17:01,17:02,17:02,,
2025-01-21,ศาลายา,Sala Ya,0,0,17:22,17:22,17:23,17:23,,
2025-01-21,นครปฐม,Nakhon Pathom,0,0,17:48,17:48,17:50,17:50,,
2025-01-21,บ้านโป่ง,Ban Pong,2,2,18:08,18:10,18:09,18:11,,
2025-01-21,ราชบุรี,Ratchaburi,0,0,18:37,18:37,18:47,18:47,,
2025-01-21,เพชรบุรี,Phetchaburi,-6,0,19:30,19:24,19:31,19:31,,
2025-01-21,หัวหิน,Hua Hin,0,0,20:20,20:20,20:25,20:25,,
2025-01-21,ประจวบคีรีขันธ์,Prachuap Khiri Khan,-7,0,21:40,21:33,21:41,21:41,,
2025-01-21,ชุมพร,Chumphon,21,21,23:55,00:16,00:05,00:26,,
2025-01-21,สุราษฎร์ธานี,Surat Thani,29,31,02:20,02:49,02:23,02:54,,
2025-01-21,ชุมทางทุ่งสง,Thung Song Junction,26,26,04:08,04:34,04:18,04:44,,
2025-01-21,พัทลุง,Phatthalung,13,13,05:51,06:04,05:53,06:06,,
2025-01-21,ชุมทางหาดใหญ่,Hat Yai Junction,5,5,07:05,07:10,07:05,07:10,,
2025-01-22,กรุงเทพอภิวัฒน์,Bangkok (Krung Thep Aphiwat),-10,0,16:30,16:20,16:50,16:50,,
2025-01-22,บางบำหรุ,Bang Bamru,0,0,17:01,17:01,17:02,17:02,,
2025-01-22,ศาลายา,Sala Ya,0,0,17:22,17:22,17:23,17:23,,
2025-01-22,นครปฐม,Nakhon Pathom,2,2,17:48,17:50,17:50,17:52,,
2025-01-22,บ้านโป่ง,Ban Pong,4,4,18:08,18:12,18:09,18:13,,
2025-01-22,ราชบุรี,Ratchaburi,3,0,18:37,18:40,18:47,18:47,,
2025-01-22,เพชรบุรี,Phetchaburi,-6,0,19:30,19:24,19:31,19:31,,
2025-01-22,หัวหิน,Hua Hin,0,0,20:20,20:20,20:25,20:25,,
2025-01-22,ประจวบคีรีขันธ์,Prachuap Khiri Khan,-11,0,21:40,21:29,21:41,21:41,,
2025-01-22,ชุมพร,Chumphon,18,18,23:55,00:13,00:05,00:23,,
2025-01-22,สุราษฎร์ธานี,Surat Thani,15,15,02:20,02:35,02:23,02:38,,
2025-01-22,ชุมทางทุ่งสง,Thung Song Junction,4,0,04:08,04:12,04:18,04:18,,
2025-01-22,พัทลุง,Phatthalung,0,0,05:51,05:51,05:53,05:53,,
2025-01-22,ชุมทางหาดใหญ่,Hat Yai Junction,15,15,07:05,07:20,07:05,07:20,,
2025-01-23,กรุงเทพอภิวัฒน์,Bangkok (Krung Thep Aphiwat),-9,0,16:30,16:21,16:50,16:50,,
2025-01-23,บางบำหรุ,Bang Bamru,2,2,17:01,17:03,17:02,17:04,,
2025-01-23,ศาลายา,Sala Ya,0,0,17:22,17:22,17:23,17:23,,
2025-01-23,นครปฐม,Nakhon Pathom,0,0,17:48,17:48,17:50,17:50,,
2025-01-23,บ้านโป่ง,Ban Pong,0,0,18:08,18:08,18:09,18:09,,
2025-01-23,ราชบุรี,Ratchaburi,0,0,18:37,18:37,18:47,18:47,,
2025-01-23,เพชรบุรี,Phetchaburi,-6,0,19:30,19:24,19:31,19:31,,
2025-01-23,หัวหิน,Hua Hin,-1,0,20:20,20:19,20:25,20:25,,
2025-01-23,ประจวบคีรีขันธ์,Prachuap Khiri Khan,-10,0,21:40,21:30,21:41,21:41,,
2025-01-23,ชุมพร,Chumphon,13,15,23:55,00:08,00:05,00:20,,
2025-01-23,สุราษฎร์ธานี,Surat Thani,18,18,02:20,02:38,02:23,02:41,,
2025-01-23,ชุมทางทุ่งสง,Thung Song Junction,26,26,04:08,04:34,04:18,04:44,,
2025-01-23,พัทลุง,Phatthalung,23,25,05:51,06:14,05:53,06:18,,
2025-01-23,ชุมทางหาดใหญ่,Hat Yai Junction,20,20,07:05,07:25,07:05,07:25,,
2025-01-24,กรุงเทพอภิวัฒน์,Bangkok (Krung Thep Aphiwat),-16,15,16:30,16:14,16:50,17:05,,
2025-01-24,บางบำหรุ,Bang Bamru,14,14,17:01,17:15,17:02,17:16,,
2025-01-24,ศาลายา,Sala Ya,10,10,17:22,17:32,17:23,17:33,,
2025-01-24,นครปฐม,Nakhon Pathom,9,12,17:48,17:57,17:50,18:02,,
2025-01-24,บ้านโป่ง,Ban Pong,22,22,18:08,18:30,18:09,18:31,,
2025-01-24,ราชบุรี,Ratchaburi,20,12,18:37,18:57,18:47,18:59,,
2025-01-24,เพชรบุรี,Phetchaburi,8,8,19:30,19:38,19:31,19:39,,
2025-01-24,หัวหิน,Hua Hin,16,14,20:20,20:36,20:25,20:39,,
2025-01-24,ประจวบคีรีขันธ์,Prachuap Khiri Khan,7,7,21:40,21:47,21:41,21:48,,
2025-01-24,ชุมพร,Chumphon,43,41,23:55,00:38,00:05,00:46,,
2025-01-24,สุราษฎร์ธานี,Surat Thani,35,35,02:20,02:55,02:23,02:58,,
2025-01-24,ชุมทางทุ่งสง,Thung Song Junction,20,19,04:08,04:28,04:18,04:37,,
2025-01-24,พัทลุง,Phatthalung,20,20,05:51,06:11,05:53,06:13,,
2025-01-24,ชุมทางหาดใหญ่,Hat Yai Junction,18,18,07:05,07:23,07:05,07:23,,
2025-01-25,กรุงเทพอภิวัฒน์,Bangkok (Krung Thep Aphiwat),9,0,16:30,16:39,16:50,16:50,เนื่องจากผ่านพื้นที่ก่อสร้าง,due to Passing construction site
2025-01-25,บางบำหรุ,Bang Bamru,5,5,17:01,17:06,17:02,17:07,เนื่องจากผ่านพื้นที่ก่อสร้าง,due to Passing construction site
2025-01-25,ศาลายา,Sala Ya,6,6,17:22,17:28,17:23,17:29,เนื่องจากผ่านพื้นที่ก่อสร้าง,due to Passing construction site
2025-01-25,นครปฐม,Nakhon Pathom,6,6,17:48,17:54,17:50,17:56,เนื่องจากผ่านพื้นที่ก่อสร้าง,due to Passing construction site
2025-01-25,บ้านโป่ง,Ban Pong,7,7,18:08,18:15,18:09,18:16,เนื่องจากผ่านพื้นที่ก่อสร้าง,due to Passing construction site
2025-01-25,ราชบุรี,Ratchaburi,7,0,18:37,18:44,18:47,18:47,เนื่องจากผ่านพื้นที่ก่อสร้าง,due to Passing construction site
2025-01-25,เพชรบุรี,Phetchaburi,-4,0,19:30,19:26,19:31,19:31,เนื่องจากผ่านพื้นที่ก่อสร้าง,due to Passing construction site
2025-01-25,หัวหิน,Hua Hin,2,0,20:20,20:22,20:25,20:25,เนื่องจากผ่านพื้นที่ก่อสร้าง,due to Passing construction site
2025-01-25,ประจวบคีรีขันธ์,Prachuap Khiri Khan,-12,0,21:40,21:28,21:41,21:41,เนื่องจากผ่านพื้นที่ก่อสร้าง,due to Passing construction site
2025-01-25,ชุมพร,Chumphon,17,17,23:55,00:12,00:05,00:22,เนื่องจากผ่านพื้นที่ก่อสร้าง,due to Passing construction site
2025-01-25,สุราษฎร์ธานี,Surat Thani,26,29,02:20,02:46,02:23,02:52,เนื่องจากผ่านพื้นที่ก่อสร้าง,due to Passing construction site
2025-01-25,ชุมทางทุ่งสง,Thung Song Junction,40,36,04:08,04:48,04:18,04:54,เนื่องจากผ่านพื้นที่ก่อสร้าง,due to Passing construction site
2025-01-25,พัทลุง,Phatthalung,34,35,05:51,06:25,05:53,06:28,เนื่องจากผ่านพื้นที่ก่อสร้าง,due to Passing construction site
2025-01-25,ชุมทางหาดใหญ่,Hat Yai Junction,42,42,07:05,07:47,07:05,07:47,เนื่องจากผ่านพื้นที่ก่อสร้าง,due to Passing construction site
2025-01-26,กรุงเทพอภิวัฒน์,Bangkok (Krung Thep Aphiwat),-14,0,16:30,16:16,16:50,16:50,,
2025-01-26,บางบำหรุ,Bang Bamru,0,0,17:01,17:01,17:02,17:02,,
2025-01-26,ศาลายา,Sala Ya,0,0,17:22,17:22,17:23,17:23,,
2025-01-26,นครปฐม,Nakhon Pathom,0,0,17:48,17:48,17:50,17:50,,
2025-01-26,บ้านโป่ง,Ban Pong,0,0,18:08,18:08,18:09,18:09,,
2025-01-26,ราชบุรี,Ratchaburi,0,0,18:37,18:37,18:47,18:47,,
2025-01-26,เพชรบุรี,Phetchaburi,-6,0,19:30,19:24,19:31,19:31,,
2025-01-26,หัวหิน,Hua Hin,5,0,20:20,20:25,20:25,20:25,,
2025-01-26,ประจวบคีรีขันธ์,Prachuap Khiri Khan,-11,0,21:40,21:29,21:41,21:41,,
2025-01-26,ชุมพร,Chumphon,14,23,23:55,00:09,00:05,00:28,,
2025-01-26,สุราษฎร์ธานี,Surat Thani,31,31,02:20,02:51,02:23,02:54,,
2025-01-26,ชุมทางทุ่งสง,Thung Song Junction,23,22,04:08,04:31,04:18,04:40,,
2025-01-26,พัทลุง,Phatthalung,11,13,05:51,06:02,05:53,06:06,,
2025-01-26,ชุมทางหาดใหญ่,Hat Yai Junction,8,8,07:05,07:13,07:05,07:13,,
2025-01-27,กรุงเทพอภิวัฒน์,Bangkok (Krung Thep Aphiwat),-11,0,16:30,16:19,16:50,16:50,,
2025-01-27,บางบำหรุ,Bang Bamru,0,0,17:01,17:01,17:02,17:02,,
2025-01-27,ศาลายา,Sala Ya,0,0,17:22,17:22,17:23,17:23,,
2025-01-27,นครปฐม,Nakhon Pathom,2,2,17:48,17:50,17:50,17:52,,
2025-01-27,บ้านโป่ง,Ban Pong,3,4,18:08,18:11,18:09,18:13,,
2025-01-27,ราชบุรี,Ratchaburi,3,0,18:37,18:40,18:47,18:47,,
2025-01-27,เพชรบุรี,Phetchaburi,-4,0,19:30,19:26,19:31,19:31,,
2025-01-27,หัวหิน,Hua Hin,5,4,20:20,20:25,20:25,20:29,,
2025-01-27,ประจวบคีรีขันธ์,Prachuap Khiri Khan,-4,0,21:40,21:36,21:41,21:41,,
2025-01-27,ชุมพร,Chumphon,7,8,23:55,00:02,00:05,00:13,,
2025-01-27,สุราษฎร์ธานี,Surat Thani,27,30,02:20,02:47,02:23,02:53,,
2025-01-27,ชุมทางทุ่งสง,Thung Song Junction,28,25,04:08,04:36,04:18,04:43,,
2025-01-27,พัทลุง,Phatthalung,27,27,05:51,06:18,05:53,06:20,,
2025-01-27,ชุมทางหาดใหญ่,Hat Yai Junction,20,20,07:05,07:25,07:05,07:25,,
2025-01-28,กรุงเทพอภิวัฒน์,Bangkok (Krung Thep Aphiwat),-10,0,16:30,16:20,16:50,16:50,,
2025-01-28,บางบำหรุ,Bang Bamru,0,0,17:01,17:01,17:02,17:02,,
2025-01-28,ศาลายา,Sala Ya,0,0,17:22,17:22,17:23,17:23,,
2025-01-28,นครปฐม,Nakhon Pathom,0,0,17:48,17:48,17:50,17:50,,
2025-01-28,บ้านโป่ง,Ban Pong,0,0,18:08,18:08,18:09,18:09,,
2025-01-28,ราชบุรี,Ratchaburi,-3,0,18:37,18:34,18:47,18:47,,
2025-01-28,เพชรบุรี,Phetchaburi,-9,0,19:30,19:21,19:31,19:31,,
2025-01-28,หัวหิน,Hua Hin,-4,0,20:20,20:16,20:25,20:25,,
2025-01-28,ประจวบคีรีขันธ์,Prachuap Khiri Khan,-11,0,21:40,21:29,21:41,21:41,,
2025-01-28,ชุมพร,Chumphon,21,21,23:55,00:16,00:05,00:26,,
2025-01-28,สุราษฎร์ธานี,Surat Thani,18,18,02:20,02:38,02:23,02:41,,
2025-01-28,ชุมทางทุ่งสง,Thung Song Junction,4,4,04:08,04:12,04:18,04:22,,
2025-01-28,พัทลุง,Phatthalung,0,0,05:51,05:51,05:53,05:53,,
2025-01-28,ชุมทางหาดใหญ่,Hat Yai Junction,3,3,07:05,07:08,07:05,07:08,,
2025-01-29,กรุงเทพอภิวัฒน์,Bangkok (Krung Thep Aphiwat),-12,0,16:30,16:18,16:50,16:50,,
2025-01-29,บางบำหรุ,Bang Bamru,0,0,17:01,17:01,17:02,17:02,,
2025-01-29,ศาลายา,Sala Ya,0,0,17:22,17:22,17:23,17:23,,
2025-01-29,นครปฐม,Nakhon Pathom,0,0,17:48,17:48,17:50,17:50,,
2025-01-29,บ้านโป่ง,Ban Pong,0,0,18:08,18:08,18:09,18:09,,
2025-01-29,ราชบุรี,Ratchaburi,0,0,18:37,18:37,18:47,18:47,,
2025-01-29,เพชรบุรี,Phetchaburi,-7,0,19:30,19:23,19:31,19:31,,
2025-01-29,หัวหิน,Hua Hin,-2,0,20:20,20:18,20:25,20:25,,
2025-01-29,ประจวบคีรีขันธ์,Prachuap Khiri Khan,-7,0,21:40,21:33,21:41,21:41,,
2025-01-29,ชุมพร,Chumphon,20,18,23:55,00:15,00:05,00:23,,
2025-01-29,สุราษฎร์ธานี,Surat Thani,7,11,02:20,02:27,02:23,02:34,,
2025-01-29,ชุมทางทุ่งสง,Thung Song Junction,0,0,04:08,04:08,04:18,04:18,,
2025-01-29,พัทลุง,Phatthalung,0,0,05:51,05:51,05:53,05:53,,
2025-01-29,ชุมทางหาดใหญ่,Hat Yai Junction,0,0,07:05,07:05,07:05,07:05,,
2025-01-30,กรุงเทพอภิวัฒน์,Bangkok (Krung Thep Aphiwat),-9,0,16:30,16:21,16:50,16:50,,
2025-01-30,บางบำหรุ,Bang Bamru,0,0,17:01,17:01,17:02,17:02,,
2025-01-30,ศาลายา,Sala Ya,0,0,17:22,17:22,17:23,17:23,,
2025-01-30,นครปฐม,Nakhon Pathom,0,0,17:48,17:48,17:50,17:50,,
2025-01-30,บ้านโป่ง,Ban Pong,0,0,18:08,18:08,18:09,18:09,,
2025-01-30,ราชบุรี,Ratchaburi,0,0,18:37,18:37,18:47,18:47,,
2025-01-30,เพชรบุรี,Phetchaburi,-5,0,19:30,19:25,19:31,19:31,,
2025-01-30,หัวหิน,Hua Hin,0,0,20:20,20:20,20:25,20:25,,
2025-01-30,ประจวบคีรีขันธ์,Prachuap Khiri Khan,-8,0,21:40,21:32,21:41,21:41,,
2025-01-30,ชุมพร,Chumphon,32,33,23:55,00:27,00:05,00:38,,
2025-01-30,สุราษฎร์ธานี,Surat Thani,53,53,02:20,03:13,02:23,03:16,,
2025-01-30,ชุมทางทุ่งสง,Thung Song Junction,49,47,04:08,04:57,04:18,05:05,,
2025-01-30,พัทลุง,Phatthalung,30,30,05:51,06:21,05:53,06:23,,
2025-01-30,ชุมทางหาดใหญ่,Hat Yai Junction,20,20,07:05,07:25,07:05,07:25,,
2025-01-31,กรุงเทพอภิวัฒน์,Bangkok (Krung Thep Aphiwat),-23,0,16:30,16:07,16:50,16:50,,
2025-01-31,บางบำหรุ,Bang Bamru,0,0,17:01,17:01,17:02,17:02,,
2025-01-31,ศาลายา,Sala Ya,0,0,17:22,17:22,17:23,17:23,,
2025-01-31,นครปฐม,Nakhon Pathom,0,0,17:48,17:48,17:50,17:50,,
2025-01-31,บ้านโป่ง,Ban Pong,0,0,18:08,18:08,18:09,18:09,,
2025-01-31,ราชบุรี,Ratchaburi,0,0,18:37,18:37,18:47,18:47,,
2025-01-31,เพชรบุรี,Phetchaburi,-7,0,19:30,19:23,19:31,19:31,,
2025-01-31,หัวหิน,Hua Hin,1,0,20:20,20:21,20:25,20:25,,
2025-01-31,ประจวบคีรีขันธ์,Prachuap Khiri Khan,-10,0,21:40,21:30,21:41,21:41,,
2025-01-31,ชุมพร,Chumphon,18,17,23:55,00:13,00:05,00:22,,
2025-01-31,สุราษฎร์ธานี,Surat Thani,36,36,02:20,02:56,02:23,02:59,,
2025-01-31,ชุมทางทุ่งสง,Thung Song Junction,32,32,04:08,04:40,04:18,04:50,,
2025-01-31,พัทลุง,Phatthalung,22,22,05:51,06:13,05:53,06:15,,
2025-01-31,ชุมทางหาดใหญ่,Hat Yai Junction,15,15,07:05,07:20,07:05,07:20,,
2025-02-01,กรุงเทพอภิวัฒน์,Bangkok (Krung Thep Aphiwat),-11,0,16:30,16:19,16:50,16:50,,
2025-02-01,บางบำหรุ,Bang Bamru,0,0,17:01,17:01,17:02,17:02,,
2025-02-01,ศาลายา,Sala Ya,0,0,17:22,17:22,17:23,17:23,,
2025-02-01,นครปฐม,Nakhon Pathom,0,0,17:48,17:48,17:50,17:50,,
2025-02-01,บ้านโป่ง,Ban Pong,1,1,18:08,18:09,18:09,18:10,,
2025-02-01,ราชบุรี,Ratchaburi,0,0,18:37,18:37,18:47,18:47,,
2025-02-01,เพชรบุรี,Phetchaburi,-3,0,19:30,19:27,19:31,19:31,,
2025-02-01,หัวหิน,Hua Hin,0,0,20:20,20:20,20:25,20:25,,
2025-02-01,ประจวบคีรีขันธ์,Prachuap Khiri Khan,-11,0,21:40,21:29,21:41,21:41,,
2025-02-01,ชุมพร,Chumphon,31,35,23:55,00:26,00:05,00:40,,
2025-02-01,สุราษฎร์ธานี,Surat Thani,33,33,02:20,02:53,02:23,02:56,,
2025-02-01,ชุมทางทุ่งสง,Thung Song Junction,30,27,04:08,04:38,04:18,04:45,,
2025-02-01,พัทลุง,Phatthalung,24,24,05:51,06:15,05:53,06:17,,
2025-02-01,ชุมทางหาดใหญ่,Hat Yai Junction,20,20,07:05,07:25,07:05,07:25,,
2025-02-02,กรุงเทพอภิวัฒน์,Bangkok (Krung Thep Aphiwat),-9,0,16:30,16:21,16:50,16:50,,
2025-02-02,บางบำหรุ,Bang Bamru,0,0,17:01,17:01,17:02,17:02,,
2025-02-02,ศาลายา,Sala Ya,1,1,17:22,17:23,17:23,17:24,,
2025-02-02,นครปฐม,Nakhon Pathom,2,2,17:48,17:50,17:50,17:52,,
2025-02-02,บ้านโป่ง,Ban Pong,3,3,18:08,18:11,18:09,18:12,,
2025-02-02,ราชบุรี,Ratchaburi,0,0,18:37,18:37,18:47,18:47,,
2025-02-02,เพชรบุรี,Phetchaburi,-6,6,19:30,19:24,19:31,19:37,,
2025-02-02,หัวหิน,Hua Hin,6,4,20:20,20:26,20:25,20:29,,
2025-02-02,ประจวบคีรีขันธ์,Prachuap Khiri Khan,-1,0,21:40,21:39,21:41,21:41,,
2025-02-02,ชุมพร,Chumphon,18,17,23:55,00:13,00:05,00:22,,
2025-02-02,สุราษฎร์ธานี,Surat Thani,37,37,02:20,02:57,02:23,03:00,,
2025-02-02,ชุมทางทุ่งสง,Thung Song Junction,33,30,04:08,04:41,04:18,04:48,,
2025-02-02,พัทลุง,Phatthalung,20,22,05:51,06:11,05:53,06:15,,
2025-02-02,ชุมทางหาดใหญ่,Hat Yai Junction,20,20,07:05,07:25,07:05,07:25,,
2025-02-03,กรุงเทพอภิวัฒน์,Bangkok (Krung Thep Aphiwat),-10,0,16:30,16:20,16:50,16:50,,
2025-02-03,บางบำหรุ,Bang Bamru,0,0,17:01,17:01,17:02,17:02,,
2025-02-03,ศาลายา,Sala Ya,0,0,17:22,17:22,17:23,17:23,,
2025-02-03,นครปฐม,Nakhon Pathom,0,3,17:48,17:48,17:50,17:53,,
2025-02-03,บ้านโป่ง,Ban Pong,3,3,18:08,18:11,18:09,18:12,,
2025-02-03,ราชบุรี,Ratchaburi,2,0,18:37,18:39,18:47,18:47,,
2025-02-03,เพชรบุรี,Phetchaburi,-6,0,19:30,19:24,19:31,19:31,,
2025-02-03,หัวหิน,Hua Hin,1,0,20:20,20:21,20:25,20:25,,
2025-02-03,ประจวบคีรีขันธ์,Prachuap Khiri Khan,-6,0,21:40,21:34,21:41,21:41,,
2025-02-03,ชุมพร,Chumphon,19,18,23:55,00:14,00:05,00:23,,
2025-02-03,สุราษฎร์ธานี,Surat Thani,36,36,02:20,02:56,02:23,02:59,,
2025-02-03,ชุมทางทุ่งสง,Thung Song Junction,40,39,04:08,04:48,04:18,04:57,,
2025-02-03,พัทลุง,Phatthalung,21,21,05:51,06:12,05:53,06:14,,
2025-02-03,ชุมทางหาดใหญ่,Hat Yai Junction,10,10,07:05,07:15,07:05,07:15,,
2025-02-04,กรุงเทพอภิวัฒน์,Bangkok (Krung Thep Aphiwat),-10,0,16:30,16:20,16:50,16:50,,
2025-02-04,บางบำหรุ,Bang Bamru,0,0,17:01,17:01,17:02,17:02,,
2025-02-04,ศาลายา,Sala Ya,0,0,17:22,17:22,17:23,17:23,,
2025-02-04,นครปฐม,Nakhon Pathom,0,0,17:48,17:48,17:50,17:50,,
2025-02-04,บ้านโป่ง,Ban Pong,0,0,18:08,18:08,18:09,18:09,,
2025-02-04,ราชบุรี,Ratchaburi,0,0,18:37,18:37,18:47,18:47,,
2025-02-04,เพชรบุรี,Phetchaburi,-5,0,19:30,19:25,19:31,19:31,,
2025-02-04,หัวหิน,Hua Hin,0,0,20:20,20:20,20:25,20:25,,
2025-02-04,ประจวบคีรีขันธ์,Prachuap Khiri Khan,-5,0,21:40,21:35,21:41,21:41,,
2025-02-04,ชุมพร,Chumphon,17,15,23:55,00:12,00:05,00:20,,
2025-02-04,สุราษฎร์ธานี,Surat Thani,22,22,02:20,02:42,02:23,02:45,,
2025-02-04,ชุมทางทุ่งสง,Thung Song Junction,20,19,04:08,04:28,04:18,04:37,,
2025-02-04,พัทลุง,Phatthalung,10,10,05:51,06:01,05:53,06:03,,
2025-02-04,ชุมทางหาดใหญ่,Hat Yai Junction,7,7,07:05,07:12,07:05,07:12,,
2025-02-05,กรุงเทพอภิวัฒน์,Bangkok (Krung Thep Aphiwat),-10,0,16:30,16:20,16:50,16:50,"เนื่องจากผ่านพื้นที่ก่อสร้าง, รอเปิดทาง","due to Passing construction site, Wait for track cleared"
2025-02-05,บางบำหรุ,Bang Bamru,0,0,17:01,17:01,17:02,17:02,"เนื่องจากผ่านพื้นที่ก่อสร้าง, รอเปิดทาง","due to Passing construction site, Wait for track cleared"
2025-02-05,ศาลายา,Sala Ya,0,0,17:22,17:22,17:23,17:23,"เนื่องจากผ่านพื้นที่ก่อสร้าง, รอเปิดทาง","due to Passing construction site, Wait for track cleared"
2025-02-05,นครปฐม,Nakhon Pathom,0,0,17:48,17:48,17:50,17:50,"เนื่องจากผ่านพื้นที่ก่อสร้าง, รอเปิดทาง","due to Passing construction site, Wait for track cleared"
2025-02-05,บ้านโป่ง,Ban Pong,-2,0,18:08,18:06,18:09,18:09,"เนื่องจากผ่านพื้นที่ก่อสร้าง, รอเปิดทาง","due to Passing construction site, Wait for track cleared"
2025-02-05,ราชบุรี,Ratchaburi,-3,0,18:37,18:34,18:47,18:47,"เนื่องจากผ่านพื้นที่ก่อสร้าง, รอเปิดทาง","due to Passing construction site, Wait for track cleared"
2025-02-05,เพชรบุรี,Phetchaburi,-6,0,19:30,19:24,19:31,19:31,"เนื่องจากผ่านพื้นที่ก่อสร้าง, รอเปิดทาง","due to Passing construction site, Wait for track cleared"
2025-02-05,หัวหิน,Hua Hin,-2,0,20:20,20:18,20:25,20:25,"เนื่องจากผ่านพื้นที่ก่อสร้าง, รอเปิดทาง","due to Passing construction site, Wait for track cleared"
2025-02-05,ประจวบคีรีขันธ์,Prachuap Khiri Khan,-8,0,21:40,21:32,21:41,21:41,"เนื่องจากผ่านพื้นที่ก่อสร้าง, รอเปิดทาง","due to Passing construction site, Wait for track cleared"
2025-02-05,ชุมพร,Chumphon,19,18,23:55,00:14,00:05,00:23,"เนื่องจากผ่านพื้นที่ก่อสร้าง, รอเปิดทาง","due to Passing construction site, Wait for track cleared"
2025-02-05,สุราษฎร์ธานี,Surat Thani,50,50,02:20,03:10,02:23,03:13,"เนื่องจากผ่านพื้นที่ก่อสร้าง, รอเปิดทาง","due to Passing construction site, Wait for track cleared"
2025-02-05,ชุมทางทุ่งสง,Thung Song Junction,46,46,04:08,04:54,04:18,05:04,"เนื่องจากผ่านพื้นที่ก่อสร้าง, รอเปิดทาง","due to Passing construction site, Wait for track cleared"
2025-02-05,พัทลุง,Phatthalung,40,40,05:51,06:31,05:53,06:33,"เนื่องจากผ่านพื้นที่ก่อสร้าง, รอเปิดทาง","due to Passing construction site, Wait for track cleared"
2025-02-05,ชุมทางหาดใหญ่,Hat Yai Junction,41,41,07:05,07:46,07:05,07:46,"เนื่องจากผ่านพื้นที่ก่อสร้าง, รอเปิดทาง","due to Passing construction site, Wait for track cleared"
2025-02-06,กรุงเทพอภิวัฒน์,Bangkok (Krung Thep Aphiwat),-11,0,16:30,16:19,16:50,16:50,,
2025-02-06,บางบำหรุ,Bang Bamru,0,0,17:01,17:01,17:02,17:02,,
2025-02-06,ศาลายา,Sala Ya,0,0,17:22,17:22,17:23,17:23,,
2025-02-06,นครปฐม,Nakhon Pathom,0,0,17:48,17:48,17:50,17:50,,
2025-02-06,บ้านโป่ง,Ban Pong,1,1,18:08,18:09,18:09,18:10,,
2025-02-06,ราชบุรี,Ratchaburi,0,0,18:37,18:37,18:47,18:47,,
2025-02-06,เพชรบุรี,Phetchaburi,-7,0,19:30,19:23,19:31,19:31,,
2025-02-06,หัวหิน,Hua Hin,5,0,20:20,20:25,20:25,20:25,,
2025-02-06,ประจวบคีรีขันธ์,Prachuap Khiri Khan,-7,0,21:40,21:33,21:41,21:41,,
2025-02-06,ชุมพร,Chumphon,8,11,23:55,00:03,00:05,00:16,,
2025-02-06,สุราษฎร์ธานี,Surat Thani,9,9,02:20,02:29,02:23,02:32,,
2025-02-06,ชุมทางทุ่งสง,Thung Song Junction,2,0,04:08,04:10,04:18,04:18,,
2025-02-06,พัทลุง,Phatthalung,0,0,05:51,05:51,05:53,05:53,,
2025-02-06,ชุมทางหาดใหญ่,Hat Yai Junction,-2,-2,07:05,07:03,07:05,07:03,,
2025-02-07,กรุงเทพอภิวัฒน์,Bangkok (Krung Thep Aphiwat),-10,0,16:30,16:20,16:50,16:50,,
2025-02-07,บางบำหรุ,Bang Bamru,0,0,17:01,17:01,17:02,17:02,,
2025-02-07,ศาลายา,Sala Ya,0,0,17:22,17:22,17:23,17:23,,
2025-02-07,นครปฐม,Nakhon Pathom,0,0,17:48,17:48,17:50,17:50,,
2025-02-07,บ้านโป่ง,Ban Pong,0,0,18:08,18:08,18:09,18:09,,
2025-02-07,ราชบุรี,Ratchaburi,-2,0,18:37,18:35,18:47,18:47,,
2025-02-07,เพชรบุรี,Phetchaburi,-2,0,19:30,19:28,19:31,19:31,,
2025-02-07,หัวหิน,Hua Hin,0,0,20:20,20:20,20:25,20:25,,
2025-02-07,ประจวบคีรีขันธ์,Prachuap Khiri Khan,-6,0,21:40,21:34,21:41,21:41,,
2025-02-07,ชุมพร,Chumphon,23,23,23:55,00:18,00:05,00:28,,
2025-02-07,สุราษฎร์ธานี,Surat Thani,19,19,02:20,02:39,02:23,02:42,,
2025-02-07,ชุมทางทุ่งสง,Thung Song Junction,16,15,04:08,04:24,04:18,04:33,,
2025-02-07,พัทลุง,Phatthalung,0,3,05:51,05:51,05:53,05:56,,
2025-02-07,ชุมทางหาดใหญ่,Hat Yai Junction,0,0,07:05,07:05,07:05,07:05,,
2025-02-08,กรุงเทพอภิวัฒน์,Bangkok (Krung Thep Aphiwat),-10,0,16:30,16:20,16:50,16:50,,
2025-02-08,บางบำหรุ,Bang Bamru,0,0,17:01,17:01,17:02,17:02,,
2025-02-08,ศาลายา,Sala Ya,0,0,17:22,17:22,17:23,17:23,,
2025-02-08,นครปฐม,Nakhon Pathom,2,2,17:48,17:50,17:50,17:52,,
2025-02-08,บ้านโป่ง,Ban Pong,2,2,18:08,18:10,18:09,18:11,,
2025-02-08,ราชบุรี,Ratchaburi,0,0,18:37,18:37,18:47,18:47,,
2025-02-08,เพชรบุรี,Phetchaburi,-6,0,19:30,19:24,19:31,19:31,,
2025-02-08,หัวหิน,Hua Hin,0,0,20:20,20:20,20:25,20:25,,
2025-02-08,ประจวบคีรีขันธ์,Prachuap Khiri Khan,-8,0,21:40,21:32,21:41,21:41,,
2025-02-08,ชุมพร,Chumphon,8,8,23:55,00:03,00:05,00:13,,
2025-02-08,สุราษฎร์ธานี,Surat Thani,27,27,02:20,02:47,02:23,02:50,,
2025-02-08,ชุมทางทุ่งสง,Thung Song Junction,20,17,04:08,04:28,04:18,04:35,,
2025-02-08,พัทลุง,Phatthalung,7,7,05:51,05:58,05:53,06:00,,
2025-02-08,ชุมทางหาดใหญ่,Hat Yai Junction,5,5,07:05,07:10,07:05,07:10,,
2025-02-09,กรุงเทพอภิวัฒน์,Bangkok (Krung Thep Aphiwat),-12,0,16:30,16:18,16:50,16:50,,
2025-02-09,บางบำหรุ,Bang Bamru,0,0,17:01,17:01,17:02,17:02,,
2025-02-09,ศาลายา,Sala Ya,0,0,17:22,17:22,17:23,17:23,,
2025-02-09,นครปฐม,Nakhon Pathom,1,1,17:48,17:49,17:50,17:51,,
2025-02-09,บ้านโป่ง,Ban Pong,1,1,18:08,18:09,18:09,18:10,,
2025-02-09,ราชบุรี,Ratchaburi,0,0,18:37,18:37,18:47,18:47,,
2025-02-09,เพชรบุรี,Phetchaburi,-7,0,19:30,19:23,19:31,19:31,,
2025-02-09,หัวหิน,Hua Hin,1,1,20:20,20:21,20:25,20:26,,
2025-02-09,ประจวบคีรีขันธ์,Prachuap Khiri Khan,-3,0,21:40,21:37,21:41,21:41,,
2025-02-09,ชุมพร,Chumphon,19,18,23:55,00:14,00:05,00:23,,
2025-02-09,สุราษฎร์ธานี,Surat Thani,36,36,02:20,02:56,02:23,02:59,,
2025-02-09,ชุมทางทุ่งสง,Thung Song Junction,48,47,04:08,04:56,04:18,05:05,,
2025-02-09,พัทลุง,Phatthalung,33,33,05:51,06:24,05:53,06:26,,
2025-02-09,ชุมทางหาดใหญ่,Hat Yai Junction,20,20,07:05,07:25,07:05,07:25,,
2025-02-10,กรุงเทพอภิวัฒน์,Bangkok (Krung Thep Aphiwat),4,0,16:30,16:34,16:50,16:50,,
2025-02-10,บางบำหรุ,Bang Bamru,0,0,17:01,17:01,17:02,17:02,,
2025-02-10,ศาลายา,Sala Ya,0,0,17:22,17:22,17:23,17:23,,
2025-02-10,นครปฐม,Nakhon Pathom,0,0,17:48,17:48,17:50,17:50,,
2025-02-10,บ้านโป่ง,Ban Pong,0,0,18:08,18:08,18:09,18:09,,
2025-02-10,ราชบุรี,Ratchaburi,0,0,18:37,18:37,18:47,18:47,,
2025-02-10,เพชรบุรี,Phetchaburi,-5,0,19:30,19:25,19:31,19:31,,
2025-02-10,หัวหิน,Hua Hin,-2,0,20:20,20:18,20:25,20:25,,
2025-02-10,ประจวบคีรีขันธ์,Prachuap Khiri Khan,-9,0,21:40,21:31,21:41,21:41,,
2025-02-10,ชุมพร,Chumphon,20,30,23:55,00:15,00:05,00:35,,
2025-02-10,สุราษฎร์ธานี,Surat Thani,46,46,02:20,03:06,02:23,03:09,,
2025-02-10,ชุมทางทุ่งสง,Thung Song Junction,46,43,04:08,04:54,04:18,05:01,,
2025-02-10,พัทลุง,Phatthalung,26,26,05:51,06:17,05:53,06:19,,
2025-02-10,ชุมทางหาดใหญ่,Hat Yai Junction,20,20,07:05,07:25,07:05,07:25,,
2025-02-11,กรุงเทพอภิวัฒน์,Bangkok (Krung Thep Aphiwat),-21,0,16:30,16:09,16:50,16:50,,
2025-02-11,บางบำหรุ,Bang Bamru,0,0,17:01,17:01,17:02,17:02,,
2025-02-11,ศาลายา,Sala Ya,0,0,17:22,17:22,17:23,17:23,,
2025-02-11,นครปฐม,Nakhon Pathom,0,0,17:48,17:48,17:50,17:50,,
2025-02-11,บ้านโป่ง,Ban Pong,0,0,18:08,18:08,18:09,18:09,,
2025-02-11,ราชบุรี,Ratchaburi,-2,0,18:37,18:35,18:47,18:47,,
2025-02-11,เพชรบุรี,Phetchaburi,-3,0,19:30,19:27,19:31,19:31,,
2025-02-11,หัวหิน,Hua Hin,0,0,20:20,20:20,20:25,20:25,,
2025-02-11,ประจวบคีรีขันธ์,Prachuap Khiri Khan,-9,0,21:40,21:31,21:41,21:41,,
2025-02-11,ชุมพร,Chumphon,17,16,23:55,00:12,00:05,00:21,,
2025-02-11,สุราษฎร์ธานี,Surat Thani,12,12,02:20,02:32,02:23,02:35,,
2025-02-11,ชุมทางทุ่งสง,Thung Song Junction,1,0,04:08,04:09,04:18,04:18,,
2025-02-11,พัทลุง,Phatthalung,0,0,05:51,05:51,05:53,05:53,,
2025-02-11,ชุมทางหาดใหญ่,Hat Yai Junction,0,0,07:05,07:05,07:05,07:05,,
2025-02-12,กรุงเทพอภิวัฒน์,Bangkok (Krung Thep Aphiwat),-11,0,16:30,16:19,16:50,16:50,,
2025-02-12,บางบำหรุ,Bang Bamru,0,0,17:01,17:01,17:02,17:02,,
2025-02-12,ศาลายา,Sala Ya,0,0,17:22,17:22,17:23,17:23,,
2025-02-12,นครปฐม,Nakhon Pathom,0,0,17:48,17:48,17:50,17:50,,
2025-02-12,บ้านโป่ง,Ban Pong,0,0,18:08,18:08,18:09,18:09,,
2025-02-12,ราชบุรี,Ratchaburi,0,0,18:37,18:37,18:47,18:47,,
2025-02-12,เพชรบุรี,Phetchaburi,-6,0,19:30,19:24,19:31,19:31,,
2025-02-12,หัวหิน,Hua Hin,0,0,20:20,20:20,20:25,20:25,,
2025-02-12,ประจวบคีรีขันธ์,Prachuap Khiri Khan,-10,0,21:40,21:30,21:41,21:41,,
2025-02-12,ชุมพร,Chumphon,21,20,23:55,00:16,00:05,00:25,,
2025-02-12,สุราษฎร์ธานี,Surat Thani,24,24,02:20,02:44,02:23,02:47,,
2025-02-12,ชุมทางทุ่งสง,Thung Song Junction,21,18,04:08,04:29,04:18,04:36,,
2025-02-12,พัทลุง,Phatthalung,9,9,05:51,06:00,05:53,06:02,,
2025-02-12,ชุมทางหาดใหญ่,Hat Yai Junction,8,8,07:05,07:13,07:05,07:13,,
2025-02-13,กรุงเทพอภิวัฒน์,Bangkok (Krung Thep Aphiwat),-12,0,16:30,16:18,16:50,16:50,,
2025-02-13,บางบำหรุ,Bang Bamru,0,0,17:01,17:01,17:02,17:02,,
2025-02-13,ศาลายา,Sala Ya,0,0,17:22,17:22,17:23,17:23,,
2025-02-13,นครปฐม,Nakhon Pathom,2,2,17:48,17:50,17:50,17:52,,
2025-02-13,บ้านโป่ง,Ban Pong,3,3,18:08,18:11,18:09,18:12,,
2025-02-13,ราชบุรี,Ratchaburi,0,0,18:37,18:37,18:47,18:47,,
2025-02-13,เพชรบุรี,Phetchaburi,-4,0,19:30,19:26,19:31,19:31,,
2025-02-13,หัวหิน,Hua Hin,4,3,20:20,20:24,20:25,20:28,,
2025-02-13,ประจวบคีรีขันธ์,Prachuap Khiri Khan,-6,0,21:40,21:34,21:41,21:41,,
2025-02-13,ชุมพร,Chumphon,25,25,23:55,00:20,00:05,00:30,,
2025-02-13,สุราษฎร์ธานี,Surat Thani,32,32,02:20,02:52,02:23,02:55,,
2025-02-13,ชุมทางทุ่งสง,Thung Song Junction,35,35,04:08,04:43,04:18,04:53,,
2025-02-13,พัทลุง,Phatthalung,23,23,05:51,06:14,05:53,06:16,,
2025-02-13,ชุมทางหาดใหญ่,Hat Yai Junction,20,20,07:05,07:25,07:05,07:25,,
2025-02-14,กรุงเทพอภิวัฒน์,Bangkok (Krung Thep Aphiwat),-10,0,16:30,16:20,16:50,16:50,,
2025-02-14,บางบำหรุ,Bang Bamru,0,0,17:01,17:01,17:02,17:02,,
2025-02-14,ศาลายา,Sala Ya,0,0,17:22,17:22,17:23,17:23,,
2025-02-14,นครปฐม,Nakhon Pathom,4,4,17:48,17:52,17:50,17:54,,
2025-02-14,บ้านโป่ง,Ban Pong,5,5,18:08,18:13,18:09,18:14,,
2025-02-14,ราชบุรี,Ratchaburi,3,0,18:37,18:40,18:47,18:47,,
2025-02-14,เพชรบุรี,Phetchaburi,-5,0,19:30,19:25,19:31,19:31,,
2025-02-14,หัวหิน,Hua Hin,0,0,20:20,20:20,20:25,20:25,,
2025-02-14,ประจวบคีรีขันธ์,Prachuap Khiri Khan,-8,0,21:40,21:32,21:41,21:41,,
2025-02-14,ชุมพร,Chumphon,18,17,23:55,00:13,00:05,00:22,,
2025-02-14,สุราษฎร์ธานี,Surat Thani,29,29,02:20,02:49,02:23,02:52,,
2025-02-14,ชุมทางทุ่งสง,Thung Song Junction,31,28,04:08,04:39,04:18,04:46,,
2025-02-14,พัทลุง,Phatthalung,12,12,05:51,06:03,05:53,06:05,,
2025-02-14,ชุมทางหาดใหญ่,Hat Yai Junction,7,7,07:05,07:12,07:05,07:12,,
2025-02-15,กรุงเทพอภิวัฒน์,Bangkok (Krung Thep Aphiwat),-10,0,16:30,16:20,16:50,16:50,,
2025-02-15,บางบำหรุ,Bang Bamru,0,0,17:01,17:01,17:02,17:02,,
2025-02-15,ศาลายา,Sala Ya,0,0,17:22,17:22,17:23,17:23,,
2025-02-15,นครปฐม,Nakhon Pathom,4,4,17:48,17:52,17:50,17:54,,
2025-02-15,บ้านโป่ง,Ban Pong,5,5,18:08,18:13,18:09,18:14,,
2025-02-15,ราชบุรี,Ratchaburi,5,0,18:37,18:42,18:47,18:47,,
2025-02-15,เพชรบุรี,Phetchaburi,-4,0,19:30,19:26,19:31,19:31,,
2025-02-15,หัวหิน,Hua Hin,3,2,20:20,20:23,20:25,20:27,,
2025-02-15,ประจวบคีรีขันธ์,Prachuap Khiri Khan,-3,0,21:40,21:37,21:41,21:41,,
2025-02-15,ชุมพร,Chumphon,20,20,23:55,00:15,00:05,00:25,,
2025-02-15,สุราษฎร์ธานี,Surat Thani,25,25,02:20,02:45,02:23,02:48,,
2025-02-15,ชุมทางทุ่งสง,Thung Song Junction,25,24,04:08,04:33,04:18,04:42,,
2025-02-15,พัทลุง,Phatthalung,10,10,05:51,06:01,05:53,06:03,,
2025-02-15,ชุมทางหาดใหญ่,Hat Yai Junction,5,5,07:05,07:10,07:05,07:10,,
2025-02-16,กรุงเทพอภิวัฒน์,Bangkok (Krung Thep Aphiwat),-10,0,16:30,16:20,16:50,16:50,,
2025-02-16,บางบำหรุ,Bang Bamru,0,0,17:01,17:01,17:02,17:02,,
2025-02-16,ศาลายา,Sala Ya,0,0,17:22,17:22,17:23,17:23,,
2025-02-16,นครปฐม,Nakhon Pathom,2,2,17:48,17:50,17:50,17:52,,
2025-02-16,บ้านโป่ง,Ban Pong,1,1,18:08,18:09,18:09,18:10,,
2025-02-16,ราชบุรี,Ratchaburi,-2,0,18:37,18:35,18:47,18:47,,
2025-02-16,เพชรบุรี,Phetchaburi,-7,0,19:30,19:23,19:31,19:31,,
2025-02-16,หัวหิน,Hua Hin,0,0,20:20,20:20,20:25,20:25,,
2025-02-16,ประจวบคีรีขันธ์,Prachuap Khiri Khan,-10,0,21:40,21:30,21:41,21:41,,
2025-02-16,ชุมพร,Chumphon,14,12,23:55,00:09,00:05,00:17,,
2025-02-16,สุราษฎร์ธานี,Surat Thani,18,18,02:20,02:38,02:23,02:41,,
2025-02-16,ชุมทางทุ่งสง,Thung Song Junction,12,10,04:08,04:20,04:18,04:28,,
2025-02-16,พัทลุง,Phatthalung,0,2,05:51,05:51,05:53,05:55,,
2025-02-16,ชุมทางหาดใหญ่,Hat Yai Junction,0,0,07:05,07:05,07:05,07:05,,
2025-02-17,กรุงเทพอภิวัฒน์,Bangkok (Krung Thep Aphiwat),-11,0,16:30,16:19,16:50,16:50,,
2025-02-17,บางบำหรุ,Bang Bamru,0,0,17:01,17:01,17:02,17:02,,
2025-02-17,ศาลายา,Sala Ya,0,0,17:22,17:22,17:23,17:23,,
2025-02-17,นครปฐม,Nakhon Pathom,0,0,17:48,17:48,17:50,17:50,,
2025-02-17,บ้านโป่ง,Ban Pong,0,0,18:08,18:08,18:09,18:09,,
2025-02-17,ราชบุรี,Ratchaburi,0,0,18:37,18:37,18:47,18:47,,
2025-02-17,เพชรบุรี,Phetchaburi,-6,0,19:30,19:24,19:31,19:31,,
2025-02-17,หัวหิน,Hua Hin,0,0,20:20,20:20,20:25,20:25,,
2025-02-17,ประจวบคีรีขันธ์,Prachuap Khiri Khan,-6,0,21:40,21:34,21:41,21:41,,
2025-02-17,ชุมพร,Chumphon,30,30,23:55,00:25,00:05,00:35,,
2025-02-17,สุราษฎร์ธานี,Surat Thani,47,47,02:20,03:07,02:23,03:10,,
2025-02-17,ชุมทางทุ่งสง,Thung Song Junction,37,36,04:08,04:45,04:18,04:54,,
2025-02-17,พัทลุง,Phatthalung,27,27,05:51,06:18,05:53,06:20,,
2025-02-17,ชุมทางหาดใหญ่,Hat Yai Junction,20,20,07:05,07:25,07:05,07:25,,
2025-02-18,กรุงเทพอภิวัฒน์,Bangkok (Krung Thep Aphiwat),-11,0,16:30,16:19,16:50,16:50,,
2025-02-18,บางบำหรุ,Bang Bamru,0,0,17:01,17:01,17:02,17:02,,
2025-02-18,ศาลายา,Sala Ya,0,0,17:22,17:22,17:23,17:23,,
2025-02-18,นครปฐม,Nakhon Pathom,0,0,17:48,17:48,17:50,17:50,,
2025-02-18,บ้านโป่ง,Ban Pong,0,0,18:08,18:08,18:09,18:09,,
2025-02-18,ราชบุรี,Ratchaburi,-2,0,18:37,18:35,18:47,18:47,,
2025-02-18,เพชรบุรี,Phetchaburi,-8,0,19:30,19:22,19:31,19:31,,
2025-02-18,หัวหิน,Hua Hin,0,0,20:20,20:20,20:25,20:25,,
2025-02-18,ประจวบคีรีขันธ์,Prachuap Khiri Khan,-14,0,21:40,21:26,21:41,21:41,,
2025-02-18,ชุมพร,Chumphon,9,10,23:55,00:04,00:05,00:15,,
2025-02-18,สุราษฎร์ธานี,Surat Thani,21,21,02:20,02:41,02:23,02:44,,
2025-02-18,ชุมทางทุ่งสง,Thung Song Junction,10,14,04:08,04:18,04:18,04:32,,
2025-02-18,พัทลุง,Phatthalung,23,23,05:51,06:14,05:53,06:16,,
2025-02-18,ชุมทางหาดใหญ่,Hat Yai Junction,20,20,07:05,07:25,07:05,07:25,,
2025-02-19,กรุงเทพอภิวัฒน์,Bangkok (Krung Thep Aphiwat),5,0,16:30,16:35,16:50,16:50,,
2025-02-19,บางบำหรุ,Bang Bamru,0,0,17:01,17:01,17:02,17:02,,
2025-02-19,ศาลายา,Sala Ya,0,0,17:22,17:22,17:23,17:23,,
2025-02-19,นครปฐม,Nakhon Pathom,0,1,17:48,17:48,17:50,17:51,,
2025-02-19,บ้านโป่ง,Ban Pong,0,0,18:08,18:08,18:09,18:09,,
2025-02-19,ราชบุรี,Ratchaburi,-3,0,18:37,18:34,18:47,18:47,,
2025-02-19,เพชรบุรี,Phetchaburi,-8,0,19:30,19:22,19:31,19:31,,
2025-02-19,หัวหิน,Hua Hin,1,0,20:20,20:21,20:25,20:25,,
2025-02-19,ประจวบคีรีขันธ์,Prachuap Khiri Khan,-6,0,21:40,21:34,21:41,21:41,,
2025-02-19,ชุมพร,Chumphon,13,13,23:55,00:08,00:05,00:18,,
2025-02-19,สุราษฎร์ธานี,Surat Thani,27,27,02:20,02:47,02:23,02:50,,
2025-02-19,ชุมทางทุ่งสง,Thung Song Junction,22,22,04:08,04:30,04:18,04:40,,
2025-02-19,พัทลุง,Phatthalung,9,9,05:51,06:00,05:53,06:02,,
2025-02-19,ชุมทางหาดใหญ่,Hat Yai Junction,8,8,07:05,07:13,07:05,07:13,,
2025-02-20,กรุงเทพอภิวัฒน์,Bangkok (Krung Thep Aphiwat),-11,0,16:30,16:19,16:50,16:50,,
2025-02-20,บางบำหรุ,Bang Bamru,0,0,17:01,17:01,17:02,17:02,,
2025-02-20,ศาลายา,Sala Ya,0,0,17:22,17:22,17:23,17:23,,
2025-02-20,นครปฐม,Nakhon Pathom,0,0,17:48,17:48,17:50,17:50,,
2025-02-20,บ้านโป่ง,Ban Pong,1,1,18:08,18:09,18:09,18:10,,
2025-02-20,ราชบุรี,Ratchaburi,-2,0,18:37,18:35,18:47,18:47,,
2025-02-20,เพชรบุรี,Phetchaburi,-6,0,19:30,19:24,19:31,19:31,,
2025-02-20,หัวหิน,Hua Hin,1,0,20:20,20:21,20:25,20:25,,
2025-02-20,ประจวบคีรีขันธ์,Prachuap Khiri Khan,-9,0,21:40,21:31,21:41,21:41,,
2025-02-20,ชุมพร,Chumphon,38,35,23:55,00:33,00:05,00:40,,
2025-02-20,สุราษฎร์ธานี,Surat Thani,48,48,02:20,03:08,02:23,03:11,,
2025-02-20,ชุมทางทุ่งสง,Thung Song Junction,42,38,04:08,04:50,04:18,04:56,,
2025-02-20,พัทลุง,Phatthalung,30,30,05:51,06:21,05:53,06:23,,
2025-02-20,ชุมทางหาดใหญ่,Hat Yai Junction,20,20,07:05,07:25,07:05,07:25,,
2025-02-21,กรุงเทพอภิวัฒน์,Bangkok (Krung Thep Aphiwat),-8,0,16:30,16:22,16:50,16:50,,
2025-02-21,บางบำหรุ,Bang Bamru,0,0,17:01,17:01,17:02,17:02,,
2025-02-21,ศาลายา,Sala Ya,0,0,17:22,17:22,17:23,17:23,,
2025-02-21,นครปฐม,Nakhon Pathom,2,2,17:48,17:50,17:50,17:52,,
2025-02-21,บ้านโป่ง,Ban Pong,2,2,18:08,18:10,18:09,18:11,,
2025-02-21,ราชบุรี,Ratchaburi,0,0,18:37,18:37,18:47,18:47,,
2025-02-21,เพชรบุรี,Phetchaburi,-7,0,19:30,19:23,19:31,19:31,,
2025-02-21,หัวหิน,Hua Hin,0,0,20:20,20:20,20:25,20:25,,
2025-02-21,ประจวบคีรีขันธ์,Prachuap Khiri Khan,-8,0,21:40,21:32,21:41,21:41,,
2025-02-21,ชุมพร,Chumphon,26,23,23:55,00:21,00:05,00:28,,
2025-02-21,สุราษฎร์ธานี,Surat Thani,41,41,02:20,03:01,02:23,03:04,,
2025-02-21,ชุมทางทุ่งสง,Thung Song Junction,37,37,04:08,04:45,04:18,04:55,,
2025-02-21,พัทลุง,Phatthalung,29,29,05:51,06:20,05:53,06:22,,
2025-02-21,ชุมทางหาดใหญ่,Hat Yai Junction,20,20,07:05,07:25,07:05,07:25,,
2025-02-22,กรุงเทพอภิวัฒน์,Bangkok (Krung Thep Aphiwat),-10,0,16:30,16:20,16:50,16:50,,
2025-02-22,บางบำหรุ,Bang Bamru,0,0,17:01,17:01,17:02,17:02,,
2025-02-22,ศาลายา,Sala Ya,0,0,17:22,17:22,17:23,17:23,,
2025-02-22,นครปฐม,Nakhon Pathom,1,1,17:48,17:49,17:50,17:51,,
2025-02-22,บ้านโป่ง,Ban Pong,0,0,18:08,18:08,18:09,18:09,,
2025-02-22,ราชบุรี,Ratchaburi,0,0,18:37,18:37,18:47,18:47,,
2025-02-22,เพชรบุรี,Phetchaburi,-4,0,19:30,19:26,19:31,19:31,,
2025-02-22,หัวหิน,Hua Hin,2,0,20:20,20:22,20:25,20:25,,
2025-02-22,ประจวบคีรีขันธ์,Prachuap Khiri Khan,-7,0,21:40,21:33,21:41,21:41,,
2025-02-22,ชุมพร,Chumphon,8,8,23:55,00:03,00:05,00:13,,
2025-02-22,สุราษฎร์ธานี,Surat Thani,35,35,02:20,02:55,02:23,02:58,,
2025-02-22,ชุมทางทุ่งสง,Thung Song Junction,31,29,04:08,04:39,04:18,04:47,,
2025-02-22,พัทลุง,Phatthalung,19,19,05:51,06:10,05:53,06:12,,
2025-02-22,ชุมทางหาดใหญ่,Hat Yai Junction,20,20,07:05,07:25,07:05,07:25,,
2025-02-23,กรุงเทพอภิวัฒน์,Bangkok (Krung Thep Aphiwat),-13,0,16:30,16:17,16:50,16:50,,
2025-02-23,บางบำหรุ,Bang Bamru,0,0,17:01,17:01,17:02,17:02,,
2025-02-23,ศาลายา,Sala Ya,0,0,17:22,17:22,17:23,17:23,,
2025-02-23,นครปฐม,Nakhon Pathom,0,0,17:48,17:48,17:50,17:50,,
2025-02-23,บ้านโป่ง,Ban Pong,0,0,18:08,18:08,18:09,18:09,,
2025-02-23,ราชบุรี,Ratchaburi,0,0,18:37,18:37,18:47,18:47,,
2025-02-23,เพชรบุรี,Phetchaburi,-5,0,19:30,19:25,19:31,19:31,,
2025-02-23,หัวหิน,Hua Hin,1,0,20:20,20:21,20:25,20:25,,
2025-02-23,ประจวบคีรีขันธ์,Prachuap Khiri Khan,-5,0,21:40,21:35,21:41,21:41,,
2025-02-23,ชุมพร,Chumphon,21,21,23:55,00:16,00:05,00:26,,
2025-02-23,สุราษฎร์ธานี,Surat Thani,23,23,02:20,02:43,02:23,02:46,,
2025-02-23,ชุมทางทุ่งสง,Thung Song Junction,18,16,04:08,04:26,04:18,04:34,,
2025-02-23,พัทลุง,Phatthalung,9,10,05:51,06:00,05:53,06:03,,
2025-02-23,ชุมทางหาดใหญ่,Hat Yai Junction,20,20,07:05,07:25,07:05,07:25,,
2025-02-24,กรุงเทพอภิวัฒน์,Bangkok (Krung Thep Aphiwat),-10,0,16:30,16:20,16:50,16:50,,
2025-02-24,บางบำหรุ,Bang Bamru,0,0,17:01,17:01,17:02,17:02,,
2025-02-24,ศาลายา,Sala Ya,0,0,17:22,17:22,17:23,17:23,,
2025-02-24,นครปฐม,Nakhon Pathom,2,2,17:48,17:50,17:50,17:52,,
2025-02-24,บ้านโป่ง,Ban Pong,2,2,18:08,18:10,18:09,18:11,,
2025-02-24,ราชบุรี,Ratchaburi,0,0,18:37,18:37,18:47,18:47,,
2025-02-24,เพชรบุรี,Phetchaburi,-5,0,19:30,19:25,19:31,19:31,,
2025-02-24,หัวหิน,Hua Hin,2,0,20:20,20:22,20:25,20:25,,
2025-02-24,ประจวบคีรีขันธ์,Prachuap Khiri Khan,-5,0,21:40,21:35,21:41,21:41,,
2025-02-24,ชุมพร,Chumphon,21,19,23:55,00:16,00:05,00:24,,
2025-02-24,สุราษฎร์ธานี,Surat Thani,30,30,02:20,02:50,02:23,02:53,,
2025-02-24,ชุมทางทุ่งสง,Thung Song Junction,23,23,04:08,04:31,04:18,04:41,,
2025-02-24,พัทลุง,Phatthalung,12,12,05:51,06:03,05:53,06:05,,
2025-02-24,ชุมทางหาดใหญ่,Hat Yai Junction,10,10,07:05,07:15,07:05,07:15,,
2025-02-25,กรุงเทพอภิวัฒน์,Bangkok (Krung Thep Aphiwat),-11,0,16:30,16:19,16:50,16:50,,
2025-02-25,บางบำหรุ,Bang Bamru,0,0,17:01,17:01,17:02,17:02,,
2025-02-25,ศาลายา,Sala Ya,0,0,17:22,17:22,17:23,17:23,,
2025-02-25,นครปฐม,Nakhon Pathom,-2,0,17:48,17:46,17:50,17:50,,
2025-02-25,บ้านโป่ง,Ban Pong,0,0,18:08,18:08,18:09,18:09,,
2025-02-25,ราชบุรี,Ratchaburi,-2,0,18:37,18:35,18:47,18:47,,
2025-02-25,เพชรบุรี,Phetchaburi,-7,0,19:30,19:23,19:31,19:31,,
2025-02-25,หัวหิน,Hua Hin,0,0,20:20,20:20,20:25,20:25,,
2025-02-25,ประจวบคีรีขันธ์,Prachuap Khiri Khan,-7,0,21:40,21:33,21:41,21:41,,
2025-02-25,ชุมพร,Chumphon,21,19,23:55,00:16,00:05,00:24,,
2025-02-25,สุราษฎร์ธานี,Surat Thani,40,40,02:20,03:00,02:23,03:03,,
2025-02-25,ชุมทางทุ่งสง,Thung Song Junction,38,35,04:08,04:46,04:18,04:53,,
2025-02-25,พัทลุง,Phatthalung,23,23,05:51,06:14,05:53,06:16,,
2025-02-25,ชุมทางหาดใหญ่,Hat Yai Junction,20,20,07:05,07:25,07:05,07:25,,
2025-02-26,กรุงเทพอภิวัฒน์,Bangkok (Krung Thep Aphiwat),-11,0,16:30,16:19,16:50,16:50,,
2025-02-26,บางบำหรุ,Bang Bamru,0,0,17:01,17:01,17:02,17:02,,
2025-02-26,ศาลายา,Sala Ya,0,0,17:22,17:22,17:23,17:23,,
2025-02-26,นครปฐม,Nakhon Pathom,0,0,17:48,17:48,17:50,17:50,,
2025-02-26,บ้านโป่ง,Ban Pong,0,0,18:08,18:08,18:09,18:09,,
2025-02-26,ราชบุรี,Ratchaburi,0,0,18:37,18:37,18:47,18:47,,
2025-02-26,เพชรบุรี,Phetchaburi,-7,0,19:30,19:23,19:31,19:31,,
2025-02-26,หัวหิน,Hua Hin,0,0,20:20,20:20,20:25,20:25,,
2025-02-26,ประจวบคีรีขันธ์,Prachuap Khiri Khan,-9,0,21:40,21:31,21:41,21:41,,
2025-02-26,ชุมพร,Chumphon,12,10,23:55,00:07,00:05,00:15,,
2025-02-26,สุราษฎร์ธานี,Surat Thani,21,21,02:20,02:41,02:23,02:44,,
2025-02-26,ชุมทางทุ่งสง,Thung Song Junction,17,17,04:08,04:25,04:18,04:35,,
2025-02-26,พัทลุง,Phatthalung,5,5,05:51,05:56,05:53,05:58,,
2025-02-26,ชุมทางหาดใหญ่,Hat Yai Junction,8,8,07:05,07:13,07:05,07:13,,
2025-02-27,กรุงเทพอภิวัฒน์,Bangkok (Krung Thep Aphiwat),-10,0,16:30,16:20,16:50,16:50,,
2025-02-27,บางบำหรุ,Bang Bamru,0,0,17:01,17:01,17:02,17:02,,
2025-02-27,ศาลายา,Sala Ya,0,0,17:22,17:22,17:23,17:23,,
2025-02-27,นครปฐม,Nakhon Pathom,0,0,17:48,17:48,17:50,17:50,,
2025-02-27,บ้านโป่ง,Ban Pong,0,0,18:08,18:08,18:09,18:09,,
2025-02-27,ราชบุรี,Ratchaburi,-3,0,18:37,18:34,18:47,18:47,,
2025-02-27,เพชรบุรี,Phetchaburi,-5,0,19:30,19:25,19:31,19:31,,
2025-02-27,หัวหิน,Hua Hin,0,0,20:20,20:20,20:25,20:25,,
2025-02-27,ประจวบคีรีขันธ์,Prachuap Khiri Khan,-3,0,21:40,21:37,21:41,21:41,,
2025-02-27,ชุมพร,Chumphon,13,12,23:55,00:08,00:05,00:17,,
2025-02-27,สุราษฎร์ธานี,Surat Thani,8,8,02:20,02:28,02:23,02:31,,
2025-02-27,ชุมทางทุ่งสง,Thung Song Junction,0,0,04:08,04:08,04:18,04:18,,
2025-02-27,พัทลุง,Phatthalung,-9,0,05:51,05:42,05:53,05:53,,
2025-02-27,ชุมทางหาดใหญ่,Hat Yai Junction,0,0,07:05,07:05,07:05,07:05,,
2025-02-28,กรุงเทพอภิวัฒน์,Bangkok (Krung Thep Aphiwat),-3,0,16:30,16:27,16:50,16:50,,
2025-02-28,บางบำหรุ,Bang Bamru,0,0,17:01,17:01,17:02,17:02,,
2025-02-28,ศาลายา,Sala Ya,0,0,17:22,17:22,17:23,17:23,,
2025-02-28,นครปฐม,Nakhon Pathom,0,0,17:48,17:48,17:50,17:50,,
2025-02-28,บ้านโป่ง,Ban Pong,1,1,18:08,18:09,18:09,18:10,,
2025-02-28,ราชบุรี,Ratchaburi,0,0,18:37,18:37,18:47,18:47,,
2025-02-28,เพชรบุรี,Phetchaburi,-5,0,19:30,19:25,19:31,19:31,,
2025-02-28,หัวหิน,Hua Hin,3,0,20:20,20:23,20:25,20:25,,
2025-02-28,ประจวบคีรีขันธ์,Prachuap Khiri Khan,-4,0,21:40,21:36,21:41,21:41,,
2025-02-28,ชุมพร,Chumphon,13,10,23:55,00:08,00:05,00:15,,
2025-02-28,สุราษฎร์ธานี,Surat Thani,37,37,02:20,02:57,02:23,03:00,,
2025-02-28,ชุมทางทุ่งสง,Thung Song Junction,39,39,04:08,04:47,04:18,04:57,,
2025-02-28,พัทลุง,Phatthalung,28,28,05:51,06:19,05:53,06:21,,
2025-02-28,ชุมทางหาดใหญ่,Hat Yai Junction,20,20,07:05,07:25,07:05,07:25,,
2025-03-01,กรุงเทพอภิวัฒน์,Bangkok (Krung Thep Aphiwat),-11,0,16:30,16:19,16:50,16:50,เนื่องจากผ่านพื้นที่ก่อสร้าง,due to Passing construction site
2025-03-01,บางบำหรุ,Bang Bamru,0,0,17:01,17:01,17:02,17:02,เนื่องจากผ่านพื้นที่ก่อสร้าง,due to Passing construction site
2025-03-01,ศาลายา,Sala Ya,1,1,17:22,17:23,17:23,17:24,เนื่องจากผ่านพื้นที่ก่อสร้าง,due to Passing construction site
2025-03-01,นครปฐม,Nakhon Pathom,4,4,17:48,17:52,17:50,17:54,เนื่องจากผ่านพื้นที่ก่อสร้าง,due to Passing construction site
2025-03-01,บ้านโป่ง,Ban Pong,5,5,18:08,18:13,18:09,18:14,เนื่องจากผ่านพื้นที่ก่อสร้าง,due to Passing construction site
2025-03-01,ราชบุรี,Ratchaburi,4,0,18:37,18:41,18:47,18:47,เนื่องจากผ่านพื้นที่ก่อสร้าง,due to Passing construction site
2025-03-01,เพชรบุรี,Phetchaburi,-5,0,19:30,19:25,19:31,19:31,เนื่องจากผ่านพื้นที่ก่อสร้าง,due to Passing construction site
2025-03-01,หัวหิน,Hua Hin,2,0,20:20,20:22,20:25,20:25,เนื่องจากผ่านพื้นที่ก่อสร้าง,due to Passing construction site
2025-03-01,ประจวบคีรีขันธ์,Prachuap Khiri Khan,-7,0,21:40,21:33,21:41,21:41,เนื่องจากผ่านพื้นที่ก่อสร้าง,due to Passing construction site
2025-03-01,ชุมพร,Chumphon,30,30,23:55,00:25,00:05,00:35,เนื่องจากผ่านพื้นที่ก่อสร้าง,due to Passing construction site
2025-03-01,สุราษฎร์ธานี,Surat Thani,46,46,02:20,03:06,02:23,03:09,เนื่องจากผ่านพื้นที่ก่อสร้าง,due to Passing construction site
2025-03-01,ชุมทางทุ่งสง,Thung Song Junction,52,51,04:08,05:00,04:18,05:09,เนื่องจากผ่านพื้นที่ก่อสร้าง,due to Passing construction site
2025-03-01,พัทลุง,Phatthalung,41,41,05:51,06:32,05:53,06:34,เนื่องจากผ่านพื้นที่ก่อสร้าง,due to Passing construction site
2025-03-01,ชุมทางหาดใหญ่,Hat Yai Junction,43,43,07:05,07:48,07:05,07:48,เนื่องจากผ่านพื้นที่ก่อสร้าง,due to Passing construction site
2025-03-02,กรุงเทพอภิวัฒน์,Bangkok (Krung Thep Aphiwat),-12,0,16:30,16:18,16:50,16:50,"เนื่องจากผ่านพื้นที่ก่อสร้าง, รถจักรเติมน้ำ/น้ำมัน","due to Passing construction site, Refueling"
2025-03-02,บางบำหรุ,Bang Bamru,0,0,17:01,17:01,17:02,17:02,"เนื่องจากผ่านพื้นที่ก่อสร้าง, รถจักรเติมน้ำ/น้ำมัน","due to Passing construction site, Refueling"
2025-03-02,ศาลายา,Sala Ya,0,0,17:22,17:22,17:23,17:23,"เนื่องจากผ่านพื้นที่ก่อสร้าง, รถจักรเติมน้ำ/น้ำมัน","due to Passing construction site, Refueling"
2025-03-02,นครปฐม,Nakhon Pathom,2,3,17:48,17:50,17:50,17:53,"เนื่องจากผ่านพื้นที่ก่อสร้าง, รถจักรเติมน้ำ/น้ำมัน","due to Passing construction site, Refueling"
2025-03-02,บ้านโป่ง,Ban Pong,4,4,18:08,18:12,18:09,18:13,"เนื่องจากผ่านพื้นที่ก่อสร้าง, รถจักรเติมน้ำ/น้ำมัน","due to Passing construction site, Refueling"
2025-03-02,ราชบุรี,Ratchaburi,1,0,18:37,18:38,18:47,18:47,"เนื่องจากผ่านพื้นที่ก่อสร้าง, รถจักรเติมน้ำ/น้ำมัน","due to Passing construction site, Refueling"
2025-03-02,เพชรบุรี,Phetchaburi,-6,0,19:30,19:24,19:31,19:31,"เนื่องจากผ่านพื้นที่ก่อสร้าง, รถจักรเติมน้ำ/น้ำมัน","due to Passing construction site, Refueling"
2025-03-02,หัวหิน,Hua Hin,0,0,20:20,20:20,20:25,20:25,"เนื่องจากผ่านพื้นที่ก่อสร้าง, รถจักรเติมน้ำ/น้ำมัน","due to Passing construction site, Refueling"
2025-03-02,ประจวบคีรีขันธ์,Prachuap Khiri Khan,-6,0,21:40,21:34,21:41,21:41,"เนื่องจากผ่านพื้นที่ก่อสร้าง, รถจักรเติมน้ำ/น้ำมัน","due to Passing construction site, Refueling"
2025-03-02,ชุมพร,Chumphon,25,43,23:55,00:20,00:05,00:48,"เนื่องจากผ่านพื้นที่ก่อสร้าง, รถจักรเติมน้ำ/น้ำมัน","due to Passing construction site, Refueling"
2025-03-02,สุราษฎร์ธานี,Surat Thani,49,49,02:20,03:09,02:23,03:12,"เนื่องจากผ่านพื้นที่ก่อสร้าง, รถจักรเติมน้ำ/น้ำมัน","due to Passing construction site, Refueling"
2025-03-02,ชุมทางทุ่งสง,Thung Song Junction,47,47,04:08,04:55,04:18,05:05,"เนื่องจากผ่านพื้นที่ก่อสร้าง, รถจักรเติมน้ำ/น้ำมัน","due to Passing construction site, Refueling"
2025-03-02,พัทลุง,Phatthalung,34,35,05:51,06:25,05:53,06:28,"เนื่องจากผ่านพื้นที่ก่อสร้าง, รถจักรเติมน้ำ/น้ำมัน","due to Passing construction site, Refueling"
2025-03-02,ชุมทางหาดใหญ่,Hat Yai Junction,31,31,07:05,07:36,07:05,07:36,"เนื่องจากผ่านพื้นที่ก่อสร้าง, รถจักรเติมน้ำ/น้ำมัน","due to Passing construction site, Refueling"
2025-03-03,กรุงเทพอภิวัฒน์,Bangkok (Krung Thep Aphiwat),-10,0,16:30,16:20,16:50,16:50,,
2025-03-03,บางบำหรุ,Bang Bamru,0,0,17:01,17:01,17:02,17:02,,
2025-03-03,ศาลายา,Sala Ya,0,0,17:22,17:22,17:23,17:23,,
2025-03-03,นครปฐม,Nakhon Pathom,1,1,17:48,17:49,17:50,17:51,,
2025-03-03,บ้านโป่ง,Ban Pong,2,2,18:08,18:10,18:09,18:11,,
2025-03-03,ราชบุรี,Ratchaburi,0,0,18:37,18:37,18:47,18:47,,
2025-03-03,เพชรบุรี,Phetchaburi,-8,0,19:30,19:22,19:31,19:31,,
2025-03-03,หัวหิน,Hua Hin,0,0,20:20,20:20,20:25,20:25,,
2025-03-03,ประจวบคีรีขันธ์,Prachuap Khiri Khan,-2,0,21:40,21:38,21:41,21:41,,
2025-03-03,ชุมพร,Chumphon,33,31,23:55,00:28,00:05,00:36,,
2025-03-03,สุราษฎร์ธานี,Surat Thani,25,25,02:20,02:45,02:23,02:48,,
2025-03-03,ชุมทางทุ่งสง,Thung Song Junction,14,14,04:08,04:22,04:18,04:32,,
2025-03-03,พัทลุง,Phatthalung,7,7,05:51,05:58,05:53,06:00,,
2025-03-03,ชุมทางหาดใหญ่,Hat Yai Junction,16,16,07:05,07:21,07:05,07:21,,
2025-03-04,กรุงเทพอภิวัฒน์,Bangkok (Krung Thep Aphiwat),-9,0,16:30,16:21,16:50,16:50,,
2025-03-04,บางบำหรุ,Bang Bamru,2,2,17:01,17:03,17:02,17:04,,
2025-03-04,ศาลายา,Sala Ya,0,0,17:22,17:22,17:23,17:23,,
2025-03-04,นครปฐม,Nakhon Pathom,2,2,17:48,17:50,17:50,17:52,,
2025-03-04,บ้านโป่ง,Ban Pong,3,3,18:08,18:11,18:09,18:12,,
2025-03-04,ราชบุรี,Ratchaburi,0,0,18:37,18:37,18:47,18:47,,
2025-03-04,เพชรบุรี,Phetchaburi,-6,0,19:30,19:24,19:31,19:31,,
2025-03-04,หัวหิน,Hua Hin,1,0,20:20,20:21,20:25,20:25,,
2025-03-04,ประจวบคีรีขันธ์,Prachuap Khiri Khan,-7,0,21:40,21:33,21:41,21:41,,
2025-03-04,ชุมพร,Chumphon,2,16,23:55,23:57,00:05,00:21,,
2025-03-04,สุราษฎร์ธานี,Surat Thani,29,29,02:20,02:49,02:23,02:52,,
2025-03-04,ชุมทางทุ่งสง,Thung Song Junction,27,27,04:08,04:35,04:18,04:45,,
2025-03-04,พัทลุง,Phatthalung,20,20,05:51,06:11,05:53,06:13,,
2025-03-04,ชุมทางหาดใหญ่,Hat Yai Junction,20,20,07:05,07:25,07:05,07:25,,
2025-03-05,กรุงเทพอภิวัฒน์,Bangkok (Krung Thep Aphiwat),-11,0,16:30,16:19,16:50,16:50,,
2025-03-05,บางบำหรุ,Bang Bamru,0,0,17:01,17:01,17:02,17:02,,
2025-03-05,ศาลายา,Sala Ya,0,0,17:22,17:22,17:23,17:23,,
2025-03-05,นครปฐม,Nakhon Pathom,0,0,17:48,17:48,17:50,17:50,,
2025-03-05,บ้านโป่ง,Ban Pong,0,0,18:08,18:08,18:09,18:09,,
2025-03-05,ราชบุรี,Ratchaburi,-3,0,18:37,18:34,18:47,18:47,,
2025-03-05,เพชรบุรี,Phetchaburi,-5,0,19:30,19:25,19:31,19:31,,
2025-03-05,หัวหิน,Hua Hin,2,4,20:20,20:22,20:25,20:29,,
2025-03-05,ประจวบคีรีขันธ์,Prachuap Khiri Khan,-6,0,21:40,21:34,21:41,21:41,,
2025-03-05,ชุมพร,Chumphon,12,11,23:55,00:07,00:05,00:16,,
2025-03-05,สุราษฎร์ธานี,Surat Thani,24,24,02:20,02:44,02:23,02:47,,
2025-03-05,ชุมทางทุ่งสง,Thung Song Junction,16,13,04:08,04:24,04:18,04:31,,
2025-03-05,พัทลุง,Phatthalung,4,4,05:51,05:55,05:53,05:57,,
2025-03-05,ชุมทางหาดใหญ่,Hat Yai Junction,6,6,07:05,07:11,07:05,07:11,,
2025-03-06,กรุงเทพอภิวัฒน์,Bangkok (Krung Thep Aphiwat),8,5,16:30,16:38,16:50,16:55,เนื่องจากรถจักรขัดข้อง,due to Locomotive issue
2025-03-06,บางบำหรุ,Bang Bamru,3,3,17:01,17:04,17:02,17:05,เนื่องจากรถจักรขัดข้อง,due to Locomotive issue
2025-03-06,ศาลายา,Sala Ya,0,0,17:22,17:22,17:23,17:23,เนื่องจากรถจักรขัดข้อง,due to Locomotive issue
2025-03-06,นครปฐม,Nakhon Pathom,0,0,17:48,17:48,17:50,17:50,เนื่องจากรถจักรขัดข้อง,due to Locomotive issue
2025-03-06,บ้านโป่ง,Ban Pong,3,3,18:08,18:11,18:09,18:12,เนื่องจากรถจักรขัดข้อง,due to Locomotive issue
2025-03-06,ราชบุรี,Ratchaburi,1,0,18:37,18:38,18:47,18:47,เนื่องจากรถจักรขัดข้อง,due to Locomotive issue
2025-03-06,เพชรบุรี,Phetchaburi,-7,0,19:30,19:23,19:31,19:31,เนื่องจากรถจักรขัดข้อง,due to Locomotive issue
2025-03-06,หัวหิน,Hua Hin,-2,0,20:20,20:18,20:25,20:25,เนื่องจากรถจักรขัดข้อง,due to Locomotive issue
2025-03-06,ประจวบคีรีขันธ์,Prachuap Khiri Khan,-9,0,21:40,21:31,21:41,21:41,เนื่องจากรถจักรขัดข้อง,due to Locomotive issue
2025-03-06,ชุมพร,Chumphon,18,20,23:55,00:13,00:05,00:25,เนื่องจากรถจักรขัดข้อง,due to Locomotive issue
2025-03-06,สุราษฎร์ธานี,Surat Thani,52,52,02:20,03:12,02:23,03:15,เนื่องจากรถจักรขัดข้อง,due to Locomotive issue
2025-03-06,ชุมทางทุ่งสง,Thung Song Junction,44,45,04:08,04:52,04:18,05:03,เนื่องจากรถจักรขัดข้อง,due to Locomotive issue
2025-03-06,พัทลุง,Phatthalung,41,41,05:51,06:32,05:53,06:34,เนื่องจากรถจักรขัดข้อง,due to Locomotive issue
2025-03-06,ชุมทางหาดใหญ่,Hat Yai Junction,50,50,07:05,07:55,07:05,07:55,เนื่องจากรถจักรขัดข้อง,due to Locomotive issue
2025-03-07,กรุงเทพอภิวัฒน์,Bangkok (Krung Thep Aphiwat),4,0,16:30,16:34,16:50,16:50,,
2025-03-07,บางบำหรุ,Bang Bamru,0,0,17:01,17:01,17:02,17:02,,
2025-03-07,ศาลายา,Sala Ya,0,0,17:22,17:22,17:23,17:23,,
2025-03-07,นครปฐม,Nakhon Pathom,3,3,17:48,17:51,17:50,17:53,,
2025-03-07,บ้านโป่ง,Ban Pong,3,3,18:08,18:11,18:09,18:12,,
2025-03-07,ราชบุรี,Ratchaburi,3,0,18:37,18:40,18:47,18:47,,
2025-03-07,เพชรบุรี,Phetchaburi,-5,0,19:30,19:25,19:31,19:31,,
2025-03-07,หัวหิน,Hua Hin,5,3,20:20,20:25,20:25,20:28,,
2025-03-07,ประจวบคีรีขันธ์,Prachuap Khiri Khan,-4,0,21:40,21:36,21:41,21:41,,
2025-03-07,ชุมพร,Chumphon,35,39,23:55,00:30,00:05,00:44,,
2025-03-07,สุราษฎร์ธานี,Surat Thani,38,38,02:20,02:58,02:23,03:01,,
2025-03-07,ชุมทางทุ่งสง,Thung Song Junction,33,30,04:08,04:41,04:18,04:48,,
2025-03-07,พัทลุง,Phatthalung,25,25,05:51,06:16,05:53,06:18,,
2025-03-07,ชุมทางหาดใหญ่,Hat Yai Junction,20,20,07:05,07:25,07:05,07:25,,
2025-03-08,กรุงเทพอภิวัฒน์,Bangkok (Krung Thep Aphiwat),-10,0,16:30,16:20,16:50,16:50,เนื่องจากผ่านพื้นที่ก่อสร้าง,due to Passing construction site
2025-03-08,บางบำหรุ,Bang Bamru,0,0,17:01,17:01,17:02,17:02,เนื่องจากผ่านพื้นที่ก่อสร้าง,due to Passing construction site
2025-03-08,ศาลายา,Sala Ya,0,0,17:22,17:22,17:23,17:23,เนื่องจากผ่านพื้นที่ก่อสร้าง,due to Passing construction site
2025-03-08,นครปฐม,Nakhon Pathom,0,0,17:48,17:48,17:50,17:50,เนื่องจากผ่านพื้นที่ก่อสร้าง,due to Passing construction site
2025-03-08,บ้านโป่ง,Ban Pong,0,0,18:08,18:08,18:09,18:09,เนื่องจากผ่านพื้นที่ก่อสร้าง,due to Passing construction site
2025-03-08,ราชบุรี,Ratchaburi,0,0,18:37,18:37,18:47,18:47,เนื่องจากผ่านพื้นที่ก่อสร้าง,due to Passing construction site
2025-03-08,เพชรบุรี,Phetchaburi,-6,0,19:30,19:24,19:31,19:31,เนื่องจากผ่านพื้นที่ก่อสร้าง,due to Passing construction site
2025-03-08,หัวหิน,Hua Hin,2,0,20:20,20:22,20:25,20:25,เนื่องจากผ่านพื้นที่ก่อสร้าง,due to Passing construction site
2025-03-08,ประจวบคีรีขันธ์,Prachuap Khiri Khan,-5,0,21:40,21:35,21:41,21:41,เนื่องจากผ่านพื้นที่ก่อสร้าง,due to Passing construction site
2025-03-08,ชุมพร,Chumphon,16,16,23:55,00:11,00:05,00:21,เนื่องจากผ่านพื้นที่ก่อสร้าง,due to Passing construction site
2025-03-08,สุราษฎร์ธานี,Surat Thani,36,38,02:20,02:56,02:23,03:01,เนื่องจากผ่านพื้นที่ก่อสร้าง,due to Passing construction site
2025-03-08,ชุมทางทุ่งสง,Thung Song Junction,42,44,04:08,04:50,04:18,05:02,เนื่องจากผ่านพื้นที่ก่อสร้าง,due to Passing construction site
2025-03-08,พัทลุง,Phatthalung,36,36,05:51,06:27,05:53,06:29,เนื่องจากผ่านพื้นที่ก่อสร้าง,due to Passing construction site
2025-03-08,ชุมทางหาดใหญ่,Hat Yai Junction,38,38,07:05,07:43,07:05,07:43,เนื่องจากผ่านพื้นที่ก่อสร้าง,due to Passing construction site
2025-03-09,กรุงเทพอภิวัฒน์,Bangkok (Krung Thep Aphiwat),-11,0,16:30,16:19,16:50,16:50,,
2025-03-09,บางบำหรุ,Bang Bamru,0,0,17:01,17:01,17:02,17:02,,
2025-03-09,ศาลายา,Sala Ya,0,0,17:22,17:22,17:23,17:23,,
2025-03-09,นครปฐม,Nakhon Pathom,2,2,17:48,17:50,17:50,17:52,,
2025-03-09,บ้านโป่ง,Ban Pong,2,2,18:08,18:10,18:09,18:11,,
2025-03-09,ราชบุรี,Ratchaburi,0,0,18:37,18:37,18:47,18:47,,
2025-03-09,เพชรบุรี,Phetchaburi,-6,0,19:30,19:24,19:31,19:31,,
2025-03-09,หัวหิน,Hua Hin,0,0,20:20,20:20,20:25,20:25,,
2025-03-09,ประจวบคีรีขันธ์,Prachuap Khiri Khan,-9,0,21:40,21:31,21:41,21:41,,
2025-03-09,ชุมพร,Chumphon,25,30,23:55,00:20,00:05,00:35,,
2025-03-09,สุราษฎร์ธานี,Surat Thani,37,37,02:20,02:57,02:23,03:00,,
2025-03-09,ชุมทางทุ่งสง,Thung Song Junction,36,33,04:08,04:44,04:18,04:51,,
2025-03-09,พัทลุง,Phatthalung,17,17,05:51,06:08,05:53,06:10,,
2025-03-09,ชุมทางหาดใหญ่,Hat Yai Junction,12,12,07:05,07:17,07:05,07:17,,
2025-03-10,กรุงเทพอภิวัฒน์,Bangkok (Krung Thep Aphiwat),-12,0,16:30,16:18,16:50,16:50,,
2025-03-10,บางบำหรุ,Bang Bamru,0,3,17:01,17:01,17:02,17:05,,
2025-03-10,ศาลายา,Sala Ya,5,5,17:22,17:27,17:23,17:28,,
2025-03-10,นครปฐม,Nakhon Pathom,10,10,17:48,17:58,17:50,18:00,,
2025-03-10,บ้านโป่ง,Ban Pong,11,11,18:08,18:19,18:09,18:20,,
2025-03-10,ราชบุรี,Ratchaburi,10,3,18:37,18:47,18:47,18:50,,
2025-03-10,เพชรบุรี,Phetchaburi,-2,0,19:30,19:28,19:31,19:31,,
2025-03-10,หัวหิน,Hua Hin,5,3,20:20,20:25,20:25,20:28,,
2025-03-10,ประจวบคีรีขันธ์,Prachuap Khiri Khan,-2,0,21:40,21:38,21:41,21:41,,
2025-03-10,ชุมพร,Chumphon,21,23,23:55,00:16,00:05,00:28,,
2025-03-10,สุราษฎร์ธานี,Surat Thani,36,36,02:20,02:56,02:23,02:59,,
2025-03-10,ชุมทางทุ่งสง,Thung Song Junction,36,35,04:08,04:44,04:18,04:53,,
2025-03-10,พัทลุง,Phatthalung,25,25,05:51,06:16,05:53,06:18,,
2025-03-10,ชุมทางหาดใหญ่,Hat Yai Junction,20,20,07:05,07:25,07:05,07:25,,
2025-03-11,กรุงเทพอภิวัฒน์,Bangkok (Krung Thep Aphiwat),-9,0,16:30,16:21,16:50,16:50,,
2025-03-11,บางบำหรุ,Bang Bamru,0,0,17:01,17:01,17:02,17:02,,
2025-03-11,ศาลายา,Sala Ya,0,0,17:22,17:22,17:23,17:23,,
2025-03-11,นครปฐม,Nakhon Pathom,1,1,17:48,17:49,17:50,17:51,,
2025-03-11,บ้านโป่ง,Ban Pong,2,2,18:08,18:10,18:09,18:11,,
2025-03-11,ราชบุรี,Ratchaburi,0,0,18:37,18:37,18:47,18:47,,
2025-03-11,เพชรบุรี,Phetchaburi,-7,0,19:30,19:23,19:31,19:31,,
2025-03-11,หัวหิน,Hua Hin,-2,0,20:20,20:18,20:25,20:25,,
2025-03-11,ประจวบคีรีขันธ์,Prachuap Khiri Khan,-9,0,21:40,21:31,21:41,21:41,,
2025-03-11,ชุมพร,Chumphon,18,23,23:55,00:13,00:05,00:28,,
2025-03-11,สุราษฎร์ธานี,Surat Thani,25,25,02:20,02:45,02:23,02:48,,
2025-03-11,ชุมทางทุ่งสง,Thung Song Junction,24,20,04:08,04:32,04:18,04:38,,
2025-03-11,พัทลุง,Phatthalung,9,9,05:51,06:00,05:53,06:02,,
2025-03-11,ชุมทางหาดใหญ่,Hat Yai Junction,13,13,07:05,07:18,07:05,07:18,,
2025-03-12,กรุงเทพอภิวัฒน์,Bangkok (Krung Thep Aphiwat),-8,0,16:30,16:22,16:50,16:50,,
2025-03-12,บางบำหรุ,Bang Bamru,0,0,17:01,17:01,17:02,17:02,,
2025-03-12,ศาลายา,Sala Ya,-3,0,17:22,17:19,17:23,17:23,,
2025-03-12,นครปฐม,Nakhon Pathom,0,0,17:48,17:48,17:50,17:50,,
2025-03-12,บ้านโป่ง,Ban Pong,0,0,18:08,18:08,18:09,18:09,,
2025-03-12,ราชบุรี,Ratchaburi,-2,0,18:37,18:35,18:47,18:47,,
2025-03-12,เพชรบุรี,Phetchaburi,-6,0,19:30,19:24,19:31,19:31,,
2025-03-12,หัวหิน,Hua Hin,0,0,20:20,20:20,20:25,20:25,,
2025-03-12,ประจวบคีรีขันธ์,Prachuap Khiri Khan,-8,0,21:40,21:32,21:41,21:41,,
2025-03-12,ชุมพร,Chumphon,15,19,23:55,00:10,00:05,00:24,,
2025-03-12,สุราษฎร์ธานี,Surat Thani,40,40,02:20,03:00,02:23,03:03,,
2025-03-12,ชุมทางทุ่งสง,Thung Song Junction,33,33,04:08,04:41,04:18,04:51,,
2025-03-12,พัทลุง,Phatthalung,26,26,05:51,06:17,05:53,06:19,,
2025-03-12,ชุมทางหาดใหญ่,Hat Yai Junction,20,20,07:05,07:25,07:05,07:25,,
2025-03-13,กรุงเทพอภิวัฒน์,Bangkok (Krung Thep Aphiwat),-21,0,16:30,16:09,16:50,16:50,,
2025-03-13,บางบำหรุ,Bang Bamru,0,0,17:01,17:01,17:02,17:02,,
2025-03-13,ศาลายา,Sala Ya,0,0,17:22,17:22,17:23,17:23,,
2025-03-13,นครปฐม,Nakhon Pathom,2,2,17:48,17:50,17:50,17:52,,
2025-03-13,บ้านโป่ง,Ban Pong,3,3,18:08,18:11,18:09,18:12,,
2025-03-13,ราชบุรี,Ratchaburi,2,0,18:37,18:39,18:47,18:47,,
2025-03-13,เพชรบุรี,Phetchaburi,-5,4,19:30,19:25,19:31,19:35,,
2025-03-13,หัวหิน,Hua Hin,8,8,20:20,20:28,20:25,20:33,,
2025-03-13,ประจวบคีรีขันธ์,Prachuap Khiri Khan,-1,0,21:40,21:39,21:41,21:41,,
2025-03-13,ชุมพร,Chumphon,17,27,23:55,00:12,00:05,00:32,,
2025-03-13,สุราษฎร์ธานี,Surat Thani,24,24,02:20,02:44,02:23,02:47,,
2025-03-13,ชุมทางทุ่งสง,Thung Song Junction,14,11,04:08,04:22,04:18,04:29,,
2025-03-13,พัทลุง,Phatthalung,4,4,05:51,05:55,05:53,05:57,,
2025-03-13,ชุมทางหาดใหญ่,Hat Yai Junction,0,0,07:05,07:05,07:05,07:05,,
2025-03-14,กรุงเทพอภิวัฒน์,Bangkok (Krung Thep Aphiwat),10,0,16:30,16:40,16:50,16:50,,
2025-03-14,บางบำหรุ,Bang Bamru,1,1,17:01,17:02,17:02,17:03,,
2025-03-14,ศาลายา,Sala Ya,0,0,17:22,17:22,17:23,17:23,,
2025-03-14,นครปฐม,Nakhon Pathom,0,0,17:48,17:48,17:50,17:50,,
2025-03-14,บ้านโป่ง,Ban Pong,0,0,18:08,18:08,18:09,18:09,,
2025-03-14,ราชบุรี,Ratchaburi,-2,0,18:37,18:35,18:47,18:47,,
2025-03-14,เพชรบุรี,Phetchaburi,-8,0,19:30,19:22,19:31,19:31,,
2025-03-14,หัวหิน,Hua Hin,-3,0,20:20,20:17,20:25,20:25,,
2025-03-14,ประจวบคีรีขันธ์,Prachuap Khiri Khan,-7,0,21:40,21:33,21:41,21:41,,
2025-03-14,ชุมพร,Chumphon,24,26,23:55,00:19,00:05,00:31,,
2025-03-14,สุราษฎร์ธานี,Surat Thani,34,34,02:20,02:54,02:23,02:57,,
2025-03-14,ชุมทางทุ่งสง,Thung Song Junction,29,29,04:08,04:37,04:18,04:47,,
2025-03-14,พัทลุง,Phatthalung,20,20,05:51,06:11,05:53,06:13,,
2025-03-14,ชุมทางหาดใหญ่,Hat Yai Junction,17,17,07:05,07:22,07:05,07:22,,
2025-03-15,กรุงเทพอภิวัฒน์,Bangkok (Krung Thep Aphiwat),-11,0,16:30,16:19,16:50,16:50,,
2025-03-15,บางบำหรุ,Bang Bamru,0,0,17:01,17:01,17:02,17:02,,
2025-03-15,ศาลายา,Sala Ya,0,0,17:22,17:22,17:23,17:23,,
2025-03-15,นครปฐม,Nakhon Pathom,3,3,17:48,17:51,17:50,17:53,,
2025-03-15,บ้านโป่ง,Ban Pong,3,3,18:08,18:11,18:09,18:12,,
2025-03-15,ราชบุรี,Ratchaburi,2,0,18:37,18:39,18:47,18:47,,
2025-03-15,เพชรบุรี,Phetchaburi,-6,0,19:30,19:24,19:31,19:31,,
2025-03-15,หัวหิน,Hua Hin,0,3,20:20,20:20,20:25,20:28,,
2025-03-15,ประจวบคีรีขันธ์,Prachuap Khiri Khan,-8,0,21:40,21:32,21:41,21:41,,
2025-03-15,ชุมพร,Chumphon,29,32,23:55,00:24,00:05,00:37,,
2025-03-15,สุราษฎร์ธานี,Surat Thani,25,25,02:20,02:45,02:23,02:48,,
2025-03-15,ชุมทางทุ่งสง,Thung Song Junction,13,11,04:08,04:21,04:18,04:29,,
2025-03-15,พัทลุง,Phatthalung,0,0,05:51,05:51,05:53,05:53,,
2025-03-15,ชุมทางหาดใหญ่,Hat Yai Junction,0,0,07:05,07:05,07:05,07:05,,
2025-03-16,กรุงเทพอภิวัฒน์,Bangkok (Krung Thep Aphiwat),-9,0,16:30,16:21,16:50,16:50,,
2025-03-16,บางบำหรุ,Bang Bamru,0,0,17:01,17:01,17:02,17:02,,
2025-03-16,ศาลายา,Sala Ya,0,0,17:22,17:22,17:23,17:23,,
2025-03-16,นครปฐม,Nakhon Pathom,0,0,17:48,17:48,17:50,17:50,,
2025-03-16,บ้านโป่ง,Ban Pong,0,0,18:08,18:08,18:09,18:09,,
2025-03-16,ราชบุรี,Ratchaburi,-4,0,18:37,18:33,18:47,18:47,,
2025-03-16,เพชรบุรี,Phetchaburi,-7,0,19:30,19:23,19:31,19:31,,
2025-03-16,หัวหิน,Hua Hin,0,0,20:20,20:20,20:25,20:25,,
2025-03-16,ประจวบคีรีขันธ์,Prachuap Khiri Khan,-3,0,21:40,21:37,21:41,21:41,,
2025-03-16,ชุมพร,Chumphon,27,27,23:55,00:22,00:05,00:32,,
2025-03-16,สุราษฎร์ธานี,Surat Thani,31,31,02:20,02:51,02:23,02:54,,
2025-03-16,ชุมทางทุ่งสง,Thung Song Junction,28,27,04:08,04:36,04:18,04:45,,
2025-03-16,พัทลุง,Phatthalung,24,24,05:51,06:15,05:53,06:17,,
2025-03-16,ชุมทางหาดใหญ่,Hat Yai Junction,20,20,07:05,07:25,07:05,07:25,,
2025-03-17,กรุงเทพอภิวัฒน์,Bangkok (Krung Thep Aphiwat),-9,0,16:30,16:21,16:50,16:50,,
2025-03-17,บางบำหรุ,Bang Bamru,0,0,17:01,17:01,17:02,17:02,,
2025-03-17,ศาลายา,Sala Ya,0,0,17:22,17:22,17:23,17:23,,
2025-03-17,นครปฐม,Nakhon Pathom,4,4,17:48,17:52,17:50,17:54,,
2025-03-17,บ้านโป่ง,Ban Pong,4,4,18:08,18:12,18:09,18:13,,
2025-03-17,ราชบุรี,Ratchaburi,3,0,18:37,18:40,18:47,18:47,,
2025-03-17,เพชรบุรี,Phetchaburi,-3,0,19:30,19:27,19:31,19:31,,
2025-03-17,หัวหิน,Hua Hin,4,2,20:20,20:24,20:25,20:27,,
2025-03-17,ประจวบคีรีขันธ์,Prachuap Khiri Khan,-4,0,21:40,21:36,21:41,21:41,,
2025-03-17,ชุมพร,Chumphon,15,20,23:55,00:10,00:05,00:25,,
2025-03-17,สุราษฎร์ธานี,Surat Thani,40,40,02:20,03:00,02:23,03:03,,
2025-03-17,ชุมทางทุ่งสง,Thung Song Junction,42,38,04:08,04:50,04:18,04:56,,
2025-03-17,พัทลุง,Phatthalung,30,30,05:51,06:21,05:53,06:23,,
2025-03-17,ชุมทางหาดใหญ่,Hat Yai Junction,20,20,07:05,07:25,07:05,07:25,,
2025-03-18,กรุงเทพอภิวัฒน์,Bangkok (Krung Thep Aphiwat),-11,0,16:30,16:19,16:50,16:50,,
2025-03-18,บางบำหรุ,Bang Bamru,0,0,17:01,17:01,17:02,17:02,,
2025-03-18,ศาลายา,Sala Ya,0,0,17:22,17:22,17:23,17:23,,
2025-03-18,นครปฐม,Nakhon Pathom,0,0,17:48,17:48,17:50,17:50,,
2025-03-18,บ้านโป่ง,Ban Pong,1,1,18:08,18:09,18:09,18:10,,
2025-03-18,ราชบุรี,Ratchaburi,-1,0,18:37,18:36,18:47,18:47,,
2025-03-18,เพชรบุรี,Phetchaburi,-6,0,19:30,19:24,19:31,19:31,,
2025-03-18,หัวหิน,Hua Hin,0,0,20:20,20:20,20:25,20:25,,
2025-03-18,ประจวบคีรีขันธ์,Prachuap Khiri Khan,5,5,21:40,21:45,21:41,21:46,,
2025-03-18,ชุมพร,Chumphon,18,22,23:55,00:13,00:05,00:27,,
2025-03-18,สุราษฎร์ธานี,Surat Thani,27,30,02:20,02:47,02:23,02:53,,
2025-03-18,ชุมทางทุ่งสง,Thung Song Junction,12,12,04:08,04:20,04:18,04:30,,
2025-03-18,พัทลุง,Phatthalung,0,0,05:51,05:51,05:53,05:53,,
2025-03-18,ชุมทางหาดใหญ่,Hat Yai Junction,0,0,07:05,07:05,07:05,07:05,,
2025-03-19,กรุงเทพอภิวัฒน์,Bangkok (Krung Thep Aphiwat),-12,0,16:30,16:18,16:50,16:50,,
2025-03-19,บางบำหรุ,Bang Bamru,0,0,17:01,17:01,17:02,17:02,,
2025-03-19,ศาลายา,Sala Ya,0,0,17:22,17:22,17:23,17:23,,
2025-03-19,นครปฐม,Nakhon Pathom,3,3,17:48,17:51,17:50,17:53,,
2025-03-19,บ้านโป่ง,Ban Pong,4,4,18:08,18:12,18:09,18:13,,
2025-03-19,ราชบุรี,Ratchaburi,2,0,18:37,18:39,18:47,18:47,,
2025-03-19,เพชรบุรี,Phetchaburi,-6,0,19:30,19:24,19:31,19:31,,
2025-03-19,หัวหิน,Hua Hin,0,0,20:20,20:20,20:25,20:25,,
2025-03-19,ประจวบคีรีขันธ์,Prachuap Khiri Khan,-13,0,21:40,21:27,21:41,21:41,,
2025-03-19,ชุมพร,Chumphon,20,24,23:55,00:15,00:05,00:29,,
2025-03-19,สุราษฎร์ธานี,Surat Thani,21,21,02:20,02:41,02:23,02:44,,
2025-03-19,ชุมทางทุ่งสง,Thung Song Junction,10,8,04:08,04:18,04:18,04:26,,
2025-03-19,พัทลุง,Phatthalung,0,0,05:51,05:51,05:53,05:53,,
2025-03-19,ชุมทางหาดใหญ่,Hat Yai Junction,0,0,07:05,07:05,07:05,07:05,,
2025-03-20,กรุงเทพอภิวัฒน์,Bangkok (Krung Thep Aphiwat),5,0,16:30,16:35,16:50,16:50,"เนื่องจากผ่านพื้นที่ก่อสร้าง, รอหลีกขบวนรถ","due to Passing construction site, Wait for track cleared"
2025-03-20,บางบำหรุ,Bang Bamru,3,3,17:01,17:04,17:02,17:05,"เนื่องจากผ่านพื้นที่ก่อสร้าง, รอหลีกขบวนรถ","due to Passing construction site, Wait for track cleared"
2025-03-20,ศาลายา,Sala Ya,1,1,17:22,17:23,17:23,17:24,"เนื่องจากผ่านพื้นที่ก่อสร้าง, รอหลีกขบวนรถ","due to Passing construction site, Wait for track cleared"
2025-03-20,นครปฐม,Nakhon Pathom,0,0,17:48,17:48,17:50,17:50,"เนื่องจากผ่านพื้นที่ก่อสร้าง, รอหลีกขบวนรถ","due to Passing construction site, Wait for track cleared"
2025-03-20,บ้านโป่ง,Ban Pong,0,0,18:08,18:08,18:09,18:09,"เนื่องจากผ่านพื้นที่ก่อสร้าง, รอหลีกขบวนรถ","due to Passing construction site, Wait for track cleared"
2025-03-20,ราชบุรี,Ratchaburi,-2,0,18:37,18:35,18:47,18:47,"เนื่องจากผ่านพื้นที่ก่อสร้าง, รอหลีกขบวนรถ","due to Passing construction site, Wait for track cleared"
2025-03-20,เพชรบุรี,Phetchaburi,-7,0,19:30,19:23,19:31,19:31,"เนื่องจากผ่านพื้นที่ก่อสร้าง, รอหลีกขบวนรถ","due to Passing construction site, Wait for track cleared"
2025-03-20,หัวหิน,Hua Hin,0,0,20:20,20:20,20:25,20:25,"เนื่องจากผ่านพื้นที่ก่อสร้าง, รอหลีกขบวนรถ","due to Passing construction site, Wait for track cleared"
2025-03-20,ประจวบคีรีขันธ์,Prachuap Khiri Khan,-8,0,21:40,21:32,21:41,21:41,"เนื่องจากผ่านพื้นที่ก่อสร้าง, รอหลีกขบวนรถ","due to Passing construction site, Wait for track cleared"
2025-03-20,ชุมพร,Chumphon,10,14,23:55,00:05,00:05,00:19,"เนื่องจากผ่านพื้นที่ก่อสร้าง, รอหลีกขบวนรถ","due to Passing construction site, Wait for track cleared"
2025-03-20,สุราษฎร์ธานี,Surat Thani,50,50,02:20,03:10,02:23,03:13,"เนื่องจากผ่านพื้นที่ก่อสร้าง, รอหลีกขบวนรถ","due to Passing construction site, Wait for track cleared"
2025-03-20,ชุมทางทุ่งสง,Thung Song Junction,47,46,04:08,04:55,04:18,05:04,"เนื่องจากผ่านพื้นที่ก่อสร้าง, รอหลีกขบวนรถ","due to Passing construction site, Wait for track cleared"
2025-03-20,พัทลุง,Phatthalung,34,35,05:51,06:25,05:53,06:28,"เนื่องจากผ่านพื้นที่ก่อสร้าง, รอหลีกขบวนรถ","due to Passing construction site, Wait for track cleared"
2025-03-20,ชุมทางหาดใหญ่,Hat Yai Junction,40,40,07:05,07:45,07:05,07:45,"เนื่องจากผ่านพื้นที่ก่อสร้าง, รอหลีกขบวนรถ","due to Passing construction site, Wait for track cleared"
2025-03-21,กรุงเทพอภิวัฒน์,Bangkok (Krung Thep Aphiwat),-9,0,16:30,16:21,16:50,16:50,,
2025-03-21,บางบำหรุ,Bang Bamru,0,0,17:01,17:01,17:02,17:02,,
2025-03-21,ศาลายา,Sala Ya,0,1,17:22,17:22,17:23,17:24,,
2025-03-21,นครปฐม,Nakhon Pathom,0,0,17:48,17:48,17:50,17:50,,
2025-03-21,บ้านโป่ง,Ban Pong,1,1,18:08,18:09,18:09,18:10,,
2025-03-21,ราชบุรี,Ratchaburi,0,0,18:37,18:37,18:47,18:47,,
2025-03-21,เพชรบุรี,Phetchaburi,-5,0,19:30,19:25,19:31,19:31,,
2025-03-21,หัวหิน,Hua Hin,0,0,20:20,20:20,20:25,20:25,,
2025-03-21,ประจวบคีรีขันธ์,Prachuap Khiri Khan,-8,0,21:40,21:32,21:41,21:41,,
2025-03-21,ชุมพร,Chumphon,26,26,23:55,00:21,00:05,00:31,,
2025-03-21,สุราษฎร์ธานี,Surat Thani,42,42,02:20,03:02,02:23,03:05,,
2025-03-21,ชุมทางทุ่งสง,Thung Song Junction,36,33,04:08,04:44,04:18,04:51,,
2025-03-21,พัทลุง,Phatthalung,27,27,05:51,06:18,05:53,06:20,,
2025-03-21,ชุมทางหาดใหญ่,Hat Yai Junction,20,20,07:05,07:25,07:05,07:25,,
2025-03-22,กรุงเทพอภิวัฒน์,Bangkok (Krung Thep Aphiwat),-11,0,16:30,16:19,16:50,16:50,,
2025-03-22,บางบำหรุ,Bang Bamru,0,0,17:01,17:01,17:02,17:02,,
2025-03-22,ศาลายา,Sala Ya,0,0,17:22,17:22,17:23,17:23,,
2025-03-22,นครปฐม,Nakhon Pathom,2,2,17:48,17:50,17:50,17:52,,
2025-03-22,บ้านโป่ง,Ban Pong,1,1,18:08,18:09,18:09,18:10,,
2025-03-22,ราชบุรี,Ratchaburi,0,0,18:37,18:37,18:47,18:47,,
2025-03-22,เพชรบุรี,Phetchaburi,-6,0,19:30,19:24,19:31,19:31,,
2025-03-22,หัวหิน,Hua Hin,2,0,20:20,20:22,20:25,20:25,,
2025-03-22,ประจวบคีรีขันธ์,Prachuap Khiri Khan,-3,0,21:40,21:37,21:41,21:41,,
2025-03-22,ชุมพร,Chumphon,17,19,23:55,00:12,00:05,00:24,,
2025-03-22,สุราษฎร์ธานี,Surat Thani,23,23,02:20,02:43,02:23,02:46,,
2025-03-22,ชุมทางทุ่งสง,Thung Song Junction,14,14,04:08,04:22,04:18,04:32,,
2025-03-22,พัทลุง,Phatthalung,5,5,05:51,05:56,05:53,05:58,,
2025-03-22,ชุมทางหาดใหญ่,Hat Yai Junction,7,7,07:05,07:12,07:05,07:12,,
2025-03-23,กรุงเทพอภิวัฒน์,Bangkok (Krung Thep Aphiwat),-10,0,16:30,16:20,16:50,16:50,,
2025-03-23,บางบำหรุ,Bang Bamru,0,0,17:01,17:01,17:02,17:02,,
2025-03-23,ศาลายา,Sala Ya,0,0,17:22,17:22,17:23,17:23,,
2025-03-23,นครปฐม,Nakhon Pathom,0,0,17:48,17:48,17:50,17:50,,
2025-03-23,บ้านโป่ง,Ban Pong,0,0,18:08,18:08,18:09,18:09,,
2025-03-23,ราชบุรี,Ratchaburi,-4,0,18:37,18:33,18:47,18:47,,
2025-03-23,เพชรบุรี,Phetchaburi,-7,0,19:30,19:23,19:31,19:31,,
2025-03-23,หัวหิน,Hua Hin,-2,0,20:20,20:18,20:25,20:25,,
2025-03-23,ประจวบคีรีขันธ์,Prachuap Khiri Khan,-12,0,21:40,21:28,21:41,21:41,,
2025-03-23,ชุมพร,Chumphon,15,16,23:55,00:10,00:05,00:21,,
2025-03-23,สุราษฎร์ธานี,Surat Thani,34,34,02:20,02:54,02:23,02:57,,
2025-03-23,ชุมทางทุ่งสง,Thung Song Junction,34,30,04:08,04:42,04:18,04:48,,
2025-03-23,พัทลุง,Phatthalung,19,19,05:51,06:10,05:53,06:12,,
2025-03-23,ชุมทางหาดใหญ่,Hat Yai Junction,15,15,07:05,07:20,07:05,07:20,,
2025-03-24,กรุงเทพอภิวัฒน์,Bangkok (Krung Thep Aphiwat),-11,0,16:30,16:19,16:50,16:50,,
2025-03-24,บางบำหรุ,Bang Bamru,0,0,17:01,17:01,17:02,17:02,,
2025-03-24,ศาลายา,Sala Ya,0,0,17:22,17:22,17:23,17:23,,
2025-03-24,นครปฐม,Nakhon Pathom,0,0,17:48,17:48,17:50,17:50,,
2025-03-24,บ้านโป่ง,Ban Pong,0,0,18:08,18:08,18:09,18:09,,
2025-03-24,ราชบุรี,Ratchaburi,-2,0,18:37,18:35,18:47,18:47,,
2025-03-24,เพชรบุรี,Phetchaburi,-7,0,19:30,19:23,19:31,19:31,,
2025-03-24,หัวหิน,Hua Hin,-2,0,20:20,20:18,20:25,20:25,,
2025-03-24,ประจวบคีรีขันธ์,Prachuap Khiri Khan,-11,0,21:40,21:29,21:41,21:41,,
2025-03-24,ชุมพร,Chumphon,-1,0,23:55,23:54,00:05,00:05,,
2025-03-24,สุราษฎร์ธานี,Surat Thani,15,15,02:20,02:35,02:23,02:38,,
2025-03-24,ชุมทางทุ่งสง,Thung Song Junction,16,16,04:08,04:24,04:18,04:34,,
2025-03-24,พัทลุง,Phatthalung,11,13,05:51,06:02,05:53,06:06,,
2025-03-24,ชุมทางหาดใหญ่,Hat Yai Junction,10,10,07:05,07:15,07:05,07:15,,
2025-03-25,กรุงเทพอภิวัฒน์,Bangkok (Krung Thep Aphiwat),-2,0,16:30,16:28,16:50,16:50,,
2025-03-25,บางบำหรุ,Bang Bamru,0,0,17:01,17:01,17:02,17:02,,
2025-03-25,ศาลายา,Sala Ya,0,0,17:22,17:22,17:23,17:23,,
2025-03-25,นครปฐม,Nakhon Pathom,4,4,17:48,17:52,17:50,17:54,,
2025-03-25,บ้านโป่ง,Ban Pong,4,4,18:08,18:12,18:09,18:13,,
2025-03-25,ราชบุรี,Ratchaburi,2,0,18:37,18:39,18:47,18:47,,
2025-03-25,เพชรบุรี,Phetchaburi,-6,0,19:30,19:24,19:31,19:31,,
2025-03-25,หัวหิน,Hua Hin,0,0,20:20,20:20,20:25,20:25,,
2025-03-25,ประจวบคีรีขันธ์,Prachuap Khiri Khan,-9,0,21:40,21:31,21:41,21:41,,
2025-03-25,ชุมพร,Chumphon,25,27,23:55,00:20,00:05,00:32,,
2025-03-25,สุราษฎร์ธานี,Surat Thani,34,34,02:20,02:54,02:23,02:57,,
2025-03-25,ชุมทางทุ่งสง,Thung Song Junction,23,19,04:08,04:31,04:18,04:37,,
2025-03-25,พัทลุง,Phatthalung,14,14,05:51,06:05,05:53,06:07,,
2025-03-25,ชุมทางหาดใหญ่,Hat Yai Junction,5,5,07:05,07:10,07:05,07:10,,
2025-03-26,กรุงเทพอภิวัฒน์,Bangkok (Krung Thep Aphiwat),25,40,16:30,16:55,16:50,17:30,"เนื่องจากเกิดอุบัติเหตุ/รอเปิดทางจากอุบัติเหตุ, ผ่านพื้นที่ก่อสร้าง, รอทาง","due to an accident on the track, Passing construction site, Wait for track cleared"
2025-03-26,บางบำหรุ,Bang Bamru,40,40,17:01,17:41,17:02,17:42,"เนื่องจากเกิดอุบัติเหตุ/รอเปิดทางจากอุบัติเหตุ, ผ่านพื้นที่ก่อสร้าง, รอทาง","due to an accident on the track, Passing construction site, Wait for track cleared"
2025-03-26,ศาลายา,Sala Ya,40,256,17:22,18:02,17:23,21:39,"เนื่องจากเกิดอุบัติเหตุ/รอเปิดทางจากอุบัติเหตุ, ผ่านพื้นที่ก่อสร้าง, รอทาง","due to an accident on the track, Passing construction site, Wait for track cleared"
2025-03-26,นครปฐม,Nakhon Pathom,306,306,17:48,22:54,17:50,22:56,"เนื่องจากเกิดอุบัติเหตุ/รอเปิดทางจากอุบัติเหตุ, ผ่านพื้นที่ก่อสร้าง, รอทาง","due to an accident on the track, Passing construction site, Wait for track cleared"
2025-03-26,บ้านโป่ง,Ban Pong,309,309,18:08,23:17,18:09,23:18,"เนื่องจากเกิดอุบัติเหตุ/รอเปิดทางจากอุบัติเหตุ, ผ่านพื้นที่ก่อสร้าง, รอทาง","due to an accident on the track, Passing construction site, Wait for track cleared"
2025-03-26,ราชบุรี,Ratchaburi,309,301,18:37,23:46,18:47,23:48,"เนื่องจากเกิดอุบัติเหตุ/รอเปิดทางจากอุบัติเหตุ, ผ่านพื้นที่ก่อสร้าง, รอทาง","due to an accident on the track, Passing construction site, Wait for track cleared"
2025-03-26,เพชรบุรี,Phetchaburi,299,300,19:30,00:29,19:31,00:31,"เนื่องจากเกิดอุบัติเหตุ/รอเปิดทางจากอุบัติเหตุ, ผ่านพื้นที่ก่อสร้าง, รอทาง","due to an accident on the track, Passing construction site, Wait for track cleared"
2025-03-26,หัวหิน,Hua Hin,304,302,20:20,01:24,20:25,01:27,"เนื่องจากเกิดอุบัติเหตุ/รอเปิดทางจากอุบัติเหตุ, ผ่านพื้นที่ก่อสร้าง, รอทาง","due to an accident on the track, Passing construction site, Wait for track cleared"
2025-03-26,ประจวบคีรีขันธ์,Prachuap Khiri Khan,293,293,21:40,02:33,21:41,02:34,"เนื่องจากเกิดอุบัติเหตุ/รอเปิดทางจากอุบัติเหตุ, ผ่านพื้นที่ก่อสร้าง, รอทาง","due to an accident on the track, Passing construction site, Wait for track cleared"
2025-03-26,ชุมพร,Chumphon,309,310,23:55,05:04,00:05,05:15,"เนื่องจากเกิดอุบัติเหตุ/รอเปิดทางจากอุบัติเหตุ, ผ่านพื้นที่ก่อสร้าง, รอทาง","due to an accident on the track, Passing construction site, Wait for track cleared"
2025-03-26,สุราษฎร์ธานี,Surat Thani,301,308,02:20,07:21,02:23,07:31,"เนื่องจากเกิดอุบัติเหตุ/รอเปิดทางจากอุบัติเหตุ, ผ่านพื้นที่ก่อสร้าง, รอทาง","due to an accident on the track, Passing construction site, Wait for track cleared"
2025-03-26,ชุมทางทุ่งสง,Thung Song Junction,319,317,04:08,09:27,04:18,09:35,"เนื่องจากเกิดอุบัติเหตุ/รอเปิดทางจากอุบัติเหตุ, ผ่านพื้นที่ก่อสร้าง, รอทาง","due to an accident on the track, Passing construction site, Wait for track cleared"
2025-03-26,พัทลุง,Phatthalung,334,334,05:51,11:25,05:53,11:27,"เนื่องจากเกิดอุบัติเหตุ/รอเปิดทางจากอุบัติเหตุ, ผ่านพื้นที่ก่อสร้าง, รอทาง","due to an accident on the track, Passing construction site, Wait for track cleared"
2025-03-26,ชุมทางหาดใหญ่,Hat Yai Junction,332,332,07:05,12:37,07:05,12:37,"เนื่องจากเกิดอุบัติเหตุ/รอเปิดทางจากอุบัติเหตุ, ผ่านพื้นที่ก่อสร้าง, รอทาง","due to an accident on the track, Passing construction site, Wait for track cleared"
2025-03-27,กรุงเทพอภิวัฒน์,Bangkok (Krung Thep Aphiwat),-11,0,16:30,16:19,16:50,16:50,,
2025-03-27,บางบำหรุ,Bang Bamru,0,0,17:01,17:01,17:02,17:02,,
2025-03-27,ศาลายา,Sala Ya,1,1,17:22,17:23,17:23,17:24,,
2025-03-27,นครปฐม,Nakhon Pathom,17,17,17:48,18:05,17:50,18:07,,
2025-03-27,บ้านโป่ง,Ban Pong,18,18,18:08,18:26,18:09,18:27,,
2025-03-27,ราชบุรี,Ratchaburi,17,10,18:37,18:54,18:47,18:57,,
2025-03-27,เพชรบุรี,Phetchaburi,4,5,19:30,19:34,19:31,19:36,,
2025-03-27,หัวหิน,Hua Hin,7,6,20:20,20:27,20:25,20:31,,
2025-03-27,ประจวบคีรีขันธ์,Prachuap Khiri Khan,-1,0,21:40,21:39,21:41,21:41,,
2025-03-27,ชุมพร,Chumphon,23,25,23:55,00:18,00:05,00:30,,
2025-03-27,สุราษฎร์ธานี,Surat Thani,43,43,02:20,03:03,02:23,03:06,,
2025-03-27,ชุมทางทุ่งสง,Thung Song Junction,32,30,04:08,04:40,04:18,04:48,,
2025-03-27,พัทลุง,Phatthalung,18,18,05:51,06:09,05:53,06:11,,
2025-03-27,ชุมทางหาดใหญ่,Hat Yai Junction,15,15,07:05,07:20,07:05,07:20,,
2025-03-28,กรุงเทพอภิวัฒน์,Bangkok (Krung Thep Aphiwat),11,45,16:30,16:41,16:50,17:35,"เนื่องจากผ่านพื้นที่ก่อสร้าง, รอหลีกขบวนรถ","due to Passing construction site, Wait for track cleared"
2025-03-28,บางบำหรุ,Bang Bamru,55,55,17:01,17:56,17:02,17:57,"เนื่องจากผ่านพื้นที่ก่อสร้าง, รอหลีกขบวนรถ","due to Passing construction site, Wait for track cleared"
2025-03-28,ศาลายา,Sala Ya,53,53,17:22,18:15,17:23,18:16,"เนื่องจากผ่านพื้นที่ก่อสร้าง, รอหลีกขบวนรถ","due to Passing construction site, Wait for track cleared"
2025-03-28,นครปฐม,Nakhon Pathom,50,50,17:48,18:38,17:50,18:40,"เนื่องจากผ่านพื้นที่ก่อสร้าง, รอหลีกขบวนรถ","due to Passing construction site, Wait for track cleared"
2025-03-28,บ้านโป่ง,Ban Pong,50,50,18:08,18:58,18:09,18:59,"เนื่องจากผ่านพื้นที่ก่อสร้าง, รอหลีกขบวนรถ","due to Passing construction site, Wait for track cleared"
2025-03-28,ราชบุรี,Ratchaburi,47,39,18:37,19:24,18:47,19:26,"เนื่องจากผ่านพื้นที่ก่อสร้าง, รอหลีกขบวนรถ","due to Passing construction site, Wait for track cleared"
2025-03-28,เพชรบุรี,Phetchaburi,30,30,19:30,20:00,19:31,20:01,"เนื่องจากผ่านพื้นที่ก่อสร้าง, รอหลีกขบวนรถ","due to Passing construction site, Wait for track cleared"
2025-03-28,หัวหิน,Hua Hin,29,27,20:20,20:49,20:25,20:52,"เนื่องจากผ่านพื้นที่ก่อสร้าง, รอหลีกขบวนรถ","due to Passing construction site, Wait for track cleared"
2025-03-28,ประจวบคีรีขันธ์,Prachuap Khiri Khan,19,19,21:40,21:59,21:41,22:00,"เนื่องจากผ่านพื้นที่ก่อสร้าง, รอหลีกขบวนรถ","due to Passing construction site, Wait for track cleared"
2025-03-28,ชุมพร,Chumphon,45,48,23:55,00:40,00:05,00:53,"เนื่องจากผ่านพื้นที่ก่อสร้าง, รอหลีกขบวนรถ","due to Passing construction site, Wait for track cleared"
2025-03-28,สุราษฎร์ธานี,Surat Thani,60,60,02:20,03:20,02:23,03:23,"เนื่องจากผ่านพื้นที่ก่อสร้าง, รอหลีกขบวนรถ","due to Passing construction site, Wait for track cleared"
2025-03-28,ชุมทางทุ่งสง,Thung Song Junction,53,53,04:08,05:01,04:18,05:11,"เนื่องจากผ่านพื้นที่ก่อสร้าง, รอหลีกขบวนรถ","due to Passing construction site, Wait for track cleared"
2025-03-28,พัทลุง,Phatthalung,42,42,05:51,06:33,05:53,06:35,"เนื่องจากผ่านพื้นที่ก่อสร้าง, รอหลีกขบวนรถ","due to Passing construction site, Wait for track cleared"
2025-03-28,ชุมทางหาดใหญ่,Hat Yai Junction,40,40,07:05,07:45,07:05,07:45,"เนื่องจากผ่านพื้นที่ก่อสร้าง, รอหลีกขบวนรถ","due to Passing construction site, Wait for track cleared"
2025-03-29,กรุงเทพอภิวัฒน์,Bangkok (Krung Thep Aphiwat),-11,0,16:30,16:19,16:50,16:50,"เนื่องจากตู้โดยสารขัดข้อง, ผ่านพื้นที่ก่อสร้าง","due to Carriage issue, Passing construction site"
2025-03-29,บางบำหรุ,Bang Bamru,0,0,17:01,17:01,17:02,17:02,"เนื่องจากตู้โดยสารขัดข้อง, ผ่านพื้นที่ก่อสร้าง","due to Carriage issue, Passing construction site"
2025-03-29,ศาลายา,Sala Ya,0,0,17:22,17:22,17:23,17:23,"เนื่องจากตู้โดยสารขัดข้อง, ผ่านพื้นที่ก่อสร้าง","due to Carriage issue, Passing construction site"
2025-03-29,นครปฐม,Nakhon Pathom,0,0,17:48,17:48,17:50,17:50,"เนื่องจากตู้โดยสารขัดข้อง, ผ่านพื้นที่ก่อสร้าง","due to Carriage issue, Passing construction site"
2025-03-29,บ้านโป่ง,Ban Pong,2,2,18:08,18:10,18:09,18:11,"เนื่องจากตู้โดยสารขัดข้อง, ผ่านพื้นที่ก่อสร้าง","due to Carriage issue, Passing construction site"
2025-03-29,ราชบุรี,Ratchaburi,0,0,18:37,18:37,18:47,18:47,"เนื่องจากตู้โดยสารขัดข้อง, ผ่านพื้นที่ก่อสร้าง","due to Carriage issue, Passing construction site"
2025-03-29,เพชรบุรี,Phetchaburi,-5,0,19:30,19:25,19:31,19:31,"เนื่องจากตู้โดยสารขัดข้อง, ผ่านพื้นที่ก่อสร้าง","due to Carriage issue, Passing construction site"
2025-03-29,หัวหิน,Hua Hin,0,0,20:20,20:20,20:25,20:25,"เนื่องจากตู้โดยสารขัดข้อง, ผ่านพื้นที่ก่อสร้าง","due to Carriage issue, Passing construction site"
2025-03-29,ประจวบคีรีขันธ์,Prachuap Khiri Khan,-8,0,21:40,21:32,21:41,21:41,"เนื่องจากตู้โดยสารขัดข้อง, ผ่านพื้นที่ก่อสร้าง","due to Carriage issue, Passing construction site"
2025-03-29,ชุมพร,Chumphon,0,0,23:55,,00:05,,"เนื่องจากตู้โดยสารขัดข้อง, ผ่านพื้นที่ก่อสร้าง","due to Carriage issue, Passing construction site"
2025-03-29,สุราษฎร์ธานี,Surat Thani,34,34,02:20,02:54,02:23,02:57,"เนื่องจากตู้โดยสารขัดข้อง, ผ่านพื้นที่ก่อสร้าง","due to Carriage issue, Passing construction site"
2025-03-29,ชุมทางทุ่งสง,Thung Song Junction,33,51,04:08,04:41,04:18,05:09,"เนื่องจากตู้โดยสารขัดข้อง, ผ่านพื้นที่ก่อสร้าง","due to Carriage issue, Passing construction site"
2025-03-29,พัทลุง,Phatthalung,40,40,05:51,06:31,05:53,06:33,"เนื่องจากตู้โดยสารขัดข้อง, ผ่านพื้นที่ก่อสร้าง","due to Carriage issue, Passing construction site"
2025-03-29,ชุมทางหาดใหญ่,Hat Yai Junction,32,32,07:05,07:37,07:05,07:37,"เนื่องจากตู้โดยสารขัดข้อง, ผ่านพื้นที่ก่อสร้าง","due to Carriage issue, Passing construction site"
2025-03-30,กรุงเทพอภิวัฒน์,Bangkok (Krung Thep Aphiwat),-10,0,16:30,16:20,16:50,16:50,เนื่องจากผ่านพื้นที่ก่อสร้าง,due to Passing construction site
2025-03-30,บางบำหรุ,Bang Bamru,0,0,17:01,17:01,17:02,17:02,เนื่องจากผ่านพื้นที่ก่อสร้าง,due to Passing construction site
2025-03-30,ศาลายา,Sala Ya,0,0,17:22,17:22,17:23,17:23,เนื่องจากผ่านพื้นที่ก่อสร้าง,due to Passing construction site
2025-03-30,นครปฐม,Nakhon Pathom,0,0,17:48,17:48,17:50,17:50,เนื่องจากผ่านพื้นที่ก่อสร้าง,due to Passing construction site
2025-03-30,บ้านโป่ง,Ban Pong,0,0,18:08,18:08,18:09,18:09,เนื่องจากผ่านพื้นที่ก่อสร้าง,due to Passing construction site
2025-03-30,ราชบุรี,Ratchaburi,-2,0,18:37,18:35,18:47,18:47,เนื่องจากผ่านพื้นที่ก่อสร้าง,due to Passing construction site
2025-03-30,เพชรบุรี,Phetchaburi,-7,0,19:30,19:23,19:31,19:31,เนื่องจากผ่านพื้นที่ก่อสร้าง,due to Passing construction site
2025-03-30,หัวหิน,Hua Hin,-1,0,20:20,20:19,20:25,20:25,เนื่องจากผ่านพื้นที่ก่อสร้าง,due to Passing construction site
2025-03-30,ประจวบคีรีขันธ์,Prachuap Khiri Khan,-9,0,21:40,21:31,21:41,21:41,เนื่องจากผ่านพื้นที่ก่อสร้าง,due to Passing construction site
2025-03-30,ชุมพร,Chumphon,35,36,23:55,00:30,00:05,00:41,เนื่องจากผ่านพื้นที่ก่อสร้าง,due to Passing construction site
2025-03-30,สุราษฎร์ธานี,Surat Thani,44,44,02:20,03:04,02:23,03:07,เนื่องจากผ่านพื้นที่ก่อสร้าง,due to Passing construction site
2025-03-30,ชุมทางทุ่งสง,Thung Song Junction,47,47,04:08,04:55,04:18,05:05,เนื่องจากผ่านพื้นที่ก่อสร้าง,due to Passing construction site
2025-03-30,พัทลุง,Phatthalung,37,37,05:51,06:28,05:53,06:30,เนื่องจากผ่านพื้นที่ก่อสร้าง,due to Passing construction site
2025-03-30,ชุมทางหาดใหญ่,Hat Yai Junction,43,43,07:05,07:48,07:05,07:48,เนื่องจากผ่านพื้นที่ก่อสร้าง,due to Passing construction site
2025-03-31,กรุงเทพอภิวัฒน์,Bangkok (Krung Thep Aphiwat),-9,0,16:30,16:21,16:50,16:50,,
2025-03-31,บางบำหรุ,Bang Bamru,0,0,17:01,17:01,17:02,17:02,,
2025-03-31,ศาลายา,Sala Ya,0,0,17:22,17:22,17:23,17:23,,
2025-03-31,นครปฐม,Nakhon Pathom,0,0,17:48,17:48,17:50,17:50,,
2025-03-31,บ้านโป่ง,Ban Pong,0,0,18:08,18:08,18:09,18:09,,
2025-03-31,ราชบุรี,Ratchaburi,-3,0,18:37,18:34,18:47,18:47,,
2025-03-31,เพชรบุรี,Phetchaburi,-5,0,19:30,19:25,19:31,19:31,,
2025-03-31,หัวหิน,Hua Hin,0,0,20:20,20:20,20:25,20:25,,
2025-03-31,ประจวบคีรีขันธ์,Prachuap Khiri Khan,-9,0,21:40,21:31,21:41,21:41,,
2025-03-31,ชุมพร,Chumphon,22,21,23:55,00:17,00:05,00:26,,
2025-03-31,สุราษฎร์ธานี,Surat Thani,27,29,02:20,02:47,02:23,02:52,,
2025-03-31,ชุมทางทุ่งสง,Thung Song Junction,19,15,04:08,04:27,04:18,04:33,,
2025-03-31,พัทลุง,Phatthalung,6,6,05:51,05:57,05:53,05:59,,
2025-03-31,ชุมทางหาดใหญ่,Hat Yai Junction,11,11,07:05,07:16,07:05,07:16,,
2025-04-01,กรุงเทพอภิวัฒน์,Bangkok (Krung Thep Aphiwat),-10,0,16:30,16:20,16:50,16:50,,
2025-04-01,บางบำหรุ,Bang Bamru,0,0,17:01,17:01,17:02,17:02,,
2025-04-01,ศาลายา,Sala Ya,4,4,17:22,17:26,17:23,17:27,,
2025-04-01,นครปฐม,Nakhon Pathom,5,5,17:48,17:53,17:50,17:55,,
2025-04-01,บ้านโป่ง,Ban Pong,7,7,18:08,18:15,18:09,18:16,,
2025-04-01,ราชบุรี,Ratchaburi,4,0,18:37,18:41,18:47,18:47,,
2025-04-01,เพชรบุรี,Phetchaburi,-5,0,19:30,19:25,19:31,19:31,,
2025-04-01,หัวหิน,Hua Hin,5,0,20:20,20:25,20:25,20:25,,
2025-04-01,ประจวบคีรีขันธ์,Prachuap Khiri Khan,-8,0,21:40,21:32,21:41,21:41,,
2025-04-01,ชุมพร,Chumphon,24,23,23:55,00:19,00:05,00:28,,
2025-04-01,สุราษฎร์ธานี,Surat Thani,43,43,02:20,03:03,02:23,03:06,,
2025-04-01,ชุมทางทุ่งสง,Thung Song Junction,38,34,04:08,04:46,04:18,04:52,,
2025-04-01,พัทลุง,Phatthalung,20,20,05:51,06:11,05:53,06:13,,
2025-04-01,ชุมทางหาดใหญ่,Hat Yai Junction,17,17,07:05,07:22,07:05,07:22,,
2025-04-02,กรุงเทพอภิวัฒน์,Bangkok (Krung Thep Aphiwat),-21,0,16:30,16:09,16:50,16:50,เนื่องจากผ่านพื้นที่ก่อสร้าง,due to Passing construction site
2025-04-02,บางบำหรุ,Bang Bamru,0,0,17:01,17:01,17:02,17:02,เนื่องจากผ่านพื้นที่ก่อสร้าง,due to Passing construction site
2025-04-02,ศาลายา,Sala Ya,0,0,17:22,17:22,17:23,17:23,เนื่องจากผ่านพื้นที่ก่อสร้าง,due to Passing construction site
2025-04-02,นครปฐม,Nakhon Pathom,2,2,17:48,17:50,17:50,17:52,เนื่องจากผ่านพื้นที่ก่อสร้าง,due to Passing construction site
2025-04-02,บ้านโป่ง,Ban Pong,3,3,18:08,18:11,18:09,18:12,เนื่องจากผ่านพื้นที่ก่อสร้าง,due to Passing construction site
2025-04-02,ราชบุรี,Ratchaburi,0,0,18:37,18:37,18:47,18:47,เนื่องจากผ่านพื้นที่ก่อสร้าง,due to Passing construction site
2025-04-02,เพชรบุรี,Phetchaburi,-4,0,19:30,19:26,19:31,19:31,เนื่องจากผ่านพื้นที่ก่อสร้าง,due to Passing construction site
2025-04-02,หัวหิน,Hua Hin,1,0,20:20,20:21,20:25,20:25,เนื่องจากผ่านพื้นที่ก่อสร้าง,due to Passing construction site
2025-04-02,ประจวบคีรีขันธ์,Prachuap Khiri Khan,-9,0,21:40,21:31,21:41,21:41,เนื่องจากผ่านพื้นที่ก่อสร้าง,due to Passing construction site
2025-04-02,ชุมพร,Chumphon,28,26,23:55,00:23,00:05,00:31,เนื่องจากผ่านพื้นที่ก่อสร้าง,due to Passing construction site
2025-04-02,สุราษฎร์ธานี,Surat Thani,43,43,02:20,03:03,02:23,03:06,เนื่องจากผ่านพื้นที่ก่อสร้าง,due to Passing construction site
2025-04-02,ชุมทางทุ่งสง,Thung Song Junction,45,45,04:08,04:53,04:18,05:03,เนื่องจากผ่านพื้นที่ก่อสร้าง,due to Passing construction site
2025-04-02,พัทลุง,Phatthalung,35,35,05:51,06:26,05:53,06:28,เนื่องจากผ่านพื้นที่ก่อสร้าง,due to Passing construction site
2025-04-02,ชุมทางหาดใหญ่,Hat Yai Junction,41,41,07:05,07:46,07:05,07:46,เนื่องจากผ่านพื้นที่ก่อสร้าง,due to Passing construction site
2025-04-03,กรุงเทพอภิวัฒน์,Bangkok (Krung Thep Aphiwat),12,5,16:30,16:42,16:50,16:55,"เนื่องจากผ่านพื้นที่ก่อสร้าง, รอหลีกขบวนรถ","due to Passing construction site, Wait for track cleared"
2025-04-03,บางบำหรุ,Bang Bamru,3,3,17:01,17:04,17:02,17:05,"เนื่องจากผ่านพื้นที่ก่อสร้าง, รอหลีกขบวนรถ","due to Passing construction site, Wait for track cleared"
2025-04-03,ศาลายา,Sala Ya,0,1,17:22,17:22,17:23,17:24,"เนื่องจากผ่านพื้นที่ก่อสร้าง, รอหลีกขบวนรถ","due to Passing construction site, Wait for track cleared"
2025-04-03,นครปฐม,Nakhon Pathom,2,0,17:48,17:50,17:50,17:50,"เนื่องจากผ่านพื้นที่ก่อสร้าง, รอหลีกขบวนรถ","due to Passing construction site, Wait for track cleared"
2025-04-03,บ้านโป่ง,Ban Pong,0,0,18:08,18:08,18:09,18:09,"เนื่องจากผ่านพื้นที่ก่อสร้าง, รอหลีกขบวนรถ","due to Passing construction site, Wait for track cleared"
2025-04-03,ราชบุรี,Ratchaburi,-2,0,18:37,18:35,18:47,18:47,"เนื่องจากผ่านพื้นที่ก่อสร้าง, รอหลีกขบวนรถ","due to Passing construction site, Wait for track cleared"
2025-04-03,เพชรบุรี,Phetchaburi,-6,0,19:30,19:24,19:31,19:31,"เนื่องจากผ่านพื้นที่ก่อสร้าง, รอหลีกขบวนรถ","due to Passing construction site, Wait for track cleared"
2025-04-03,หัวหิน,Hua Hin,-2,0,20:20,20:18,20:25,20:25,"เนื่องจากผ่านพื้นที่ก่อสร้าง, รอหลีกขบวนรถ","due to Passing construction site, Wait for track cleared"
2025-04-03,ประจวบคีรีขันธ์,Prachuap Khiri Khan,-6,0,21:40,21:34,21:41,21:41,"เนื่องจากผ่านพื้นที่ก่อสร้าง, รอหลีกขบวนรถ","due to Passing construction site, Wait for track cleared"
2025-04-03,ชุมพร,Chumphon,41,40,23:55,00:36,00:05,00:45,"เนื่องจากผ่านพื้นที่ก่อสร้าง, รอหลีกขบวนรถ","due to Passing construction site, Wait for track cleared"
2025-04-03,สุราษฎร์ธานี,Surat Thani,55,55,02:20,03:15,02:23,03:18,"เนื่องจากผ่านพื้นที่ก่อสร้าง, รอหลีกขบวนรถ","due to Passing construction site, Wait for track cleared"
2025-04-03,ชุมทางทุ่งสง,Thung Song Junction,57,57,04:08,05:05,04:18,05:15,"เนื่องจากผ่านพื้นที่ก่อสร้าง, รอหลีกขบวนรถ","due to Passing construction site, Wait for track cleared"
2025-04-03,พัทลุง,Phatthalung,47,47,05:51,06:38,05:53,06:40,"เนื่องจากผ่านพื้นที่ก่อสร้าง, รอหลีกขบวนรถ","due to Passing construction site, Wait for track cleared"
2025-04-03,ชุมทางหาดใหญ่,Hat Yai Junction,47,47,07:05,07:52,07:05,07:52,"เนื่องจากผ่านพื้นที่ก่อสร้าง, รอหลีกขบวนรถ","due to Passing construction site, Wait for track cleared"
2025-04-04,กรุงเทพอภิวัฒน์,Bangkok (Krung Thep Aphiwat),-13,0,16:30,16:17,16:50,16:50,"เนื่องจากผ่านพื้นที่ก่อสร้าง, รอหลีกขบวนรถ","due to Passing construction site, Wait for track cleared"
2025-04-04,บางบำหรุ,Bang Bamru,0,0,17:01,17:01,17:02,17:02,"เนื่องจากผ่านพื้นที่ก่อสร้าง, รอหลีกขบวนรถ","due to Passing construction site, Wait for track cleared"
2025-04-04,ศาลายา,Sala Ya,0,0,17:22,17:22,17:23,17:23,"เนื่องจากผ่านพื้นที่ก่อสร้าง, รอหลีกขบวนรถ","due to Passing construction site, Wait for track cleared"
2025-04-04,นครปฐม,Nakhon Pathom,3,3,17:48,17:51,17:50,17:53,"เนื่องจากผ่านพื้นที่ก่อสร้าง, รอหลีกขบวนรถ","due to Passing construction site, Wait for track cleared"
2025-04-04,บ้านโป่ง,Ban Pong,3,3,18:08,18:11,18:09,18:12,"เนื่องจากผ่านพื้นที่ก่อสร้าง, รอหลีกขบวนรถ","due to Passing construction site, Wait for track cleared"
2025-04-04,ราชบุรี,Ratchaburi,3,0,18:37,18:40,18:47,18:47,"เนื่องจากผ่านพื้นที่ก่อสร้าง, รอหลีกขบวนรถ","due to Passing construction site, Wait for track cleared"
2025-04-04,เพชรบุรี,Phetchaburi,-4,0,19:30,19:26,19:31,19:31,"เนื่องจากผ่านพื้นที่ก่อสร้าง, รอหลีกขบวนรถ","due to Passing construction site, Wait for track cleared"
2025-04-04,หัวหิน,Hua Hin,5,3,20:20,20:25,20:25,20:28,"เนื่องจากผ่านพื้นที่ก่อสร้าง, รอหลีกขบวนรถ","due to Passing construction site, Wait for track cleared"
2025-04-04,ประจวบคีรีขันธ์,Prachuap Khiri Khan,-2,0,21:40,21:38,21:41,21:41,"เนื่องจากผ่านพื้นที่ก่อสร้าง, รอหลีกขบวนรถ","due to Passing construction site, Wait for track cleared"
2025-04-04,ชุมพร,Chumphon,25,28,23:55,00:20,00:05,00:33,"เนื่องจากผ่านพื้นที่ก่อสร้าง, รอหลีกขบวนรถ","due to Passing construction site, Wait for track cleared"
2025-04-04,สุราษฎร์ธานี,Surat Thani,59,59,02:20,03:19,02:23,03:22,"เนื่องจากผ่านพื้นที่ก่อสร้าง, รอหลีกขบวนรถ","due to Passing construction site, Wait for track cleared"
2025-04-04,ชุมทางทุ่งสง,Thung Song Junction,52,52,04:08,05:00,04:18,05:10,"เนื่องจากผ่านพื้นที่ก่อสร้าง, รอหลีกขบวนรถ","due to Passing construction site, Wait for track cleared"
2025-04-04,พัทลุง,Phatthalung,39,39,05:51,06:30,05:53,06:32,"เนื่องจากผ่านพื้นที่ก่อสร้าง, รอหลีกขบวนรถ","due to Passing construction site, Wait for track cleared"
2025-04-04,ชุมทางหาดใหญ่,Hat Yai Junction,43,43,07:05,07:48,07:05,07:48,"เนื่องจากผ่านพื้นที่ก่อสร้าง, รอหลีกขบวนรถ","due to Passing construction site, Wait for track cleared"
2025-04-05,กรุงเทพอภิวัฒน์,Bangkok (Krung Thep Aphiwat),-11,0,16:30,16:19,16:50,16:50,,
2025-04-05,บางบำหรุ,Bang Bamru,0,0,17:01,17:01,17:02,17:02,,
2025-04-05,ศาลายา,Sala Ya,0,0,17:22,17:22,17:23,17:23,,
2025-04-05,นครปฐม,Nakhon Pathom,0,0,17:48,17:48,17:50,17:50,,
2025-04-05,บ้านโป่ง,Ban Pong,1,1,18:08,18:09,18:09,18:10,,
2025-04-05,ราชบุรี,Ratchaburi,0,0,18:37,18:37,18:47,18:47,,
2025-04-05,เพชรบุรี,Phetchaburi,-7,0,19:30,19:23,19:31,19:31,,
2025-04-05,หัวหิน,Hua Hin,0,0,20:20,20:20,20:25,20:25,,
2025-04-05,ประจวบคีรีขันธ์,Prachuap Khiri Khan,-7,0,21:40,21:33,21:41,21:41,,
2025-04-05,ชุมพร,Chumphon,30,28,23:55,00:25,00:05,00:33,,
2025-04-05,สุราษฎร์ธานี,Surat Thani,38,38,02:20,02:58,02:23,03:01,,
2025-04-05,ชุมทางทุ่งสง,Thung Song Junction,24,22,04:08,04:32,04:18,04:40,,
2025-04-05,พัทลุง,Phatthalung,10,10,05:51,06:01,05:53,06:03,,
2025-04-05,ชุมทางหาดใหญ่,Hat Yai Junction,8,8,07:05,07:13,07:05,07:13,,
2025-04-06,กรุงเทพอภิวัฒน์,Bangkok (Krung Thep Aphiwat),-20,0,16:30,16:10,16:50,16:50,,
2025-04-06,บางบำหรุ,Bang Bamru,1,1,17:01,17:02,17:02,17:03,,
2025-04-06,ศาลายา,Sala Ya,0,0,17:22,17:22,17:23,17:23,,
2025-04-06,นครปฐม,Nakhon Pathom,2,2,17:48,17:50,17:50,17:52,,
2025-04-06,บ้านโป่ง,Ban Pong,2,2,18:08,18:10,18:09,18:11,,
2025-04-06,ราชบุรี,Ratchaburi,1,0,18:37,18:38,18:47,18:47,,
2025-04-06,เพชรบุรี,Phetchaburi,-5,0,19:30,19:25,19:31,19:31,,
2025-04-06,หัวหิน,Hua Hin,0,0,20:20,20:20,20:25,20:25,,
2025-04-06,ประจวบคีรีขันธ์,Prachuap Khiri Khan,-7,0,21:40,21:33,21:41,21:41,,
2025-04-06,ชุมพร,Chumphon,29,28,23:55,00:24,00:05,00:33,,
2025-04-06,สุราษฎร์ธานี,Surat Thani,25,25,02:20,02:45,02:23,02:48,,
2025-04-06,ชุมทางทุ่งสง,Thung Song Junction,12,12,04:08,04:20,04:18,04:30,,
2025-04-06,พัทลุง,Phatthalung,3,4,05:51,05:54,05:53,05:57,,
2025-04-06,ชุมทางหาดใหญ่,Hat Yai Junction,13,13,07:05,07:18,07:05,07:18,,
2025-04-07,กรุงเทพอภิวัฒน์,Bangkok (Krung Thep Aphiwat),-11,0,16:30,16:19,16:50,16:50,"เนื่องจากผ่านพื้นที่ก่อสร้าง, รอหลีกขบวนรถ","due to Passing construction site, Wait for track cleared"
2025-04-07,บางบำหรุ,Bang Bamru,0,0,17:01,17:01,17:02,17:02,"เนื่องจากผ่านพื้นที่ก่อสร้าง, รอหลีกขบวนรถ","due to Passing construction site, Wait for track cleared"
2025-04-07,ศาลายา,Sala Ya,0,0,17:22,17:22,17:23,17:23,"เนื่องจากผ่านพื้นที่ก่อสร้าง, รอหลีกขบวนรถ","due to Passing construction site, Wait for track cleared"
2025-04-07,นครปฐม,Nakhon Pathom,2,2,17:48,17:50,17:50,17:52,"เนื่องจากผ่านพื้นที่ก่อสร้าง, รอหลีกขบวนรถ","due to Passing construction site, Wait for track cleared"
2025-04-07,บ้านโป่ง,Ban Pong,3,3,18:08,18:11,18:09,18:12,"เนื่องจากผ่านพื้นที่ก่อสร้าง, รอหลีกขบวนรถ","due to Passing construction site, Wait for track cleared"
2025-04-07,ราชบุรี,Ratchaburi,0,0,18:37,18:37,18:47,18:47,"เนื่องจากผ่านพื้นที่ก่อสร้าง, รอหลีกขบวนรถ","due to Passing construction site, Wait for track cleared"
2025-04-07,เพชรบุรี,Phetchaburi,-6,0,19:30,19:24,19:31,19:31,"เนื่องจากผ่านพื้นที่ก่อสร้าง, รอหลีกขบวนรถ","due to Passing construction site, Wait for track cleared"
2025-04-07,หัวหิน,Hua Hin,-3,0,20:20,20:17,20:25,20:25,"เนื่องจากผ่านพื้นที่ก่อสร้าง, รอหลีกขบวนรถ","due to Passing construction site, Wait for track cleared"
2025-04-07,ประจวบคีรีขันธ์,Prachuap Khiri Khan,-11,0,21:40,21:29,21:41,21:41,"เนื่องจากผ่านพื้นที่ก่อสร้าง, รอหลีกขบวนรถ","due to Passing construction site, Wait for track cleared"
2025-04-07,ชุมพร,Chumphon,23,25,23:55,00:18,00:05,00:30,"เนื่องจากผ่านพื้นที่ก่อสร้าง, รอหลีกขบวนรถ","due to Passing construction site, Wait for track cleared"
2025-04-07,สุราษฎร์ธานี,Surat Thani,41,41,02:20,03:01,02:23,03:04,"เนื่องจากผ่านพื้นที่ก่อสร้าง, รอหลีกขบวนรถ","due to Passing construction site, Wait for track cleared"
2025-04-07,ชุมทางทุ่งสง,Thung Song Junction,34,34,04:08,04:42,04:18,04:52,"เนื่องจากผ่านพื้นที่ก่อสร้าง, รอหลีกขบวนรถ","due to Passing construction site, Wait for track cleared"
2025-04-07,พัทลุง,Phatthalung,31,31,05:51,06:22,05:53,06:24,"เนื่องจากผ่านพื้นที่ก่อสร้าง, รอหลีกขบวนรถ","due to Passing construction site, Wait for track cleared"
2025-04-07,ชุมทางหาดใหญ่,Hat Yai Junction,40,40,07:05,07:45,07:05,07:45,"เนื่องจากผ่านพื้นที่ก่อสร้าง, รอหลีกขบวนรถ","due to Passing construction site, Wait for track cleared"
2025-04-08,กรุงเทพอภิวัฒน์,Bangkok (Krung Thep Aphiwat),-12,0,16:30,16:18,16:50,16:50,,
2025-04-08,บางบำหรุ,Bang Bamru,0,0,17:01,17:01,17:02,17:02,,
2025-04-08,ศาลายา,Sala Ya,0,0,17:22,17:22,17:23,17:23,,
2025-04-08,นครปฐม,Nakhon Pathom,0,0,17:48,17:48,17:50,17:50,,
2025-04-08,บ้านโป่ง,Ban Pong,2,2,18:08,18:10,18:09,18:11,,
2025-04-08,ราชบุรี,Ratchaburi,0,0,18:37,18:37,18:47,18:47,,
2025-04-08,เพชรบุรี,Phetchaburi,-5,0,19:30,19:25,19:31,19:31,,
2025-04-08,หัวหิน,Hua Hin,0,0,20:20,20:20,20:25,20:25,,
2025-04-08,ประจวบคีรีขันธ์,Prachuap Khiri Khan,0,0,21:40,21:40,21:41,21:41,,
2025-04-08,ชุมพร,Chumphon,33,33,23:55,00:28,00:05,00:38,,
2025-04-08,สุราษฎร์ธานี,Surat Thani,36,36,02:20,02:56,02:23,02:59,,
2025-04-08,ชุมทางทุ่งสง,Thung Song Junction,34,33,04:08,04:42,04:18,04:51,,
2025-04-08,พัทลุง,Phatthalung,26,26,05:51,06:17,05:53,06:19,,
2025-04-08,ชุมทางหาดใหญ่,Hat Yai Junction,20,20,07:05,07:25,07:05,07:25,,
2025-04-09,กรุงเทพอภิวัฒน์,Bangkok (Krung Thep Aphiwat),-12,0,16:30,16:18,16:50,16:50,,
2025-04-09,บางบำหรุ,Bang Bamru,0,0,17:01,17:01,17:02,17:02,,
2025-04-09,ศาลายา,Sala Ya,0,0,17:22,17:22,17:23,17:23,,
2025-04-09,นครปฐม,Nakhon Pathom,0,0,17:48,17:48,17:50,17:50,,
2025-04-09,บ้านโป่ง,Ban Pong,1,1,18:08,18:09,18:09,18:10,,
2025-04-09,ราชบุรี,Ratchaburi,0,0,18:37,18:37,18:47,18:47,,
2025-04-09,เพชรบุรี,Phetchaburi,-6,0,19:30,19:24,19:31,19:31,,
2025-04-09,หัวหิน,Hua Hin,-2,0,20:20,20:18,20:25,20:25,,
2025-04-09,ประจวบคีรีขันธ์,Prachuap Khiri Khan,-4,0,21:40,21:36,21:41,21:41,,
2025-04-09,ชุมพร,Chumphon,16,16,23:55,00:11,00:05,00:21,,
2025-04-09,สุราษฎร์ธานี,Surat Thani,22,22,02:20,02:42,02:23,02:45,,
2025-04-09,ชุมทางทุ่งสง,Thung Song Junction,21,19,04:08,04:29,04:18,04:37,,
2025-04-09,พัทลุง,Phatthalung,5,5,05:51,05:56,05:53,05:58,,
2025-04-09,ชุมทางหาดใหญ่,Hat Yai Junction,5,5,07:05,07:10,07:05,07:10,,
2025-04-10,กรุงเทพอภิวัฒน์,Bangkok (Krung Thep Aphiwat),-11,0,16:30,16:19,16:50,16:50,,
2025-04-10,บางบำหรุ,Bang Bamru,0,0,17:01,17:01,17:02,17:02,,
2025-04-10,ศาลายา,Sala Ya,0,0,17:22,17:22,17:23,17:23,,
2025-04-10,นครปฐม,Nakhon Pathom,3,3,17:48,17:51,17:50,17:53,,
2025-04-10,บ้านโป่ง,Ban Pong,4,4,18:08,18:12,18:09,18:13,,
2025-04-10,ราชบุรี,Ratchaburi,0,0,18:37,18:37,18:47,18:47,,
2025-04-10,เพชรบุรี,Phetchaburi,-6,0,19:30,19:24,19:31,19:31,,
2025-04-10,หัวหิน,Hua Hin,2,0,20:20,20:22,20:25,20:25,,
2025-04-10,ประจวบคีรีขันธ์,Prachuap Khiri Khan,-7,0,21:40,21:33,21:41,21:41,,
2025-04-10,ชุมพร,Chumphon,2,2,23:55,23:57,00:05,00:07,,
2025-04-10,สุราษฎร์ธานี,Surat Thani,31,31,02:20,02:51,02:23,02:54,,
2025-04-10,ชุมทางทุ่งสง,Thung Song Junction,23,24,04:08,04:31,04:18,04:42,,
2025-04-10,พัทลุง,Phatthalung,14,14,05:51,06:05,05:53,06:07,,
2025-04-10,ชุมทางหาดใหญ่,Hat Yai Junction,15,15,07:05,07:20,07:05,07:20,,
2025-04-11,กรุงเทพอภิวัฒน์,Bangkok (Krung Thep Aphiwat),-10,0,16:30,16:20,16:50,16:50,,
2025-04-11,บางบำหรุ,Bang Bamru,0,0,17:01,17:01,17:02,17:02,,
2025-04-11,ศาลายา,Sala Ya,0,0,17:22,17:22,17:23,17:23,,
2025-04-11,นครปฐม,Nakhon Pathom,2,2,17:48,17:50,17:50,17:52,,
2025-04-11,บ้านโป่ง,Ban Pong,5,5,18:08,18:13,18:09,18:14,,
2025-04-11,ราชบุรี,Ratchaburi,6,0,18:37,18:43,18:47,18:47,,
2025-04-11,เพชรบุรี,Phetchaburi,-4,0,19:30,19:26,19:31,19:31,,
2025-04-11,หัวหิน,Hua Hin,3,2,20:20,20:23,20:25,20:27,,
2025-04-11,ประจวบคีรีขันธ์,Prachuap Khiri Khan,-6,0,21:40,21:34,21:41,21:41,,
2025-04-11,ชุมพร,Chumphon,0,0,23:55,23:55,00:05,00:05,,
2025-04-11,สุราษฎร์ธานี,Surat Thani,26,26,02:20,02:46,02:23,02:49,,
2025-04-11,ชุมทางทุ่งสง,Thung Song Junction,30,27,04:08,04:38,04:18,04:45,,
2025-04-11,พัทลุง,Phatthalung,16,16,05:51,06:07,05:53,06:09,,
2025-04-11,ชุมทางหาดใหญ่,Hat Yai Junction,18,18,07:05,07:23,07:05,07:23,,
2025-04-12,กรุงเทพอภิวัฒน์,Bangkok (Krung Thep Aphiwat),-10,0,16:30,16:20,16:50,16:50,,
2025-04-12,บางบำหรุ,Bang Bamru,0,0,17:01,17:01,17:02,17:02,,
2025-04-12,ศาลายา,Sala Ya,0,0,17:22,17:22,17:23,17:23,,
2025-04-12,นครปฐม,Nakhon Pathom,0,0,17:48,17:48,17:50,17:50,,
2025-04-12,บ้านโป่ง,Ban Pong,0,0,18:08,18:08,18:09,18:09,,
2025-04-12,ราชบุรี,Ratchaburi,-2,0,18:37,18:35,18:47,18:47,,
2025-04-12,เพชรบุรี,Phetchaburi,-5,0,19:30,19:25,19:31,19:31,,
2025-04-12,หัวหิน,Hua Hin,0,0,20:20,20:20,20:25,20:25,,
2025-04-12,ประจวบคีรีขันธ์,Prachuap Khiri Khan,-7,3,21:40,21:33,21:41,21:44,,
2025-04-12,ชุมพร,Chumphon,0,2,23:55,23:55,00:05,00:07,,
2025-04-12,สุราษฎร์ธานี,Surat Thani,45,45,02:20,03:05,02:23,03:08,,
2025-04-12,ชุมทางทุ่งสง,Thung Song Junction,30,28,04:08,04:38,04:18,04:46,,
2025-04-12,พัทลุง,Phatthalung,16,16,05:51,06:07,05:53,06:09,,
2025-04-12,ชุมทางหาดใหญ่,Hat Yai Junction,15,15,07:05,07:20,07:05,07:20,,
2025-04-13,กรุงเทพอภิวัฒน์,Bangkok (Krung Thep Aphiwat),-6,0,16:30,16:24,16:50,16:50,,
2025-04-13,บางบำหรุ,Bang Bamru,0,0,17:01,17:01,17:02,17:02,,
2025-04-13,ศาลายา,Sala Ya,0,0,17:22,17:22,17:23,17:23,,
2025-04-13,นครปฐม,Nakhon Pathom,1,1,17:48,17:49,17:50,17:51,,
2025-04-13,บ้านโป่ง,Ban Pong,1,1,18:08,18:09,18:09,18:10,,
2025-04-13,ราชบุรี,Ratchaburi,-3,0,18:37,18:34,18:47,18:47,,
2025-04-13,เพชรบุรี,Phetchaburi,-8,0,19:30,19:22,19:31,19:31,,
2025-04-13,หัวหิน,Hua Hin,-2,0,20:20,20:18,20:25,20:25,,
2025-04-13,ประจวบคีรีขันธ์,Prachuap Khiri Khan,-9,0,21:40,21:31,21:41,21:41,,
2025-04-13,ชุมพร,Chumphon,-6,3,23:55,23:49,00:05,00:08,,
2025-04-13,สุราษฎร์ธานี,Surat Thani,22,22,02:20,02:42,02:23,02:45,,
2025-04-13,ชุมทางทุ่งสง,Thung Song Junction,19,16,04:08,04:27,04:18,04:34,,
2025-04-13,พัทลุง,Phatthalung,9,10,05:51,06:00,05:53,06:03,,
2025-04-13,ชุมทางหาดใหญ่,Hat Yai Junction,5,5,07:05,07:10,07:05,07:10,,
2025-04-14,กรุงเทพอภิวัฒน์,Bangkok (Krung Thep Aphiwat),-21,0,16:30,16:09,16:50,16:50,,
2025-04-14,บางบำหรุ,Bang Bamru,0,1,17:01,17:01,17:02,17:03,,
2025-04-14,ศาลายา,Sala Ya,0,0,17:22,17:22,17:23,17:23,,
2025-04-14,นครปฐม,Nakhon Pathom,2,2,17:48,17:50,17:50,17:52,,
2025-04-14,บ้านโป่ง,Ban Pong,3,3,18:08,18:11,18:09,18:12,,
2025-04-14,ราชบุรี,Ratchaburi,2,0,18:37,18:39,18:47,18:47,,
2025-04-14,เพชรบุรี,Phetchaburi,-4,0,19:30,19:26,19:31,19:31,,
2025-04-14,หัวหิน,Hua Hin,2,0,20:20,20:22,20:25,20:25,,
2025-04-14,ประจวบคีรีขันธ์,Prachuap Khiri Khan,-10,0,21:40,21:30,21:41,21:41,,
2025-04-14,ชุมพร,Chumphon,-9,0,23:55,23:46,00:05,00:05,,
2025-04-14,สุราษฎร์ธานี,Surat Thani,19,19,02:20,02:39,02:23,02:42,,
2025-04-14,ชุมทางทุ่งสง,Thung Song Junction,10,10,04:08,04:18,04:18,04:28,,
2025-04-14,พัทลุง,Phatthalung,0,0,05:51,05:51,05:53,05:53,,
2025-04-14,ชุมทางหาดใหญ่,Hat Yai Junction,0,0,07:05,07:05,07:05,07:05,,
2025-04-15,กรุงเทพอภิวัฒน์,Bangkok (Krung Thep Aphiwat),-21,0,16:30,16:09,16:50,16:50,"เนื่องจากรอทาง, รอหลีกขบวนรถ","due to Wait for track cleared, Wait for track cleared"
2025-04-15,บางบำหรุ,Bang Bamru,0,0,17:01,17:01,17:02,17:02,"เนื่องจากรอทาง, รอหลีกขบวนรถ","due to Wait for track cleared, Wait for track cleared"
2025-04-15,ศาลายา,Sala Ya,0,0,17:22,17:22,17:23,17:23,"เนื่องจากรอทาง, รอหลีกขบวนรถ","due to Wait for track cleared, Wait for track cleared"
2025-04-15,นครปฐม,Nakhon Pathom,0,0,17:48,17:48,17:50,17:50,"เนื่องจากรอทาง, รอหลีกขบวนรถ","due to Wait for track cleared, Wait for track cleared"
2025-04-15,บ้านโป่ง,Ban Pong,1,1,18:08,18:09,18:09,18:10,"เนื่องจากรอทาง, รอหลีกขบวนรถ","due to Wait for track cleared, Wait for track cleared"
2025-04-15,ราชบุรี,Ratchaburi,-1,0,18:37,18:36,18:47,18:47,"เนื่องจากรอทาง, รอหลีกขบวนรถ","due to Wait for track cleared, Wait for track cleared"
2025-04-15,เพชรบุรี,Phetchaburi,-7,0,19:30,19:23,19:31,19:31,"เนื่องจากรอทาง, รอหลีกขบวนรถ","due to Wait for track cleared, Wait for track cleared"
2025-04-15,หัวหิน,Hua Hin,0,0,20:20,20:20,20:25,20:25,"เนื่องจากรอทาง, รอหลีกขบวนรถ","due to Wait for track cleared, Wait for track cleared"
2025-04-15,ประจวบคีรีขันธ์,Prachuap Khiri Khan,-15,0,21:40,21:25,21:41,21:41,"เนื่องจากรอทาง, รอหลีกขบวนรถ","due to Wait for track cleared, Wait for track cleared"
2025-04-15,ชุมพร,Chumphon,-3,0,23:55,23:52,00:05,00:05,"เนื่องจากรอทาง, รอหลีกขบวนรถ","due to Wait for track cleared, Wait for track cleared"
2025-04-15,สุราษฎร์ธานี,Surat Thani,29,29,02:20,02:49,02:23,02:52,"เนื่องจากรอทาง, รอหลีกขบวนรถ","due to Wait for track cleared, Wait for track cleared"
2025-04-15,ชุมทางทุ่งสง,Thung Song Junction,33,31,04:08,04:41,04:18,04:49,"เนื่องจากรอทาง, รอหลีกขบวนรถ","due to Wait for track cleared, Wait for track cleared"
2025-04-15,พัทลุง,Phatthalung,35,35,05:51,06:26,05:53,06:28,"เนื่องจากรอทาง, รอหลีกขบวนรถ","due to Wait for track cleared, Wait for track cleared"
2025-04-15,ชุมทางหาดใหญ่,Hat Yai Junction,31,31,07:05,07:36,07:05,07:36,"เนื่องจากรอทาง, รอหลีกขบวนรถ","due to Wait for track cleared, Wait for track cleared"
2025-04-16,กรุงเทพอภิวัฒน์,Bangkok (Krung Thep Aphiwat),-21,0,16:30,16:09,16:50,16:50,,
2025-04-16,บางบำหรุ,Bang Bamru,0,0,17:01,17:01,17:02,17:02,,
2025-04-16,ศาลายา,Sala Ya,0,0,17:22,17:22,17:23,17:23,,
2025-04-16,นครปฐม,Nakhon Pathom,-1,0,17:48,17:47,17:50,17:50,,
2025-04-16,บ้านโป่ง,Ban Pong,1,1,18:08,18:09,18:09,18:10,,
2025-04-16,ราชบุรี,Ratchaburi,0,0,18:37,18:37,18:47,18:47,,
2025-04-16,เพชรบุรี,Phetchaburi,-5,0,19:30,19:25,19:31,19:31,,
2025-04-16,หัวหิน,Hua Hin,1,0,20:20,20:21,20:25,20:25,,
2025-04-16,ประจวบคีรีขันธ์,Prachuap Khiri Khan,-12,0,21:40,21:28,21:41,21:41,,
2025-04-16,ชุมพร,Chumphon,-3,4,23:55,23:52,00:05,00:09,,
2025-04-16,สุราษฎร์ธานี,Surat Thani,18,18,02:20,02:38,02:23,02:41,,
2025-04-16,ชุมทางทุ่งสง,Thung Song Junction,10,10,04:08,04:18,04:18,04:28,,
2025-04-16,พัทลุง,Phatthalung,0,2,05:51,05:51,05:53,05:55,,
2025-04-16,ชุมทางหาดใหญ่,Hat Yai Junction,0,0,07:05,07:05,07:05,07:05,,
2025-04-17,กรุงเทพอภิวัฒน์,Bangkok (Krung Thep Aphiwat),-11,0,16:30,16:19,16:50,16:50,"เนื่องจากผ่านพื้นที่ก่อสร้าง, รอหลีกขบวนรถ","due to Passing construction site, Wait for track cleared"
2025-04-17,บางบำหรุ,Bang Bamru,0,0,17:01,17:01,17:02,17:02,"เนื่องจากผ่านพื้นที่ก่อสร้าง, รอหลีกขบวนรถ","due to Passing construction site, Wait for track cleared"
2025-04-17,ศาลายา,Sala Ya,0,0,17:22,17:22,17:23,17:23,"เนื่องจากผ่านพื้นที่ก่อสร้าง, รอหลีกขบวนรถ","due to Passing construction site, Wait for track cleared"
2025-04-17,นครปฐม,Nakhon Pathom,2,2,17:48,17:50,17:50,17:52,"เนื่องจากผ่านพื้นที่ก่อสร้าง, รอหลีกขบวนรถ","due to Passing construction site, Wait for track cleared"
2025-04-17,บ้านโป่ง,Ban Pong,3,3,18:08,18:11,18:09,18:12,"เนื่องจากผ่านพื้นที่ก่อสร้าง, รอหลีกขบวนรถ","due to Passing construction site, Wait for track cleared"
2025-04-17,ราชบุรี,Ratchaburi,1,0,18:37,18:38,18:47,18:47,"เนื่องจากผ่านพื้นที่ก่อสร้าง, รอหลีกขบวนรถ","due to Passing construction site, Wait for track cleared"
2025-04-17,เพชรบุรี,Phetchaburi,-5,0,19:30,19:25,19:31,19:31,"เนื่องจากผ่านพื้นที่ก่อสร้าง, รอหลีกขบวนรถ","due to Passing construction site, Wait for track cleared"
2025-04-17,หัวหิน,Hua Hin,11,9,20:20,20:31,20:25,20:34,"เนื่องจากผ่านพื้นที่ก่อสร้าง, รอหลีกขบวนรถ","due to Passing construction site, Wait for track cleared"
2025-04-17,ประจวบคีรีขันธ์,Prachuap Khiri Khan,0,0,21:40,21:40,21:41,21:41,"เนื่องจากผ่านพื้นที่ก่อสร้าง, รอหลีกขบวนรถ","due to Passing construction site, Wait for track cleared"
2025-04-17,ชุมพร,Chumphon,14,14,23:55,00:09,00:05,00:19,"เนื่องจากผ่านพื้นที่ก่อสร้าง, รอหลีกขบวนรถ","due to Passing construction site, Wait for track cleared"
2025-04-17,สุราษฎร์ธานี,Surat Thani,57,57,02:20,03:17,02:23,03:20,"เนื่องจากผ่านพื้นที่ก่อสร้าง, รอหลีกขบวนรถ","due to Passing construction site, Wait for track cleared"
2025-04-17,ชุมทางทุ่งสง,Thung Song Junction,56,53,04:08,05:04,04:18,05:11,"เนื่องจากผ่านพื้นที่ก่อสร้าง, รอหลีกขบวนรถ","due to Passing construction site, Wait for track cleared"
2025-04-17,พัทลุง,Phatthalung,42,43,05:51,06:33,05:53,06:36,"เนื่องจากผ่านพื้นที่ก่อสร้าง, รอหลีกขบวนรถ","due to Passing construction site, Wait for track cleared"
2025-04-17,ชุมทางหาดใหญ่,Hat Yai Junction,40,40,07:05,07:45,07:05,07:45,"เนื่องจากผ่านพื้นที่ก่อสร้าง, รอหลีกขบวนรถ","due to Passing construction site, Wait for track cleared"
2025-04-18,กรุงเทพอภิวัฒน์,Bangkok (Krung Thep Aphiwat),-10,0,16:30,16:20,16:50,16:50,,
2025-04-18,บางบำหรุ,Bang Bamru,0,0,17:01,17:01,17:02,17:02,,
2025-04-18,ศาลายา,Sala Ya,0,0,17:22,17:22,17:23,17:23,,
2025-04-18,นครปฐม,Nakhon Pathom,1,1,17:48,17:49,17:50,17:51,,
2025-04-18,บ้านโป่ง,Ban Pong,2,2,18:08,18:10,18:09,18:11,,
2025-04-18,ราชบุรี,Ratchaburi,0,0,18:37,18:37,18:47,18:47,,
2025-04-18,เพชรบุรี,Phetchaburi,-5,0,19:30,19:25,19:31,19:31,,
2025-04-18,หัวหิน,Hua Hin,0,0,20:20,20:20,20:25,20:25,,
2025-04-18,ประจวบคีรีขันธ์,Prachuap Khiri Khan,-8,0,21:40,21:32,21:41,21:41,,
2025-04-18,ชุมพร,Chumphon,-3,8,23:55,23:52,00:05,00:13,,
2025-04-18,สุราษฎร์ธานี,Surat Thani,19,19,02:20,02:39,02:23,02:42,,
2025-04-18,ชุมทางทุ่งสง,Thung Song Junction,14,13,04:08,04:22,04:18,04:31,,
2025-04-18,พัทลุง,Phatthalung,0,0,05:51,05:51,05:53,05:53,,
2025-04-18,ชุมทางหาดใหญ่,Hat Yai Junction,0,0,07:05,07:05,07:05,07:05,,
2025-04-19,กรุงเทพอภิวัฒน์,Bangkok (Krung Thep Aphiwat),-12,0,16:30,16:18,16:50,16:50,,
2025-04-19,บางบำหรุ,Bang Bamru,2,2,17:01,17:03,17:02,17:04,,
2025-04-19,ศาลายา,Sala Ya,1,1,17:22,17:23,17:23,17:24,,
2025-04-19,นครปฐม,Nakhon Pathom,4,4,17:48,17:52,17:50,17:54,,
2025-04-19,บ้านโป่ง,Ban Pong,6,6,18:08,18:14,18:09,18:15,,
2025-04-19,ราชบุรี,Ratchaburi,6,0,18:37,18:43,18:47,18:47,,
2025-04-19,เพชรบุรี,Phetchaburi,-4,0,19:30,19:26,19:31,19:31,,
2025-04-19,หัวหิน,Hua Hin,3,0,20:20,20:23,20:25,20:25,,
2025-04-19,ประจวบคีรีขันธ์,Prachuap Khiri Khan,-10,0,21:40,21:30,21:41,21:41,,
2025-04-19,ชุมพร,Chumphon,3,5,23:55,23:58,00:05,00:10,,
2025-04-19,สุราษฎร์ธานี,Surat Thani,18,18,02:20,02:38,02:23,02:41,,
2025-04-19,ชุมทางทุ่งสง,Thung Song Junction,11,8,04:08,04:19,04:18,04:26,,
2025-04-19,พัทลุง,Phatthalung,0,0,05:51,05:51,05:53,05:53,,
2025-04-19,ชุมทางหาดใหญ่,Hat Yai Junction,4,4,07:05,07:09,07:05,07:09,,
2025-04-20,กรุงเทพอภิวัฒน์,Bangkok (Krung Thep Aphiwat),-12,0,16:30,16:18,16:50,16:50,,
2025-04-20,บางบำหรุ,Bang Bamru,0,0,17:01,17:01,17:02,17:02,,
2025-04-20,ศาลายา,Sala Ya,0,0,17:22,17:22,17:23,17:23,,
2025-04-20,นครปฐม,Nakhon Pathom,0,0,17:48,17:48,17:50,17:50,,
2025-04-20,บ้านโป่ง,Ban Pong,2,2,18:08,18:10,18:09,18:11,,
2025-04-20,ราชบุรี,Ratchaburi,0,0,18:37,18:37,18:47,18:47,,
2025-04-20,เพชรบุรี,Phetchaburi,-2,0,19:30,19:28,19:31,19:31,,
2025-04-20,หัวหิน,Hua Hin,0,0,20:20,20:20,20:25,20:25,,
2025-04-20,ประจวบคีรีขันธ์,Prachuap Khiri Khan,-12,0,21:40,21:28,21:41,21:41,,
2025-04-20,ชุมพร,Chumphon,-3,0,23:55,23:52,00:05,00:05,,
2025-04-20,สุราษฎร์ธานี,Surat Thani,37,37,02:20,02:57,02:23,03:00,,
2025-04-20,ชุมทางทุ่งสง,Thung Song Junction,40,40,04:08,04:48,04:18,04:58,,
2025-04-20,พัทลุง,Phatthalung,27,28,05:51,06:18,05:53,06:21,,
2025-04-20,ชุมทางหาดใหญ่,Hat Yai Junction,20,20,07:05,07:25,07:05,07:25,,
2025-04-21,กรุงเทพอภิวัฒน์,Bangkok (Krung Thep Aphiwat),-10,15,16:30,16:20,16:50,17:05,,
2025-04-21,บางบำหรุ,Bang Bamru,16,16,17:01,17:17,17:02,17:18,,
2025-04-21,ศาลายา,Sala Ya,15,15,17:22,17:37,17:23,17:38,,
2025-04-21,นครปฐม,Nakhon Pathom,15,15,17:48,18:03,17:50,18:05,,
2025-04-21,บ้านโป่ง,Ban Pong,14,14,18:08,18:22,18:09,18:23,,
2025-04-21,ราชบุรี,Ratchaburi,12,5,18:37,18:49,18:47,18:52,,
2025-04-21,เพชรบุรี,Phetchaburi,-2,1,19:30,19:28,19:31,19:32,,
2025-04-21,หัวหิน,Hua Hin,0,0,20:20,20:20,20:25,20:25,,
2025-04-21,ประจวบคีรีขันธ์,Prachuap Khiri Khan,-8,0,21:40,21:32,21:41,21:41,,
2025-04-21,ชุมพร,Chumphon,-4,0,23:55,23:51,00:05,00:05,,
2025-04-21,สุราษฎร์ธานี,Surat Thani,20,20,02:20,02:40,02:23,02:43,,
2025-04-21,ชุมทางทุ่งสง,Thung Song Junction,17,15,04:08,04:25,04:18,04:33,,
2025-04-21,พัทลุง,Phatthalung,1,1,05:51,05:52,05:53,05:54,,
2025-04-21,ชุมทางหาดใหญ่,Hat Yai Junction,0,0,07:05,07:05,07:05,07:05,,
2025-04-22,กรุงเทพอภิวัฒน์,Bangkok (Krung Thep Aphiwat),-11,0,16:30,16:19,16:50,16:50,,
2025-04-22,บางบำหรุ,Bang Bamru,0,0,17:01,17:01,17:02,17:02,,
2025-04-22,ศาลายา,Sala Ya,0,0,17:22,17:22,17:23,17:23,,
2025-04-22,นครปฐม,Nakhon Pathom,0,0,17:48,17:48,17:50,17:50,,
2025-04-22,บ้านโป่ง,Ban Pong,0,0,18:08,18:08,18:09,18:09,,
2025-04-22,ราชบุรี,Ratchaburi,0,0,18:37,18:37,18:47,18:47,,
2025-04-22,เพชรบุรี,Phetchaburi,-5,0,19:30,19:25,19:31,19:31,,
2025-04-22,หัวหิน,Hua Hin,0,0,20:20,20:20,20:25,20:25,,
2025-04-22,ประจวบคีรีขันธ์,Prachuap Khiri Khan,-9,0,21:40,21:31,21:41,21:41,,
2025-04-22,ชุมพร,Chumphon,4,2,23:55,23:59,00:05,00:07,,
2025-04-22,สุราษฎร์ธานี,Surat Thani,23,23,02:20,02:43,02:23,02:46,,
2025-04-22,ชุมทางทุ่งสง,Thung Song Junction,34,32,04:08,04:42,04:18,04:50,,
2025-04-22,พัทลุง,Phatthalung,25,25,05:51,06:16,05:53,06:18,,
2025-04-22,ชุมทางหาดใหญ่,Hat Yai Junction,20,20,07:05,07:25,07:05,07:25,,
2025-04-23,กรุงเทพอภิวัฒน์,Bangkok (Krung Thep Aphiwat),-11,0,16:30,16:19,16:50,16:50,,
2025-04-23,บางบำหรุ,Bang Bamru,0,0,17:01,17:01,17:02,17:02,,
2025-04-23,ศาลายา,Sala Ya,0,0,17:22,17:22,17:23,17:23,,
2025-04-23,นครปฐม,Nakhon Pathom,0,0,17:48,17:48,17:50,17:50,,
2025-04-23,บ้านโป่ง,Ban Pong,1,1,18:08,18:09,18:09,18:10,,
2025-04-23,ราชบุรี,Ratchaburi,0,0,18:37,18:37,18:47,18:47,,
2025-04-23,เพชรบุรี,Phetchaburi,-5,0,19:30,19:25,19:31,19:31,,
2025-04-23,หัวหิน,Hua Hin,0,0,20:20,20:20,20:25,20:25,,
2025-04-23,ประจวบคีรีขันธ์,Prachuap Khiri Khan,-6,0,21:40,21:34,21:41,21:41,,
2025-04-23,ชุมพร,Chumphon,1,0,23:55,23:56,00:05,00:05,,
2025-04-23,สุราษฎร์ธานี,Surat Thani,11,11,02:20,02:31,02:23,02:34,,
2025-04-23,ชุมทางทุ่งสง,Thung Song Junction,10,8,04:08,04:18,04:18,04:26,,
2025-04-23,พัทลุง,Phatthalung,2,3,05:51,05:53,05:53,05:56,,
2025-04-23,ชุมทางหาดใหญ่,Hat Yai Junction,0,0,07:05,07:05,07:05,07:05,,
2025-04-24,กรุงเทพอภิวัฒน์,Bangkok (Krung Thep Aphiwat),-20,0,16:30,16:10,16:50,16:50,,
2025-04-24,บางบำหรุ,Bang Bamru,0,0,17:01,17:01,17:02,17:02,,
2025-04-24,ศาลายา,Sala Ya,0,0,17:22,17:22,17:23,17:23,,
2025-04-24,นครปฐม,Nakhon Pathom,0,0,17:48,17:48,17:50,17:50,,
2025-04-24,บ้านโป่ง,Ban Pong,1,1,18:08,18:09,18:09,18:10,,
2025-04-24,ราชบุรี,Ratchaburi,-2,0,18:37,18:35,18:47,18:47,,
2025-04-24,เพชรบุรี,Phetchaburi,-7,0,19:30,19:23,19:31,19:31,,
2025-04-24,หัวหิน,Hua Hin,0,0,20:20,20:20,20:25,20:25,,
2025-04-24,ประจวบคีรีขันธ์,Prachuap Khiri Khan,-5,0,21:40,21:35,21:41,21:41,,
2025-04-24,ชุมพร,Chumphon,-18,4,23:55,23:37,00:05,00:09,,
2025-04-24,สุราษฎร์ธานี,Surat Thani,26,26,02:20,02:46,02:23,02:49,,
2025-04-24,ชุมทางทุ่งสง,Thung Song Junction,24,24,04:08,04:32,04:18,04:42,,
2025-04-24,พัทลุง,Phatthalung,14,15,05:51,06:05,05:53,06:08,,
2025-04-24,ชุมทางหาดใหญ่,Hat Yai Junction,18,18,07:05,07:23,07:05,07:23,,
2025-04-25,กรุงเทพอภิวัฒน์,Bangkok (Krung Thep Aphiwat),-20,0,16:30,16:10,16:50,16:50,,
2025-04-25,บางบำหรุ,Bang Bamru,0,0,17:01,17:01,17:02,17:02,,
2025-04-25,ศาลายา,Sala Ya,0,0,17:22,17:22,17:23,17:23,,
2025-04-25,นครปฐม,Nakhon Pathom,2,2,17:48,17:50,17:50,17:52,,
2025-04-25,บ้านโป่ง,Ban Pong,4,4,18:08,18:12,18:09,18:13,,
2025-04-25,ราชบุรี,Ratchaburi,3,0,18:37,18:40,18:47,18:47,,
2025-04-25,เพชรบุรี,Phetchaburi,-3,0,19:30,19:27,19:31,19:31,,
2025-04-25,หัวหิน,Hua Hin,1,0,20:20,20:21,20:25,20:25,,
2025-04-25,ประจวบคีรีขันธ์,Prachuap Khiri Khan,-7,0,21:40,21:33,21:41,21:41,,
2025-04-25,ชุมพร,Chumphon,-2,0,23:55,23:53,00:05,00:05,,
2025-04-25,สุราษฎร์ธานี,Surat Thani,30,30,02:20,02:50,02:23,02:53,,
2025-04-25,ชุมทางทุ่งสง,Thung Song Junction,34,31,04:08,04:42,04:18,04:49,,
2025-04-25,พัทลุง,Phatthalung,21,23,05:51,06:12,05:53,06:16,,
2025-04-25,ชุมทางหาดใหญ่,Hat Yai Junction,20,20,07:05,07:25,07:05,07:25,,
2025-04-26,กรุงเทพอภิวัฒน์,Bangkok (Krung Thep Aphiwat),-21,0,16:30,16:09,16:50,16:50,,
2025-04-26,บางบำหรุ,Bang Bamru,0,0,17:01,17:01,17:02,17:02,,
2025-04-26,ศาลายา,Sala Ya,0,0,17:22,17:22,17:23,17:23,,
2025-04-26,นครปฐม,Nakhon Pathom,4,4,17:48,17:52,17:50,17:54,,
2025-04-26,บ้านโป่ง,Ban Pong,7,7,18:08,18:15,18:09,18:16,,
2025-04-26,ราชบุรี,Ratchaburi,5,0,18:37,18:42,18:47,18:47,,
2025-04-26,เพชรบุรี,Phetchaburi,-7,0,19:30,19:23,19:31,19:31,,
2025-04-26,หัวหิน,Hua Hin,2,0,20:20,20:22,20:25,20:25,,
2025-04-26,ประจวบคีรีขันธ์,Prachuap Khiri Khan,-7,0,21:40,21:33,21:41,21:41,,
2025-04-26,ชุมพร,Chumphon,-3,0,23:55,23:52,00:05,00:05,,
2025-04-26,สุราษฎร์ธานี,Surat Thani,30,30,02:20,02:50,02:23,02:53,,
2025-04-26,ชุมทางทุ่งสง,Thung Song Junction,16,16,04:08,04:24,04:18,04:34,,
2025-04-26,พัทลุง,Phatthalung,1,2,05:51,05:52,05:53,05:55,,
2025-04-26,ชุมทางหาดใหญ่,Hat Yai Junction,0,0,07:05,07:05,07:05,07:05,,
2025-04-27,กรุงเทพอภิวัฒน์,Bangkok (Krung Thep Aphiwat),-11,0,16:30,16:19,16:50,16:50,,
2025-04-27,บางบำหรุ,Bang Bamru,0,0,17:01,17:01,17:02,17:02,,
2025-04-27,ศาลายา,Sala Ya,0,0,17:22,17:22,17:23,17:23,,
2025-04-27,นครปฐม,Nakhon Pathom,2,2,17:48,17:50,17:50,17:52,,
2025-04-27,บ้านโป่ง,Ban Pong,4,4,18:08,18:12,18:09,18:13,,
2025-04-27,ราชบุรี,Ratchaburi,0,0,18:37,18:37,18:47,18:47,,
2025-04-27,เพชรบุรี,Phetchaburi,-6,0,19:30,19:24,19:31,19:31,,
2025-04-27,หัวหิน,Hua Hin,0,0,20:20,20:20,20:25,20:25,,
2025-04-27,ประจวบคีรีขันธ์,Prachuap Khiri Khan,-9,0,21:40,21:31,21:41,21:41,,
2025-04-27,ชุมพร,Chumphon,4,10,23:55,23:59,00:05,00:15,,
2025-04-27,สุราษฎร์ธานี,Surat Thani,31,31,02:20,02:51,02:23,02:54,,
2025-04-27,ชุมทางทุ่งสง,Thung Song Junction,23,20,04:08,04:31,04:18,04:38,,
2025-04-27,พัทลุง,Phatthalung,9,7,05:51,06:00,05:53,06:00,,
2025-04-27,ชุมทางหาดใหญ่,Hat Yai Junction,0,0,07:05,07:05,07:05,07:05,,
2025-04-28,กรุงเทพอภิวัฒน์,Bangkok (Krung Thep Aphiwat),-11,0,16:30,16:19,16:50,16:50,,
2025-04-28,บางบำหรุ,Bang Bamru,0,0,17:01,17:01,17:02,17:02,,
2025-04-28,ศาลายา,Sala Ya,0,0,17:22,17:22,17:23,17:23,,
2025-04-28,นครปฐม,Nakhon Pathom,0,0,17:48,17:48,17:50,17:50,,
2025-04-28,บ้านโป่ง,Ban Pong,0,0,18:08,18:08,18:09,18:09,,
2025-04-28,ราชบุรี,Ratchaburi,0,0,18:37,18:37,18:47,18:47,,
2025-04-28,เพชรบุรี,Phetchaburi,-5,0,19:30,19:25,19:31,19:31,,
2025-04-28,หัวหิน,Hua Hin,0,0,20:20,20:20,20:25,20:25,,
2025-04-28,ประจวบคีรีขันธ์,Prachuap Khiri Khan,-7,0,21:40,21:33,21:41,21:41,,
2025-04-28,ชุมพร,Chumphon,0,2,23:55,23:55,00:05,00:07,,
2025-04-28,สุราษฎร์ธานี,Surat Thani,27,27,02:20,02:47,02:23,02:50,,
2025-04-28,ชุมทางทุ่งสง,Thung Song Junction,20,20,04:08,04:28,04:18,04:38,,
2025-04-28,พัทลุง,Phatthalung,8,8,05:51,05:59,05:53,06:01,,
2025-04-28,ชุมทางหาดใหญ่,Hat Yai Junction,5,5,07:05,07:10,07:05,07:10,,
2025-04-29,กรุงเทพอภิวัฒน์,Bangkok (Krung Thep Aphiwat),-12,0,16:30,16:18,16:50,16:50,,
2025-04-29,บางบำหรุ,Bang Bamru,0,0,17:01,17:01,17:02,17:02,,
2025-04-29,ศาลายา,Sala Ya,0,0,17:22,17:22,17:23,17:23,,
2025-04-29,นครปฐม,Nakhon Pathom,2,2,17:48,17:50,17:50,17:52,,
2025-04-29,บ้านโป่ง,Ban Pong,5,5,18:08,18:13,18:09,18:14,,
2025-04-29,ราชบุรี,Ratchaburi,2,0,18:37,18:39,18:47,18:47,,
2025-04-29,เพชรบุรี,Phetchaburi,-2,0,19:30,19:28,19:31,19:31,,
2025-04-29,หัวหิน,Hua Hin,0,0,20:20,20:20,20:25,20:25,,
2025-04-29,ประจวบคีรีขันธ์,Prachuap Khiri Khan,-13,10,21:40,21:27,21:41,21:51,,
2025-04-29,ชุมพร,Chumphon,9,9,23:55,00:04,00:05,00:14,,
2025-04-29,สุราษฎร์ธานี,Surat Thani,36,40,02:20,02:56,02:23,03:03,,
2025-04-29,ชุมทางทุ่งสง,Thung Song Junction,36,34,04:08,04:44,04:18,04:52,,
2025-04-29,พัทลุง,Phatthalung,14,14,05:51,06:05,05:53,06:07,,
2025-04-29,ชุมทางหาดใหญ่,Hat Yai Junction,5,5,07:05,07:10,07:05,07:10,,
2025-04-30,กรุงเทพอภิวัฒน์,Bangkok (Krung Thep Aphiwat),-12,0,16:30,16:18,16:50,16:50,,
2025-04-30,บางบำหรุ,Bang Bamru,0,0,17:01,17:01,17:02,17:02,,
2025-04-30,ศาลายา,Sala Ya,0,0,17:22,17:22,17:23,17:23,,
2025-04-30,นครปฐม,Nakhon Pathom,1,1,17:48,17:49,17:50,17:51,,
2025-04-30,บ้านโป่ง,Ban Pong,3,3,18:08,18:11,18:09,18:12,,
2025-04-30,ราชบุรี,Ratchaburi,0,0,18:37,18:37,18:47,18:47,,
2025-04-30,เพชรบุรี,Phetchaburi,-6,0,19:30,19:24,19:31,19:31,,
2025-04-30,หัวหิน,Hua Hin,0,0,20:20,20:20,20:25,20:25,,
2025-04-30,ประจวบคีรีขันธ์,Prachuap Khiri Khan,-4,0,21:40,21:36,21:41,21:41,,
2025-04-30,ชุมพร,Chumphon,0,3,23:55,23:55,00:05,00:08,,
2025-04-30,สุราษฎร์ธานี,Surat Thani,22,22,02:20,02:42,02:23,02:45,,
2025-04-30,ชุมทางทุ่งสง,Thung Song Junction,19,19,04:08,04:27,04:18,04:37,,
2025-04-30,พัทลุง,Phatthalung,8,8,05:51,05:59,05:53,06:01,,
2025-04-30,ชุมทางหาดใหญ่,Hat Yai Junction,10,10,07:05,07:15,07:05,07:15,,
2025-05-01,กรุงเทพอภิวัฒน์,Bangkok (Krung Thep Aphiwat),-10,0,16:30,16:20,16:50,16:50,,
2025-05-01,บางบำหรุ,Bang Bamru,0,0,17:01,17:01,17:02,17:02,,
2025-05-01,ศาลายา,Sala Ya,0,0,17:22,17:22,17:23,17:23,,
2025-05-01,นครปฐม,Nakhon Pathom,0,0,17:48,17:48,17:50,17:50,,
2025-05-01,บ้านโป่ง,Ban Pong,1,1,18:08,18:09,18:09,18:10,,
2025-05-01,ราชบุรี,Ratchaburi,0,0,18:37,18:37,18:47,18:47,,
2025-05-01,เพชรบุรี,Phetchaburi,-7,0,19:30,19:23,19:31,19:31,,
2025-05-01,หัวหิน,Hua Hin,-2,0,20:20,20:18,20:25,20:25,,
2025-05-01,ประจวบคีรีขันธ์,Prachuap Khiri Khan,-7,0,21:40,21:33,21:41,21:41,,
2025-05-01,ชุมพร,Chumphon,-14,0,23:55,23:41,00:05,00:05,,
2025-05-01,สุราษฎร์ธานี,Surat Thani,7,7,02:20,02:27,02:23,02:30,,
2025-05-01,ชุมทางทุ่งสง,Thung Song Junction,0,0,04:08,04:08,04:18,04:18,,
2025-05-01,พัทลุง,Phatthalung,2,0,05:51,05:53,05:53,05:53,,
2025-05-01,ชุมทางหาดใหญ่,Hat Yai Junction,0,0,07:05,07:05,07:05,07:05,,
2025-05-02,กรุงเทพอภิวัฒน์,Bangkok (Krung Thep Aphiwat),5,0,16:30,16:35,16:50,16:50,,
2025-05-02,บางบำหรุ,Bang Bamru,0,2,17:01,17:01,17:02,17:04,,
2025-05-02,ศาลายา,Sala Ya,2,2,17:22,17:24,17:23,17:25,,
2025-05-02,นครปฐม,Nakhon Pathom,2,2,17:48,17:50,17:50,17:52,,
2025-05-02,บ้านโป่ง,Ban Pong,3,3,18:08,18:11,18:09,18:12,,
2025-05-02,ราชบุรี,Ratchaburi,2,0,18:37,18:39,18:47,18:47,,
2025-05-02,เพชรบุรี,Phetchaburi,-4,0,19:30,19:26,19:31,19:31,,
2025-05-02,หัวหิน,Hua Hin,0,0,20:20,20:20,20:25,20:25,,
2025-05-02,ประจวบคีรีขันธ์,Prachuap Khiri Khan,-7,0,21:40,21:33,21:41,21:41,,
2025-05-02,ชุมพร,Chumphon,8,10,23:55,00:03,00:05,00:15,,
2025-05-02,สุราษฎร์ธานี,Surat Thani,23,23,02:20,02:43,02:23,02:46,,
2025-05-02,ชุมทางทุ่งสง,Thung Song Junction,20,20,04:08,04:28,04:18,04:38,,
2025-05-02,พัทลุง,Phatthalung,10,10,05:51,06:01,05:53,06:03,,
2025-05-02,ชุมทางหาดใหญ่,Hat Yai Junction,10,10,07:05,07:15,07:05,07:15,,
2025-05-03,กรุงเทพอภิวัฒน์,Bangkok (Krung Thep Aphiwat),-9,0,16:30,16:21,16:50,16:50,,
2025-05-03,บางบำหรุ,Bang Bamru,0,0,17:01,17:01,17:02,17:02,,
2025-05-03,ศาลายา,Sala Ya,0,0,17:22,17:22,17:23,17:23,,
2025-05-03,นครปฐม,Nakhon Pathom,0,0,17:48,17:48,17:50,17:50,,
2025-05-03,บ้านโป่ง,Ban Pong,1,1,18:08,18:09,18:09,18:10,,
2025-05-03,ราชบุรี,Ratchaburi,0,0,18:37,18:37,18:47,18:47,,
2025-05-03,เพชรบุรี,Phetchaburi,-5,0,19:30,19:25,19:31,19:31,,
2025-05-03,หัวหิน,Hua Hin,2,0,20:20,20:22,20:25,20:25,,
2025-05-03,ประจวบคีรีขันธ์,Prachuap Khiri Khan,-6,0,21:40,21:34,21:41,21:41,,
2025-05-03,ชุมพร,Chumphon,-2,0,23:55,23:53,00:05,00:05,,
2025-05-03,สุราษฎร์ธานี,Surat Thani,31,31,02:20,02:51,02:23,02:54,,
2025-05-03,ชุมทางทุ่งสง,Thung Song Junction,30,27,04:08,04:38,04:18,04:45,,
2025-05-03,พัทลุง,Phatthalung,22,22,05:51,06:13,05:53,06:15,,
2025-05-03,ชุมทางหาดใหญ่,Hat Yai Junction,20,20,07:05,07:25,07:05,07:25,,
2025-05-04,กรุงเทพอภิวัฒน์,Bangkok (Krung Thep Aphiwat),-10,0,16:30,16:20,16:50,16:50,,
2025-05-04,บางบำหรุ,Bang Bamru,0,0,17:01,17:01,17:02,17:02,,
2025-05-04,ศาลายา,Sala Ya,0,0,17:22,17:22,17:23,17:23,,
2025-05-04,นครปฐม,Nakhon Pathom,4,4,17:48,17:52,17:50,17:54,,
2025-05-04,บ้านโป่ง,Ban Pong,5,5,18:08,18:13,18:09,18:14,,
2025-05-04,ราชบุรี,Ratchaburi,4,0,18:37,18:41,18:47,18:47,,
2025-05-04,เพชรบุรี,Phetchaburi,-4,0,19:30,19:26,19:31,19:31,,
2025-05-04,หัวหิน,Hua Hin,6,4,20:20,20:26,20:25,20:29,,
2025-05-04,ประจวบคีรีขันธ์,Prachuap Khiri Khan,-5,0,21:40,21:35,21:41,21:41,,
2025-05-04,ชุมพร,Chumphon,-2,0,23:55,23:53,00:05,00:05,,
2025-05-04,สุราษฎร์ธานี,Surat Thani,23,23,02:20,02:43,02:23,02:46,,
2025-05-04,ชุมทางทุ่งสง,Thung Song Junction,18,18,04:08,04:26,04:18,04:36,,
2025-05-04,พัทลุง,Phatthalung,5,5,05:51,05:56,05:53,05:58,,
2025-05-04,ชุมทางหาดใหญ่,Hat Yai Junction,0,0,07:05,07:05,07:05,07:05,,
2025-05-05,กรุงเทพอภิวัฒน์,Bangkok (Krung Thep Aphiwat),-12,0,16:30,16:18,16:50,16:50,,
2025-05-05,บางบำหรุ,Bang Bamru,0,0,17:01,17:01,17:02,17:02,,
2025-05-05,ศาลายา,Sala Ya,0,0,17:22,17:22,17:23,17:23,,
2025-05-05,นครปฐม,Nakhon Pathom,0,0,17:48,17:48,17:50,17:50,,
2025-05-05,บ้านโป่ง,Ban Pong,0,0,18:08,18:08,18:09,18:09,,
2025-05-05,ราชบุรี,Ratchaburi,-2,0,18:37,18:35,18:47,18:47,,
2025-05-05,เพชรบุรี,Phetchaburi,-6,0,19:30,19:24,19:31,19:31,,
2025-05-05,หัวหิน,Hua Hin,0,0,20:20,20:20,20:25,20:25,,
2025-05-05,ประจวบคีรีขันธ์,Prachuap Khiri Khan,-12,0,21:40,21:28,21:41,21:41,,
2025-05-05,ชุมพร,Chumphon,-3,0,23:55,23:52,00:05,00:05,,
2025-05-05,สุราษฎร์ธานี,Surat Thani,0,0,02:20,02:20,02:23,02:23,,
2025-05-05,ชุมทางทุ่งสง,Thung Song Junction,-9,0,04:08,03:59,04:18,04:18,,
2025-05-05,พัทลุง,Phatthalung,0,0,05:51,05:51,05:53,05:53,,
2025-05-05,ชุมทางหาดใหญ่,Hat Yai Junction,0,0,07:05,07:05,07:05,07:05,,
2025-05-06,กรุงเทพอภิวัฒน์,Bangkok (Krung Thep Aphiwat),-10,0,16:30,16:20,16:50,16:50,,
2025-05-06,บางบำหรุ,Bang Bamru,2,2,17:01,17:03,17:02,17:04,,
2025-05-06,ศาลายา,Sala Ya,0,0,17:22,17:22,17:23,17:23,,
2025-05-06,นครปฐม,Nakhon Pathom,0,0,17:48,17:48,17:50,17:50,,
2025-05-06,บ้านโป่ง,Ban Pong,0,0,18:08,18:08,18:09,18:09,,
2025-05-06,ราชบุรี,Ratchaburi,-5,0,18:37,18:32,18:47,18:47,,
2025-05-06,เพชรบุรี,Phetchaburi,-9,0,19:30,19:21,19:31,19:31,,
2025-05-06,หัวหิน,Hua Hin,-4,0,20:20,20:16,20:25,20:25,,
2025-05-06,ประจวบคีรีขันธ์,Prachuap Khiri Khan,-10,0,21:40,21:30,21:41,21:41,,
2025-05-06,ชุมพร,Chumphon,0,6,23:55,23:55,00:05,00:11,,
2025-05-06,สุราษฎร์ธานี,Surat Thani,27,27,02:20,02:47,02:23,02:50,,
2025-05-06,ชุมทางทุ่งสง,Thung Song Junction,21,20,04:08,04:29,04:18,04:38,,
2025-05-06,พัทลุง,Phatthalung,6,7,05:51,05:57,05:53,06:00,,
2025-05-06,ชุมทางหาดใหญ่,Hat Yai Junction,10,10,07:05,07:15,07:05,07:15,,
2025-05-07,กรุงเทพอภิวัฒน์,Bangkok (Krung Thep Aphiwat),-11,0,16:30,16:19,16:50,16:50,,
2025-05-07,บางบำหรุ,Bang Bamru,0,0,17:01,17:01,17:02,17:02,,
2025-05-07,ศาลายา,Sala Ya,0,0,17:22,17:22,17:23,17:23,,
2025-05-07,นครปฐม,Nakhon Pathom,0,0,17:48,17:48,17:50,17:50,,
2025-05-07,บ้านโป่ง,Ban Pong,0,0,18:08,18:08,18:09,18:09,,
2025-05-07,ราชบุรี,Ratchaburi,-2,0,18:37,18:35,18:47,18:47,,
2025-05-07,เพชรบุรี,Phetchaburi,-8,0,19:30,19:22,19:31,19:31,,
2025-05-07,หัวหิน,Hua Hin,-3,0,20:20,20:17,20:25,20:25,,
2025-05-07,ประจวบคีรีขันธ์,Prachuap Khiri Khan,-15,0,21:40,21:25,21:41,21:41,,
2025-05-07,ชุมพร,Chumphon,-5,0,23:55,23:50,00:05,00:05,,
2025-05-07,สุราษฎร์ธานี,Surat Thani,27,27,02:20,02:47,02:23,02:50,,
2025-05-07,ชุมทางทุ่งสง,Thung Song Junction,22,19,04:08,04:30,04:18,04:37,,
2025-05-07,พัทลุง,Phatthalung,9,9,05:51,06:00,05:53,06:02,,
2025-05-07,ชุมทางหาดใหญ่,Hat Yai Junction,12,12,07:05,07:17,07:05,07:17,,
2025-05-08,กรุงเทพอภิวัฒน์,Bangkok (Krung Thep Aphiwat),-13,0,16:30,16:17,16:50,16:50,,
2025-05-08,บางบำหรุ,Bang Bamru,0,0,17:01,17:01,17:02,17:02,,
2025-05-08,ศาลายา,Sala Ya,0,0,17:22,17:22,17:23,17:23,,
2025-05-08,นครปฐม,Nakhon Pathom,3,3,17:48,17:51,17:50,17:53,,
2025-05-08,บ้านโป่ง,Ban Pong,4,4,18:08,18:12,18:09,18:13,,
2025-05-08,ราชบุรี,Ratchaburi,2,0,18:37,18:39,18:47,18:47,,
2025-05-08,เพชรบุรี,Phetchaburi,-5,0,19:30,19:25,19:31,19:31,,
2025-05-08,หัวหิน,Hua Hin,1,0,20:20,20:21,20:25,20:25,,
2025-05-08,ประจวบคีรีขันธ์,Prachuap Khiri Khan,-9,0,21:40,21:31,21:41,21:41,,
2025-05-08,ชุมพร,Chumphon,6,6,23:55,00:01,00:05,00:11,,
2025-05-08,สุราษฎร์ธานี,Surat Thani,11,11,02:20,02:31,02:23,02:34,,
2025-05-08,ชุมทางทุ่งสง,Thung Song Junction,0,0,04:08,04:08,04:18,04:18,,
2025-05-08,พัทลุง,Phatthalung,0,0,05:51,05:51,05:53,05:53,,
2025-05-08,ชุมทางหาดใหญ่,Hat Yai Junction,2,2,07:05,07:07,07:05,07:07,,
2025-05-09,กรุงเทพอภิวัฒน์,Bangkok (Krung Thep Aphiwat),-14,0,16:30,16:16,16:50,16:50,"เนื่องจากผ่านพื้นที่ก่อสร้าง, รอทาง, รอหลีกขบวนรถ","due to Passing construction site, Wait for track cleared, Wait for track cleared"
2025-05-09,บางบำหรุ,Bang Bamru,0,0,17:01,17:01,17:02,17:02,"เนื่องจากผ่านพื้นที่ก่อสร้าง, รอทาง, รอหลีกขบวนรถ","due to Passing construction site, Wait for track cleared, Wait for track cleared"
2025-05-09,ศาลายา,Sala Ya,0,0,17:22,17:22,17:23,17:23,"เนื่องจากผ่านพื้นที่ก่อสร้าง, รอทาง, รอหลีกขบวนรถ","due to Passing construction site, Wait for track cleared, Wait for track cleared"
2025-05-09,นครปฐม,Nakhon Pathom,0,0,17:48,17:48,17:50,17:50,"เนื่องจากผ่านพื้นที่ก่อสร้าง, รอทาง, รอหลีกขบวนรถ","due to Passing construction site, Wait for track cleared, Wait for track cleared"
2025-05-09,บ้านโป่ง,Ban Pong,2,2,18:08,18:10,18:09,18:11,"เนื่องจากผ่านพื้นที่ก่อสร้าง, รอทาง, รอหลีกขบวนรถ","due to Passing construction site, Wait for track cleared, Wait for track cleared"
2025-05-09,ราชบุรี,Ratchaburi,2,0,18:37,18:39,18:47,18:47,"เนื่องจากผ่านพื้นที่ก่อสร้าง, รอทาง, รอหลีกขบวนรถ","due to Passing construction site, Wait for track cleared, Wait for track cleared"
2025-05-09,เพชรบุรี,Phetchaburi,-5,0,19:30,19:25,19:31,19:31,"เนื่องจากผ่านพื้นที่ก่อสร้าง, รอทาง, รอหลีกขบวนรถ","due to Passing construction site, Wait for track cleared, Wait for track cleared"
2025-05-09,หัวหิน,Hua Hin,2,0,20:20,20:22,20:25,20:25,"เนื่องจากผ่านพื้นที่ก่อสร้าง, รอทาง, รอหลีกขบวนรถ","due to Passing construction site, Wait for track cleared, Wait for track cleared"
2025-05-09,ประจวบคีรีขันธ์,Prachuap Khiri Khan,-6,0,21:40,21:34,21:41,21:41,"เนื่องจากผ่านพื้นที่ก่อสร้าง, รอทาง, รอหลีกขบวนรถ","due to Passing construction site, Wait for track cleared, Wait for track cleared"
2025-05-09,ชุมพร,Chumphon,3,3,23:55,23:58,00:05,00:08,"เนื่องจากผ่านพื้นที่ก่อสร้าง, รอทาง, รอหลีกขบวนรถ","due to Passing construction site, Wait for track cleared, Wait for track cleared"
2025-05-09,สุราษฎร์ธานี,Surat Thani,35,35,02:20,02:55,02:23,02:58,"เนื่องจากผ่านพื้นที่ก่อสร้าง, รอทาง, รอหลีกขบวนรถ","due to Passing construction site, Wait for track cleared, Wait for track cleared"
2025-05-09,ชุมทางทุ่งสง,Thung Song Junction,32,32,04:08,04:40,04:18,04:50,"เนื่องจากผ่านพื้นที่ก่อสร้าง, รอทาง, รอหลีกขบวนรถ","due to Passing construction site, Wait for track cleared, Wait for track cleared"
2025-05-09,พัทลุง,Phatthalung,32,32,05:51,06:23,05:53,06:25,"เนื่องจากผ่านพื้นที่ก่อสร้าง, รอทาง, รอหลีกขบวนรถ","due to Passing construction site, Wait for track cleared, Wait for track cleared"
2025-05-09,ชุมทางหาดใหญ่,Hat Yai Junction,30,30,07:05,07:35,07:05,07:35,"เนื่องจากผ่านพื้นที่ก่อสร้าง, รอทาง, รอหลีกขบวนรถ","due to Passing construction site, Wait for track cleared, Wait for track cleared"
2025-05-10,กรุงเทพอภิวัฒน์,Bangkok (Krung Thep Aphiwat),-11,0,16:30,16:19,16:50,16:50,,
2025-05-10,บางบำหรุ,Bang Bamru,0,0,17:01,17:01,17:02,17:02,,
2025-05-10,ศาลายา,Sala Ya,0,0,17:22,17:22,17:23,17:23,,
2025-05-10,นครปฐม,Nakhon Pathom,0,0,17:48,17:48,17:50,17:50,,
2025-05-10,บ้านโป่ง,Ban Pong,0,0,18:08,18:08,18:09,18:09,,
2025-05-10,ราชบุรี,Ratchaburi,-2,0,18:37,18:35,18:47,18:47,,
2025-05-10,เพชรบุรี,Phetchaburi,-5,0,19:30,19:25,19:31,19:31,,
2025-05-10,หัวหิน,Hua Hin,0,0,20:20,20:20,20:25,20:25,,
2025-05-10,ประจวบคีรีขันธ์,Prachuap Khiri Khan,-7,0,21:40,21:33,21:41,21:41,,
2025-05-10,ชุมพร,Chumphon,6,5,23:55,00:01,00:05,00:10,,
2025-05-10,สุราษฎร์ธานี,Surat Thani,29,29,02:20,02:49,02:23,02:52,,
2025-05-10,ชุมทางทุ่งสง,Thung Song Junction,22,19,04:08,04:30,04:18,04:37,,
2025-05-10,พัทลุง,Phatthalung,13,14,05:51,06:04,05:53,06:07,,
2025-05-10,ชุมทางหาดใหญ่,Hat Yai Junction,15,15,07:05,07:20,07:05,07:20,,
2025-05-11,กรุงเทพอภิวัฒน์,Bangkok (Krung Thep Aphiwat),-11,0,16:30,16:19,16:50,16:50,,
2025-05-11,บางบำหรุ,Bang Bamru,0,0,17:01,17:01,17:02,17:02,,
2025-05-11,ศาลายา,Sala Ya,2,2,17:22,17:24,17:23,17:25,,
2025-05-11,นครปฐม,Nakhon Pathom,2,4,17:48,17:50,17:50,17:54,,
2025-05-11,บ้านโป่ง,Ban Pong,5,5,18:08,18:13,18:09,18:14,,
2025-05-11,ราชบุรี,Ratchaburi,3,0,18:37,18:40,18:47,18:47,,
2025-05-11,เพชรบุรี,Phetchaburi,-6,0,19:30,19:24,19:31,19:31,,
2025-05-11,หัวหิน,Hua Hin,-2,0,20:20,20:18,20:25,20:25,,
2025-05-11,ประจวบคีรีขันธ์,Prachuap Khiri Khan,-10,0,21:40,21:30,21:41,21:41,,
2025-05-11,ชุมพร,Chumphon,1,0,23:55,23:56,00:05,00:05,,
2025-05-11,สุราษฎร์ธานี,Surat Thani,19,19,02:20,02:39,02:23,02:42,,
2025-05-11,ชุมทางทุ่งสง,Thung Song Junction,10,8,04:08,04:18,04:18,04:26,,
2025-05-11,พัทลุง,Phatthalung,0,0,05:51,05:51,05:53,05:53,,
2025-05-11,ชุมทางหาดใหญ่,Hat Yai Junction,0,0,07:05,07:05,07:05,07:05,,
2025-05-12,กรุงเทพอภิวัฒน์,Bangkok (Krung Thep Aphiwat),-10,0,16:30,16:20,16:50,16:50,,
2025-05-12,บางบำหรุ,Bang Bamru,0,0,17:01,17:01,17:02,17:02,,
2025-05-12,ศาลายา,Sala Ya,0,0,17:22,17:22,17:23,17:23,,
2025-05-12,นครปฐม,Nakhon Pathom,1,1,17:48,17:49,17:50,17:51,,
2025-05-12,บ้านโป่ง,Ban Pong,1,1,18:08,18:09,18:09,18:10,,
2025-05-12,ราชบุรี,Ratchaburi,0,0,18:37,18:37,18:47,18:47,,
2025-05-12,เพชรบุรี,Phetchaburi,-5,0,19:30,19:25,19:31,19:31,,
2025-05-12,หัวหิน,Hua Hin,0,0,20:20,20:20,20:25,20:25,,
2025-05-12,ประจวบคีรีขันธ์,Prachuap Khiri Khan,-8,0,21:40,21:32,21:41,21:41,,
2025-05-12,ชุมพร,Chumphon,10,7,23:55,00:05,00:05,00:12,,
2025-05-12,สุราษฎร์ธานี,Surat Thani,33,33,02:20,02:53,02:23,02:56,,
2025-05-12,ชุมทางทุ่งสง,Thung Song Junction,28,28,04:08,04:36,04:18,04:46,,
2025-05-12,พัทลุง,Phatthalung,18,18,05:51,06:09,05:53,06:11,,
2025-05-12,ชุมทางหาดใหญ่,Hat Yai Junction,16,16,07:05,07:21,07:05,07:21,,
2025-05-13,กรุงเทพอภิวัฒน์,Bangkok (Krung Thep Aphiwat),-18,15,16:30,16:12,16:50,17:05,,
2025-05-13,บางบำหรุ,Bang Bamru,16,16,17:01,17:17,17:02,17:18,,
2025-05-13,ศาลายา,Sala Ya,18,18,17:22,17:40,17:23,17:41,,
2025-05-13,นครปฐม,Nakhon Pathom,17,17,17:48,18:05,17:50,18:07,,
2025-05-13,บ้านโป่ง,Ban Pong,28,28,18:08,18:36,18:09,18:37,,
2025-05-13,ราชบุรี,Ratchaburi,25,18,18:37,19:02,18:47,19:05,,
2025-05-13,เพชรบุรี,Phetchaburi,11,12,19:30,19:41,19:31,19:43,,
2025-05-13,หัวหิน,Hua Hin,17,15,20:20,20:37,20:25,20:40,,
2025-05-13,ประจวบคีรีขันธ์,Prachuap Khiri Khan,7,7,21:40,21:47,21:41,21:48,,
2025-05-13,ชุมพร,Chumphon,15,15,23:55,00:10,00:05,00:20,,
2025-05-13,สุราษฎร์ธานี,Surat Thani,22,22,02:20,02:42,02:23,02:45,,
2025-05-13,ชุมทางทุ่งสง,Thung Song Junction,17,15,04:08,04:25,04:18,04:33,,
2025-05-13,พัทลุง,Phatthalung,2,2,05:51,05:53,05:53,05:55,,
2025-05-13,ชุมทางหาดใหญ่,Hat Yai Junction,0,0,07:05,07:05,07:05,07:05,,
2025-05-14,กรุงเทพอภิวัฒน์,Bangkok (Krung Thep Aphiwat),-11,0,16:30,16:19,16:50,16:50,"เนื่องจากผ่านพื้นที่ก่อสร้าง, รอหลีกขบวนรถ","due to Passing construction site, Wait for track cleared"
2025-05-14,บางบำหรุ,Bang Bamru,2,2,17:01,17:03,17:02,17:04,"เนื่องจากผ่านพื้นที่ก่อสร้าง, รอหลีกขบวนรถ","due to Passing construction site, Wait for track cleared"
2025-05-14,ศาลายา,Sala Ya,0,0,17:22,17:22,17:23,17:23,"เนื่องจากผ่านพื้นที่ก่อสร้าง, รอหลีกขบวนรถ","due to Passing construction site, Wait for track cleared"
2025-05-14,นครปฐม,Nakhon Pathom,1,1,17:48,17:49,17:50,17:51,"เนื่องจากผ่านพื้นที่ก่อสร้าง, รอหลีกขบวนรถ","due to Passing construction site, Wait for track cleared"
2025-05-14,บ้านโป่ง,Ban Pong,2,2,18:08,18:10,18:09,18:11,"เนื่องจากผ่านพื้นที่ก่อสร้าง, รอหลีกขบวนรถ","due to Passing construction site, Wait for track cleared"
2025-05-14,ราชบุรี,Ratchaburi,0,0,18:37,18:37,18:47,18:47,"เนื่องจากผ่านพื้นที่ก่อสร้าง, รอหลีกขบวนรถ","due to Passing construction site, Wait for track cleared"
2025-05-14,เพชรบุรี,Phetchaburi,-6,0,19:30,19:24,19:31,19:31,"เนื่องจากผ่านพื้นที่ก่อสร้าง, รอหลีกขบวนรถ","due to Passing construction site, Wait for track cleared"
2025-05-14,หัวหิน,Hua Hin,2,2,20:20,20:22,20:25,20:27,"เนื่องจากผ่านพื้นที่ก่อสร้าง, รอหลีกขบวนรถ","due to Passing construction site, Wait for track cleared"
2025-05-14,ประจวบคีรีขันธ์,Prachuap Khiri Khan,-5,0,21:40,21:35,21:41,21:41,"เนื่องจากผ่านพื้นที่ก่อสร้าง, รอหลีกขบวนรถ","due to Passing construction site, Wait for track cleared"
2025-05-14,ชุมพร,Chumphon,2,3,23:55,23:57,00:05,00:08,"เนื่องจากผ่านพื้นที่ก่อสร้าง, รอหลีกขบวนรถ","due to Passing construction site, Wait for track cleared"
2025-05-14,สุราษฎร์ธานี,Surat Thani,64,64,02:20,03:24,02:23,03:27,"เนื่องจากผ่านพื้นที่ก่อสร้าง, รอหลีกขบวนรถ","due to Passing construction site, Wait for track cleared"
2025-05-14,ชุมทางทุ่งสง,Thung Song Junction,61,60,04:08,05:09,04:18,05:18,"เนื่องจากผ่านพื้นที่ก่อสร้าง, รอหลีกขบวนรถ","due to Passing construction site, Wait for track cleared"
2025-05-14,พัทลุง,Phatthalung,48,48,05:51,06:39,05:53,06:41,"เนื่องจากผ่านพื้นที่ก่อสร้าง, รอหลีกขบวนรถ","due to Passing construction site, Wait for track cleared"
2025-05-14,ชุมทางหาดใหญ่,Hat Yai Junction,50,50,07:05,07:55,07:05,07:55,"เนื่องจากผ่านพื้นที่ก่อสร้าง, รอหลีกขบวนรถ","due to Passing construction site, Wait for track cleared"
2025-05-15,กรุงเทพอภิวัฒน์,Bangkok (Krung Thep Aphiwat),-20,0,16:30,16:10,16:50,16:50,,
2025-05-15,บางบำหรุ,Bang Bamru,0,0,17:01,17:01,17:02,17:02,,
2025-05-15,ศาลายา,Sala Ya,0,0,17:22,17:22,17:23,17:23,,
2025-05-15,นครปฐม,Nakhon Pathom,2,2,17:48,17:50,17:50,17:52,,
2025-05-15,บ้านโป่ง,Ban Pong,2,2,18:08,18:10,18:09,18:11,,
2025-05-15,ราชบุรี,Ratchaburi,0,0,18:37,18:37,18:47,18:47,,
2025-05-15,เพชรบุรี,Phetchaburi,-5,0,19:30,19:25,19:31,19:31,,
2025-05-15,หัวหิน,Hua Hin,-2,0,20:20,20:18,20:25,20:25,,
2025-05-15,ประจวบคีรีขันธ์,Prachuap Khiri Khan,-10,0,21:40,21:30,21:41,21:41,,
2025-05-15,ชุมพร,Chumphon,-1,1,23:55,23:54,00:05,00:06,,
2025-05-15,สุราษฎร์ธานี,Surat Thani,32,32,02:20,02:52,02:23,02:55,,
2025-05-15,ชุมทางทุ่งสง,Thung Song Junction,25,22,04:08,04:33,04:18,04:40,,
2025-05-15,พัทลุง,Phatthalung,16,16,05:51,06:07,05:53,06:09,,
2025-05-15,ชุมทางหาดใหญ่,Hat Yai Junction,15,15,07:05,07:20,07:05,07:20,,
2025-05-16,กรุงเทพอภิวัฒน์,Bangkok (Krung Thep Aphiwat),-12,0,16:30,16:18,16:50,16:50,,
2025-05-16,บางบำหรุ,Bang Bamru,0,0,17:01,17:01,17:02,17:02,,
2025-05-16,ศาลายา,Sala Ya,0,0,17:22,17:22,17:23,17:23,,
2025-05-16,นครปฐม,Nakhon Pathom,2,2,17:48,17:50,17:50,17:52,,
2025-05-16,บ้านโป่ง,Ban Pong,4,4,18:08,18:12,18:09,18:13,,
2025-05-16,ราชบุรี,Ratchaburi,3,0,18:37,18:40,18:47,18:47,,
2025-05-16,เพชรบุรี,Phetchaburi,-5,0,19:30,19:25,19:31,19:31,,
2025-05-16,หัวหิน,Hua Hin,4,2,20:20,20:24,20:25,20:27,,
2025-05-16,ประจวบคีรีขันธ์,Prachuap Khiri Khan,-2,0,21:40,21:38,21:41,21:41,,
2025-05-16,ชุมพร,Chumphon,-1,1,23:55,23:54,00:05,00:06,,
2025-05-16,สุราษฎร์ธานี,Surat Thani,32,32,02:20,02:52,02:23,02:55,,
2025-05-16,ชุมทางทุ่งสง,Thung Song Junction,29,27,04:08,04:37,04:18,04:45,,
2025-05-16,พัทลุง,Phatthalung,19,19,05:51,06:10,05:53,06:12,,
2025-05-16,ชุมทางหาดใหญ่,Hat Yai Junction,15,15,07:05,07:20,07:05,07:20,,
2025-05-17,กรุงเทพอภิวัฒน์,Bangkok (Krung Thep Aphiwat),-12,0,16:30,16:18,16:50,16:50,,
2025-05-17,บางบำหรุ,Bang Bamru,2,2,17:01,17:03,17:02,17:04,,
2025-05-17,ศาลายา,Sala Ya,3,3,17:22,17:25,17:23,17:26,,
2025-05-17,นครปฐม,Nakhon Pathom,8,8,17:48,17:56,17:50,17:58,,
2025-05-17,บ้านโป่ง,Ban Pong,13,13,18:08,18:21,18:09,18:22,,
2025-05-17,ราชบุรี,Ratchaburi,11,3,18:37,18:48,18:47,18:50,,
2025-05-17,เพชรบุรี,Phetchaburi,-2,0,19:30,19:28,19:31,19:31,,
2025-05-17,หัวหิน,Hua Hin,3,2,20:20,20:23,20:25,20:27,,
2025-05-17,ประจวบคีรีขันธ์,Prachuap Khiri Khan,-10,0,21:40,21:30,21:41,21:41,,
2025-05-17,ชุมพร,Chumphon,-7,0,23:55,23:48,00:05,00:05,,
2025-05-17,สุราษฎร์ธานี,Surat Thani,31,31,02:20,02:51,02:23,02:54,,
2025-05-17,ชุมทางทุ่งสง,Thung Song Junction,32,30,04:08,04:40,04:18,04:48,,
2025-05-17,พัทลุง,Phatthalung,19,19,05:51,06:10,05:53,06:12,,
2025-05-17,ชุมทางหาดใหญ่,Hat Yai Junction,14,14,07:05,07:19,07:05,07:19,,
2025-05-18,กรุงเทพอภิวัฒน์,Bangkok (Krung Thep Aphiwat),-20,0,16:30,16:10,16:50,16:50,,
2025-05-18,บางบำหรุ,Bang Bamru,0,0,17:01,17:01,17:02,17:02,,
2025-05-18,ศาลายา,Sala Ya,0,0,17:22,17:22,17:23,17:23,,
2025-05-18,นครปฐม,Nakhon Pathom,2,2,17:48,17:50,17:50,17:52,,
2025-05-18,บ้านโป่ง,Ban Pong,0,0,18:08,18:08,18:09,18:09,,
2025-05-18,ราชบุรี,Ratchaburi,0,0,18:37,18:37,18:47,18:47,,
2025-05-18,เพชรบุรี,Phetchaburi,-6,0,19:30,19:24,19:31,19:31,,
2025-05-18,หัวหิน,Hua Hin,3,0,20:20,20:23,20:25,20:25,,
2025-05-18,ประจวบคีรีขันธ์,Prachuap Khiri Khan,-8,0,21:40,21:32,21:41,21:41,,
2025-05-18,ชุมพร,Chumphon,-14,1,23:55,23:41,00:05,00:06,,
2025-05-18,สุราษฎร์ธานี,Surat Thani,26,26,02:20,02:46,02:23,02:49,,
2025-05-18,ชุมทางทุ่งสง,Thung Song Junction,21,18,04:08,04:29,04:18,04:36,,
2025-05-18,พัทลุง,Phatthalung,13,13,05:51,06:04,05:53,06:06,,
2025-05-18,ชุมทางหาดใหญ่,Hat Yai Junction,15,15,07:05,07:20,07:05,07:20,,
2025-05-19,กรุงเทพอภิวัฒน์,Bangkok (Krung Thep Aphiwat),-22,0,16:30,16:08,16:50,16:50,,
2025-05-19,บางบำหรุ,Bang Bamru,0,0,17:01,17:01,17:02,17:02,,
2025-05-19,ศาลายา,Sala Ya,0,0,17:22,17:22,17:23,17:23,,
2025-05-19,นครปฐม,Nakhon Pathom,0,0,17:48,17:48,17:50,17:50,,
2025-05-19,บ้านโป่ง,Ban Pong,0,0,18:08,18:08,18:09,18:09,,
2025-05-19,ราชบุรี,Ratchaburi,-3,0,18:37,18:34,18:47,18:47,,
2025-05-19,เพชรบุรี,Phetchaburi,-6,0,19:30,19:24,19:31,19:31,,
2025-05-19,หัวหิน,Hua Hin,1,0,20:20,20:21,20:25,20:25,,
2025-05-19,ประจวบคีรีขันธ์,Prachuap Khiri Khan,-6,0,21:40,21:34,21:41,21:41,,
2025-05-19,ชุมพร,Chumphon,-1,0,23:55,23:54,00:05,00:05,,
2025-05-19,สุราษฎร์ธานี,Surat Thani,25,25,02:20,02:45,02:23,02:48,,
2025-05-19,ชุมทางทุ่งสง,Thung Song Junction,20,19,04:08,04:28,04:18,04:37,,
2025-05-19,พัทลุง,Phatthalung,7,7,05:51,05:58,05:53,06:00,,
2025-05-19,ชุมทางหาดใหญ่,Hat Yai Junction,6,6,07:05,07:11,07:05,07:11,,
2025-05-20,กรุงเทพอภิวัฒน์,Bangkok (Krung Thep Aphiwat),-10,0,16:30,16:20,16:50,16:50,"เนื่องจากผ่านพื้นที่ก่อสร้าง, รอทาง, รอหลีกขบวนรถ","due to Passing construction site, Wait for track cleared, Wait for track cleared"
2025-05-20,บางบำหรุ,Bang Bamru,0,0,17:01,17:01,17:02,17:02,"เนื่องจากผ่านพื้นที่ก่อสร้าง, รอทาง, รอหลีกขบวนรถ","due to Passing construction site, Wait for track cleared, Wait for track cleared"
2025-05-20,ศาลายา,Sala Ya,0,0,17:22,17:22,17:23,17:23,"เนื่องจากผ่านพื้นที่ก่อสร้าง, รอทาง, รอหลีกขบวนรถ","due to Passing construction site, Wait for track cleared, Wait for track cleared"
2025-05-20,นครปฐม,Nakhon Pathom,0,0,17:48,17:48,17:50,17:50,"เนื่องจากผ่านพื้นที่ก่อสร้าง, รอทาง, รอหลีกขบวนรถ","due to Passing construction site, Wait for track cleared, Wait for track cleared"
2025-05-20,บ้านโป่ง,Ban Pong,0,0,18:08,18:08,18:09,18:09,"เนื่องจากผ่านพื้นที่ก่อสร้าง, รอทาง, รอหลีกขบวนรถ","due to Passing construction site, Wait for track cleared, Wait for track cleared"
2025-05-20,ราชบุรี,Ratchaburi,-2,0,18:37,18:35,18:47,18:47,"เนื่องจากผ่านพื้นที่ก่อสร้าง, รอทาง, รอหลีกขบวนรถ","due to Passing construction site, Wait for track cleared, Wait for track cleared"
2025-05-20,เพชรบุรี,Phetchaburi,-6,0,19:30,19:24,19:31,19:31,"เนื่องจากผ่านพื้นที่ก่อสร้าง, รอทาง, รอหลีกขบวนรถ","due to Passing construction site, Wait for track cleared, Wait for track cleared"
2025-05-20,หัวหิน,Hua Hin,-2,0,20:20,20:18,20:25,20:25,"เนื่องจากผ่านพื้นที่ก่อสร้าง, รอทาง, รอหลีกขบวนรถ","due to Passing construction site, Wait for track cleared, Wait for track cleared"
2025-05-20,ประจวบคีรีขันธ์,Prachuap Khiri Khan,-6,0,21:40,21:34,21:41,21:41,"เนื่องจากผ่านพื้นที่ก่อสร้าง, รอทาง, รอหลีกขบวนรถ","due to Passing construction site, Wait for track cleared, Wait for track cleared"
2025-05-20,ชุมพร,Chumphon,3,2,23:55,23:58,00:05,00:07,"เนื่องจากผ่านพื้นที่ก่อสร้าง, รอทาง, รอหลีกขบวนรถ","due to Passing construction site, Wait for track cleared, Wait for track cleared"
2025-05-20,สุราษฎร์ธานี,Surat Thani,40,40,02:20,03:00,02:23,03:03,"เนื่องจากผ่านพื้นที่ก่อสร้าง, รอทาง, รอหลีกขบวนรถ","due to Passing construction site, Wait for track cleared, Wait for track cleared"
2025-05-20,ชุมทางทุ่งสง,Thung Song Junction,66,63,04:08,05:14,04:18,05:21,"เนื่องจากผ่านพื้นที่ก่อสร้าง, รอทาง, รอหลีกขบวนรถ","due to Passing construction site, Wait for track cleared, Wait for track cleared"
2025-05-20,พัทลุง,Phatthalung,60,60,05:51,06:51,05:53,06:53,"เนื่องจากผ่านพื้นที่ก่อสร้าง, รอทาง, รอหลีกขบวนรถ","due to Passing construction site, Wait for track cleared, Wait for track cleared"
2025-05-20,ชุมทางหาดใหญ่,Hat Yai Junction,60,60,07:05,08:05,07:05,08:05,"เนื่องจากผ่านพื้นที่ก่อสร้าง, รอทาง, รอหลีกขบวนรถ","due to Passing construction site, Wait for track cleared, Wait for track cleared"
2025-05-21,กรุงเทพอภิวัฒน์,Bangkok (Krung Thep Aphiwat),-10,0,16:30,16:20,16:50,16:50,,
2025-05-21,บางบำหรุ,Bang Bamru,0,0,17:01,17:01,17:02,17:02,,
2025-05-21,ศาลายา,Sala Ya,0,0,17:22,17:22,17:23,17:23,,
2025-05-21,นครปฐม,Nakhon Pathom,2,2,17:48,17:50,17:50,17:52,,
2025-05-21,บ้านโป่ง,Ban Pong,3,3,18:08,18:11,18:09,18:12,,
2025-05-21,ราชบุรี,Ratchaburi,0,0,18:37,18:37,18:47,18:47,,
2025-05-21,เพชรบุรี,Phetchaburi,-3,0,19:30,19:27,19:31,19:31,,
2025-05-21,หัวหิน,Hua Hin,0,0,20:20,20:20,20:25,20:25,,
2025-05-21,ประจวบคีรีขันธ์,Prachuap Khiri Khan,-9,0,21:40,21:31,21:41,21:41,,
2025-05-21,ชุมพร,Chumphon,-4,8,23:55,23:51,00:05,00:13,,
2025-05-21,สุราษฎร์ธานี,Surat Thani,27,27,02:20,02:47,02:23,02:50,,
2025-05-21,ชุมทางทุ่งสง,Thung Song Junction,22,20,04:08,04:30,04:18,04:38,,
2025-05-21,พัทลุง,Phatthalung,17,18,05:51,06:08,05:53,06:11,,
2025-05-21,ชุมทางหาดใหญ่,Hat Yai Junction,20,20,07:05,07:25,07:05,07:25,,
2025-05-22,กรุงเทพอภิวัฒน์,Bangkok (Krung Thep Aphiwat),6,0,16:30,16:36,16:50,16:50,,
2025-05-22,บางบำหรุ,Bang Bamru,0,0,17:01,17:01,17:02,17:02,,
2025-05-22,ศาลายา,Sala Ya,0,0,17:22,17:22,17:23,17:23,,
2025-05-22,นครปฐม,Nakhon Pathom,1,1,17:48,17:49,17:50,17:51,,
2025-05-22,บ้านโป่ง,Ban Pong,1,1,18:08,18:09,18:09,18:10,,
2025-05-22,ราชบุรี,Ratchaburi,0,0,18:37,18:37,18:47,18:47,,
2025-05-22,เพชรบุรี,Phetchaburi,-5,0,19:30,19:25,19:31,19:31,,
2025-05-22,หัวหิน,Hua Hin,0,0,20:20,20:20,20:25,20:25,,
2025-05-22,ประจวบคีรีขันธ์,Prachuap Khiri Khan,-8,5,21:40,21:32,21:41,21:46,,
2025-05-22,ชุมพร,Chumphon,11,11,23:55,00:06,00:05,00:16,,
2025-05-22,สุราษฎร์ธานี,Surat Thani,38,38,02:20,02:58,02:23,03:01,,
2025-05-22,ชุมทางทุ่งสง,Thung Song Junction,40,37,04:08,04:48,04:18,04:55,,
2025-05-22,พัทลุง,Phatthalung,13,13,05:51,06:04,05:53,06:06,,
2025-05-22,ชุมทางหาดใหญ่,Hat Yai Junction,7,7,07:05,07:12,07:05,07:12,,
2025-05-23,กรุงเทพอภิวัฒน์,Bangkok (Krung Thep Aphiwat),-9,0,16:30,16:21,16:50,16:50,,
2025-05-23,บางบำหรุ,Bang Bamru,0,0,17:01,17:01,17:02,17:02,,
2025-05-23,ศาลายา,Sala Ya,0,0,17:22,17:22,17:23,17:23,,
2025-05-23,นครปฐม,Nakhon Pathom,1,1,17:48,17:49,17:50,17:51,,
2025-05-23,บ้านโป่ง,Ban Pong,2,2,18:08,18:10,18:09,18:11,,
2025-05-23,ราชบุรี,Ratchaburi,0,0,18:37,18:37,18:47,18:47,,
2025-05-23,เพชรบุรี,Phetchaburi,-7,0,19:30,19:23,19:31,19:31,,
2025-05-23,หัวหิน,Hua Hin,5,3,20:20,20:25,20:25,20:28,,
2025-05-23,ประจวบคีรีขันธ์,Prachuap Khiri Khan,-9,0,21:40,21:31,21:41,21:41,,
2025-05-23,ชุมพร,Chumphon,-8,0,23:55,23:47,00:05,00:05,,
2025-05-23,สุราษฎร์ธานี,Surat Thani,26,26,02:20,02:46,02:23,02:49,,
2025-05-23,ชุมทางทุ่งสง,Thung Song Junction,19,17,04:08,04:27,04:18,04:35,,
2025-05-23,พัทลุง,Phatthalung,8,8,05:51,05:59,05:53,06:01,,
2025-05-23,ชุมทางหาดใหญ่,Hat Yai Junction,7,7,07:05,07:12,07:05,07:12,,
2025-05-24,กรุงเทพอภิวัฒน์,Bangkok (Krung Thep Aphiwat),-9,0,16:30,16:21,16:50,16:50,,
2025-05-24,บางบำหรุ,Bang Bamru,0,0,17:01,17:01,17:02,17:02,,
2025-05-24,ศาลายา,Sala Ya,0,0,17:22,17:22,17:23,17:23,,
2025-05-24,นครปฐม,Nakhon Pathom,-1,0,17:48,17:47,17:50,17:50,,
2025-05-24,บ้านโป่ง,Ban Pong,1,1,18:08,18:09,18:09,18:10,,
2025-05-24,ราชบุรี,Ratchaburi,-2,0,18:37,18:35,18:47,18:47,,
2025-05-24,เพชรบุรี,Phetchaburi,-6,0,19:30,19:24,19:31,19:31,,
2025-05-24,หัวหิน,Hua Hin,0,0,20:20,20:20,20:25,20:25,,
2025-05-24,ประจวบคีรีขันธ์,Prachuap Khiri Khan,-7,0,21:40,21:33,21:41,21:41,,
2025-05-24,ชุมพร,Chumphon,-3,0,23:55,23:52,00:05,00:05,,
2025-05-24,สุราษฎร์ธานี,Surat Thani,17,17,02:20,02:37,02:23,02:40,,
2025-05-24,ชุมทางทุ่งสง,Thung Song Junction,17,14,04:08,04:25,04:18,04:32,,
2025-05-24,พัทลุง,Phatthalung,4,7,05:51,05:55,05:53,06:00,,
2025-05-24,ชุมทางหาดใหญ่,Hat Yai Junction,3,3,07:05,07:08,07:05,07:08,,
2025-05-25,กรุงเทพอภิวัฒน์,Bangkok (Krung Thep Aphiwat),-12,0,16:30,16:18,16:50,16:50,,
2025-05-25,บางบำหรุ,Bang Bamru,0,0,17:01,17:01,17:02,17:02,,
2025-05-25,ศาลายา,Sala Ya,0,0,17:22,17:22,17:23,17:23,,
2025-05-25,นครปฐม,Nakhon Pathom,5,5,17:48,17:53,17:50,17:55,,
2025-05-25,บ้านโป่ง,Ban Pong,6,6,18:08,18:14,18:09,18:15,,
2025-05-25,ราชบุรี,Ratchaburi,4,0,18:37,18:41,18:47,18:47,,
2025-05-25,เพชรบุรี,Phetchaburi,-4,0,19:30,19:26,19:31,19:31,,
2025-05-25,หัวหิน,Hua Hin,3,2,20:20,20:23,20:25,20:27,,
2025-05-25,ประจวบคีรีขันธ์,Prachuap Khiri Khan,-7,0,21:40,21:33,21:41,21:41,,
2025-05-25,ชุมพร,Chumphon,6,21,23:55,00:01,00:05,00:26,,
2025-05-25,สุราษฎร์ธานี,Surat Thani,30,30,02:20,02:50,02:23,02:53,,
2025-05-25,ชุมทางทุ่งสง,Thung Song Junction,22,20,04:08,04:30,04:18,04:38,,
2025-05-25,พัทลุง,Phatthalung,11,11,05:51,06:02,05:53,06:04,,
2025-05-25,ชุมทางหาดใหญ่,Hat Yai Junction,12,12,07:05,07:17,07:05,07:17,,
2025-05-26,กรุงเทพอภิวัฒน์,Bangkok (Krung Thep Aphiwat),-9,0,16:30,16:21,16:50,16:50,"เนื่องจากผ่านพื้นที่ก่อสร้าง, รถตกราง/รอเปิดทางเหตุรถตกราง, รอหลีกขบวนรถ","due to Passing construction site, an accident on the track, Wait for track cleared"
2025-05-26,บางบำหรุ,Bang Bamru,0,1,17:01,17:01,17:02,17:03,"เนื่องจากผ่านพื้นที่ก่อสร้าง, รถตกราง/รอเปิดทางเหตุรถตกราง, รอหลีกขบวนรถ","due to Passing construction site, an accident on the track, Wait for track cleared"
2025-05-26,ศาลายา,Sala Ya,0,0,17:22,17:22,17:23,17:23,"เนื่องจากผ่านพื้นที่ก่อสร้าง, รถตกราง/รอเปิดทางเหตุรถตกราง, รอหลีกขบวนรถ","due to Passing construction site, an accident on the track, Wait for track cleared"
2025-05-26,นครปฐม,Nakhon Pathom,4,4,17:48,17:52,17:50,17:54,"เนื่องจากผ่านพื้นที่ก่อสร้าง, รถตกราง/รอเปิดทางเหตุรถตกราง, รอหลีกขบวนรถ","due to Passing construction site, an accident on the track, Wait for track cleared"
2025-05-26,บ้านโป่ง,Ban Pong,4,4,18:08,18:12,18:09,18:13,"เนื่องจากผ่านพื้นที่ก่อสร้าง, รถตกราง/รอเปิดทางเหตุรถตกราง, รอหลีกขบวนรถ","due to Passing construction site, an accident on the track, Wait for track cleared"
2025-05-26,ราชบุรี,Ratchaburi,3,0,18:37,18:40,18:47,18:47,"เนื่องจากผ่านพื้นที่ก่อสร้าง, รถตกราง/รอเปิดทางเหตุรถตกราง, รอหลีกขบวนรถ","due to Passing construction site, an accident on the track, Wait for track cleared"
2025-05-26,เพชรบุรี,Phetchaburi,-4,0,19:30,19:26,19:31,19:31,"เนื่องจากผ่านพื้นที่ก่อสร้าง, รถตกราง/รอเปิดทางเหตุรถตกราง, รอหลีกขบวนรถ","due to Passing construction site, an accident on the track, Wait for track cleared"
2025-05-26,หัวหิน,Hua Hin,7,5,20:20,20:27,20:25,20:30,"เนื่องจากผ่านพื้นที่ก่อสร้าง, รถตกราง/รอเปิดทางเหตุรถตกราง, รอหลีกขบวนรถ","due to Passing construction site, an accident on the track, Wait for track cleared"
2025-05-26,ประจวบคีรีขันธ์,Prachuap Khiri Khan,-3,0,21:40,21:37,21:41,21:41,"เนื่องจากผ่านพื้นที่ก่อสร้าง, รถตกราง/รอเปิดทางเหตุรถตกราง, รอหลีกขบวนรถ","due to Passing construction site, an accident on the track, Wait for track cleared"
2025-05-26,ชุมพร,Chumphon,343,373,23:55,05:38,00:05,06:18,"เนื่องจากผ่านพื้นที่ก่อสร้าง, รถตกราง/รอเปิดทางเหตุรถตกราง, รอหลีกขบวนรถ","due to Passing construction site, an accident on the track, Wait for track cleared"
2025-05-26,สุราษฎร์ธานี,Surat Thani,412,412,02:20,09:12,02:23,09:15,"เนื่องจากผ่านพื้นที่ก่อสร้าง, รถตกราง/รอเปิดทางเหตุรถตกราง, รอหลีกขบวนรถ","due to Passing construction site, an accident on the track, Wait for track cleared"
2025-05-26,ชุมทางทุ่งสง,Thung Song Junction,401,400,04:08,10:49,04:18,10:58,"เนื่องจากผ่านพื้นที่ก่อสร้าง, รถตกราง/รอเปิดทางเหตุรถตกราง, รอหลีกขบวนรถ","due to Passing construction site, an accident on the track, Wait for track cleared"
2025-05-26,พัทลุง,Phatthalung,408,413,05:51,12:39,05:53,12:46,"เนื่องจากผ่านพื้นที่ก่อสร้าง, รถตกราง/รอเปิดทางเหตุรถตกราง, รอหลีกขบวนรถ","due to Passing construction site, an accident on the track, Wait for track cleared"
2025-05-26,ชุมทางหาดใหญ่,Hat Yai Junction,410,410,07:05,13:55,07:05,13:55,"เนื่องจากผ่านพื้นที่ก่อสร้าง, รถตกราง/รอเปิดทางเหตุรถตกราง, รอหลีกขบวนรถ","due to Passing construction site, an accident on the track, Wait for track cleared"
2025-05-27,กรุงเทพอภิวัฒน์,Bangkok (Krung Thep Aphiwat),-16,0,16:30,16:14,16:50,16:50,,
2025-05-27,บางบำหรุ,Bang Bamru,0,0,17:01,17:01,17:02,17:02,,
2025-05-27,ศาลายา,Sala Ya,0,0,17:22,17:22,17:23,17:23,,
2025-05-27,นครปฐม,Nakhon Pathom,1,1,17:48,17:49,17:50,17:51,,
2025-05-27,บ้านโป่ง,Ban Pong,3,3,18:08,18:11,18:09,18:12,,
2025-05-27,ราชบุรี,Ratchaburi,1,0,18:37,18:38,18:47,18:47,,
2025-05-27,เพชรบุรี,Phetchaburi,-6,0,19:30,19:24,19:31,19:31,,
2025-05-27,หัวหิน,Hua Hin,2,1,20:20,20:22,20:25,20:26,,
2025-05-27,ประจวบคีรีขันธ์,Prachuap Khiri Khan,-6,0,21:40,21:34,21:41,21:41,,
2025-05-27,ชุมพร,Chumphon,-5,1,23:55,23:50,00:05,00:06,,
2025-05-27,สุราษฎร์ธานี,Surat Thani,16,16,02:20,02:36,02:23,02:39,,
2025-05-27,ชุมทางทุ่งสง,Thung Song Junction,6,4,04:08,04:14,04:18,04:22,,
2025-05-27,พัทลุง,Phatthalung,-8,0,05:51,05:43,05:53,05:53,,
2025-05-27,ชุมทางหาดใหญ่,Hat Yai Junction,5,5,07:05,07:10,07:05,07:10,,
2025-05-28,กรุงเทพอภิวัฒน์,Bangkok (Krung Thep Aphiwat),-11,0,16:30,16:19,16:50,16:50,,
2025-05-28,บางบำหรุ,Bang Bamru,0,0,17:01,17:01,17:02,17:02,,
2025-05-28,ศาลายา,Sala Ya,0,0,17:22,17:22,17:23,17:23,,
2025-05-28,นครปฐม,Nakhon Pathom,0,0,17:48,17:48,17:50,17:50,,
2025-05-28,บ้านโป่ง,Ban Pong,1,1,18:08,18:09,18:09,18:10,,
2025-05-28,ราชบุรี,Ratchaburi,2,0,18:37,18:39,18:47,18:47,,
2025-05-28,เพชรบุรี,Phetchaburi,-6,0,19:30,19:24,19:31,19:31,,
2025-05-28,หัวหิน,Hua Hin,4,2,20:20,20:24,20:25,20:27,,
2025-05-28,ประจวบคีรีขันธ์,Prachuap Khiri Khan,-5,0,21:40,21:35,21:41,21:41,,
2025-05-28,ชุมพร,Chumphon,-6,4,23:55,23:49,00:05,00:09,,
2025-05-28,สุราษฎร์ธานี,Surat Thani,27,27,02:20,02:47,02:23,02:50,,
2025-05-28,ชุมทางทุ่งสง,Thung Song Junction,12,11,04:08,04:20,04:18,04:29,,
2025-05-28,พัทลุง,Phatthalung,0,0,05:51,05:51,05:53,05:53,,
2025-05-28,ชุมทางหาดใหญ่,Hat Yai Junction,10,10,07:05,07:15,07:05,07:15,,
2025-05-29,กรุงเทพอภิวัฒน์,Bangkok (Krung Thep Aphiwat),-20,0,16:30,16:10,16:50,16:50,,
2025-05-29,บางบำหรุ,Bang Bamru,0,0,17:01,17:01,17:02,17:02,,
2025-05-29,ศาลายา,Sala Ya,0,0,17:22,17:22,17:23,17:23,,
2025-05-29,นครปฐม,Nakhon Pathom,0,0,17:48,17:48,17:50,17:50,,
2025-05-29,บ้านโป่ง,Ban Pong,1,1,18:08,18:09,18:09,18:10,,
2025-05-29,ราชบุรี,Ratchaburi,0,0,18:37,18:37,18:47,18:47,,
2025-05-29,เพชรบุรี,Phetchaburi,-9,0,19:30,19:21,19:31,19:31,,
2025-05-29,หัวหิน,Hua Hin,5,5,20:20,20:25,20:25,20:30,,
2025-05-29,ประจวบคีรีขันธ์,Prachuap Khiri Khan,-3,0,21:40,21:37,21:41,21:41,,
2025-05-29,ชุมพร,Chumphon,3,10,23:55,23:58,00:05,00:15,,
2025-05-29,สุราษฎร์ธานี,Surat Thani,42,42,02:20,03:02,02:23,03:05,,
2025-05-29,ชุมทางทุ่งสง,Thung Song Junction,41,39,04:08,04:49,04:18,04:57,,
2025-05-29,พัทลุง,Phatthalung,28,28,05:51,06:19,05:53,06:21,,
2025-05-29,ชุมทางหาดใหญ่,Hat Yai Junction,20,20,07:05,07:25,07:05,07:25,,
2025-05-30,กรุงเทพอภิวัฒน์,Bangkok (Krung Thep Aphiwat),-10,0,16:30,16:20,16:50,16:50,,
2025-05-30,บางบำหรุ,Bang Bamru,0,0,17:01,17:01,17:02,17:02,,
2025-05-30,ศาลายา,Sala Ya,0,0,17:22,17:22,17:23,17:23,,
2025-05-30,นครปฐม,Nakhon Pathom,0,0,17:48,17:48,17:50,17:50,,
2025-05-30,บ้านโป่ง,Ban Pong,0,0,18:08,18:08,18:09,18:09,,
2025-05-30,ราชบุรี,Ratchaburi,0,0,18:37,18:37,18:47,18:47,,
2025-05-30,เพชรบุรี,Phetchaburi,-1,0,19:30,19:29,19:31,19:31,,
2025-05-30,หัวหิน,Hua Hin,0,0,20:20,20:20,20:25,20:25,,
2025-05-30,ประจวบคีรีขันธ์,Prachuap Khiri Khan,-4,0,21:40,21:36,21:41,21:41,,
2025-05-30,ชุมพร,Chumphon,6,13,23:55,00:01,00:05,00:18,,
2025-05-30,สุราษฎร์ธานี,Surat Thani,30,30,02:20,02:50,02:23,02:53,,
2025-05-30,ชุมทางทุ่งสง,Thung Song Junction,26,22,04:08,04:34,04:18,04:40,,
2025-05-30,พัทลุง,Phatthalung,10,10,05:51,06:01,05:53,06:03,,
2025-05-30,ชุมทางหาดใหญ่,Hat Yai Junction,13,13,07:05,07:18,07:05,07:18,,
2025-05-31,กรุงเทพอภิวัฒน์,Bangkok (Krung Thep Aphiwat),-9,0,16:30,16:21,16:50,16:50,,
2025-05-31,บางบำหรุ,Bang Bamru,0,0,17:01,17:01,17:02,17:02,,
2025-05-31,ศาลายา,Sala Ya,4,4,17:22,17:26,17:23,17:27,,
2025-05-31,นครปฐม,Nakhon Pathom,6,6,17:48,17:54,17:50,17:56,,
2025-05-31,บ้านโป่ง,Ban Pong,8,8,18:08,18:16,18:09,18:17,,
2025-05-31,ราชบุรี,Ratchaburi,7,0,18:37,18:44,18:47,18:47,,
2025-05-31,เพชรบุรี,Phetchaburi,-4,0,19:30,19:26,19:31,19:31,,
2025-05-31,หัวหิน,Hua Hin,4,2,20:20,20:24,20:25,20:27,,
2025-05-31,ประจวบคีรีขันธ์,Prachuap Khiri Khan,-5,0,21:40,21:35,21:41,21:41,,
2025-05-31,ชุมพร,Chumphon,6,8,23:55,00:01,00:05,00:13,,
2025-05-31,สุราษฎร์ธานี,Surat Thani,37,37,02:20,02:57,02:23,03:00,,
2025-05-31,ชุมทางทุ่งสง,Thung Song Junction,30,27,04:08,04:38,04:18,04:45,,
2025-05-31,พัทลุง,Phatthalung,19,19,05:51,06:10,05:53,06:12,,
2025-05-31,ชุมทางหาดใหญ่,Hat Yai Junction,15,15,07:05,07:20,07:05,07:20,,
2025-06-01,กรุงเทพอภิวัฒน์,Bangkok (Krung Thep Aphiwat),-11,0,16:30,16:19,16:50,16:50,,
2025-06-01,บางบำหรุ,Bang Bamru,0,0,17:01,17:01,17:02,17:02,,
2025-06-01,ศาลายา,Sala Ya,0,0,17:22,17:22,17:23,17:23,,
2025-06-01,นครปฐม,Nakhon Pathom,0,0,17:48,17:48,17:50,17:50,,
2025-06-01,บ้านโป่ง,Ban Pong,0,0,18:08,18:08,18:09,18:09,,
2025-06-01,ราชบุรี,Ratchaburi,-2,0,18:37,18:35,18:47,18:47,,
2025-06-01,เพชรบุรี,Phetchaburi,-7,0,19:30,19:23,19:31,19:31,,
2025-06-01,หัวหิน,Hua Hin,8,6,20:20,20:28,20:25,20:31,,
2025-06-01,ประจวบคีรีขันธ์,Prachuap Khiri Khan,-2,0,21:40,21:38,21:41,21:41,,
2025-06-01,ชุมพร,Chumphon,-5,0,23:55,23:50,00:05,00:05,,
2025-06-01,สุราษฎร์ธานี,Surat Thani,31,31,02:20,02:51,02:23,02:54,,
2025-06-01,ชุมทางทุ่งสง,Thung Song Junction,25,24,04:08,04:33,04:18,04:42,,
2025-06-01,พัทลุง,Phatthalung,11,11,05:51,06:02,05:53,06:04,,
2025-06-01,ชุมทางหาดใหญ่,Hat Yai Junction,12,12,07:05,07:17,07:05,07:17,,
2025-06-02,กรุงเทพอภิวัฒน์,Bangkok (Krung Thep Aphiwat),-21,0,16:30,16:09,16:50,16:50,,
2025-06-02,บางบำหรุ,Bang Bamru,0,0,17:01,17:01,17:02,17:02,,
2025-06-02,ศาลายา,Sala Ya,0,0,17:22,17:22,17:23,17:23,,
2025-06-02,นครปฐม,Nakhon Pathom,4,5,17:48,17:52,17:50,17:55,,
2025-06-02,บ้านโป่ง,Ban Pong,8,8,18:08,18:16,18:09,18:17,,
2025-06-02,ราชบุรี,Ratchaburi,6,0,18:37,18:43,18:47,18:47,,
2025-06-02,เพชรบุรี,Phetchaburi,-5,0,19:30,19:25,19:31,19:31,,
2025-06-02,หัวหิน,Hua Hin,7,7,20:20,20:27,20:25,20:32,,
2025-06-02,ประจวบคีรีขันธ์,Prachuap Khiri Khan,0,0,21:40,21:40,21:41,21:41,,
2025-06-02,ชุมพร,Chumphon,0,6,23:55,23:55,00:05,00:11,,
2025-06-02,สุราษฎร์ธานี,Surat Thani,21,21,02:20,02:41,02:23,02:44,,
2025-06-02,ชุมทางทุ่งสง,Thung Song Junction,20,17,04:08,04:28,04:18,04:35,,
2025-06-02,พัทลุง,Phatthalung,7,7,05:51,05:58,05:53,06:00,,
2025-06-02,ชุมทางหาดใหญ่,Hat Yai Junction,8,8,07:05,07:13,07:05,07:13,,
2025-06-03,กรุงเทพอภิวัฒน์,Bangkok (Krung Thep Aphiwat),-10,0,16:30,16:20,16:50,16:50,,
2025-06-03,บางบำหรุ,Bang Bamru,0,0,17:01,17:01,17:02,17:02,,
2025-06-03,ศาลายา,Sala Ya,0,0,17:22,17:22,17:23,17:23,,
2025-06-03,นครปฐม,Nakhon Pathom,0,0,17:48,17:48,17:50,17:50,,
2025-06-03,บ้านโป่ง,Ban Pong,2,2,18:08,18:10,18:09,18:11,,
2025-06-03,ราชบุรี,Ratchaburi,0,0,18:37,18:37,18:47,18:47,,
2025-06-03,เพชรบุรี,Phetchaburi,-5,0,19:30,19:25,19:31,19:31,,
2025-06-03,หัวหิน,Hua Hin,4,2,20:20,20:24,20:25,20:27,,
2025-06-03,ประจวบคีรีขันธ์,Prachuap Khiri Khan,-4,0,21:40,21:36,21:41,21:41,,
2025-06-03,ชุมพร,Chumphon,3,7,23:55,23:58,00:05,00:12,,
2025-06-03,สุราษฎร์ธานี,Surat Thani,38,38,02:20,02:58,02:23,03:01,,
2025-06-03,ชุมทางทุ่งสง,Thung Song Junction,35,32,04:08,04:43,04:18,04:50,,
2025-06-03,พัทลุง,Phatthalung,18,18,05:51,06:09,05:53,06:11,,
2025-06-03,ชุมทางหาดใหญ่,Hat Yai Junction,15,15,07:05,07:20,07:05,07:20,,
2025-06-04,กรุงเทพอภิวัฒน์,Bangkok (Krung Thep Aphiwat),-10,0,16:30,16:20,16:50,16:50,"เนื่องจากผ่านพื้นที่ก่อสร้าง, รอหลีกขบวนรถ","due to Passing construction site, Wait for track cleared"
2025-06-04,บางบำหรุ,Bang Bamru,0,0,17:01,17:01,17:02,17:02,"เนื่องจากผ่านพื้นที่ก่อสร้าง, รอหลีกขบวนรถ","due to Passing construction site, Wait for track cleared"
2025-06-04,ศาลายา,Sala Ya,0,0,17:22,17:22,17:23,17:23,"เนื่องจากผ่านพื้นที่ก่อสร้าง, รอหลีกขบวนรถ","due to Passing construction site, Wait for track cleared"
2025-06-04,นครปฐม,Nakhon Pathom,8,8,17:48,17:56,17:50,17:58,"เนื่องจากผ่านพื้นที่ก่อสร้าง, รอหลีกขบวนรถ","due to Passing construction site, Wait for track cleared"
2025-06-04,บ้านโป่ง,Ban Pong,12,12,18:08,18:20,18:09,18:21,"เนื่องจากผ่านพื้นที่ก่อสร้าง, รอหลีกขบวนรถ","due to Passing construction site, Wait for track cleared"
2025-06-04,ราชบุรี,Ratchaburi,9,1,18:37,18:46,18:47,18:48,"เนื่องจากผ่านพื้นที่ก่อสร้าง, รอหลีกขบวนรถ","due to Passing construction site, Wait for track cleared"
2025-06-04,เพชรบุรี,Phetchaburi,-3,0,19:30,19:27,19:31,19:31,"เนื่องจากผ่านพื้นที่ก่อสร้าง, รอหลีกขบวนรถ","due to Passing construction site, Wait for track cleared"
2025-06-04,หัวหิน,Hua Hin,7,5,20:20,20:27,20:25,20:30,"เนื่องจากผ่านพื้นที่ก่อสร้าง, รอหลีกขบวนรถ","due to Passing construction site, Wait for track cleared"
2025-06-04,ประจวบคีรีขันธ์,Prachuap Khiri Khan,-4,0,21:40,21:36,21:41,21:41,"เนื่องจากผ่านพื้นที่ก่อสร้าง, รอหลีกขบวนรถ","due to Passing construction site, Wait for track cleared"
2025-06-04,ชุมพร,Chumphon,6,6,23:55,00:01,00:05,00:11,"เนื่องจากผ่านพื้นที่ก่อสร้าง, รอหลีกขบวนรถ","due to Passing construction site, Wait for track cleared"
2025-06-04,สุราษฎร์ธานี,Surat Thani,46,46,02:20,03:06,02:23,03:09,"เนื่องจากผ่านพื้นที่ก่อสร้าง, รอหลีกขบวนรถ","due to Passing construction site, Wait for track cleared"
2025-06-04,ชุมทางทุ่งสง,Thung Song Junction,48,46,04:08,04:56,04:18,05:04,"เนื่องจากผ่านพื้นที่ก่อสร้าง, รอหลีกขบวนรถ","due to Passing construction site, Wait for track cleared"
2025-06-04,พัทลุง,Phatthalung,35,35,05:51,06:26,05:53,06:28,"เนื่องจากผ่านพื้นที่ก่อสร้าง, รอหลีกขบวนรถ","due to Passing construction site, Wait for track cleared"
2025-06-04,ชุมทางหาดใหญ่,Hat Yai Junction,37,37,07:05,07:42,07:05,07:42,"เนื่องจากผ่านพื้นที่ก่อสร้าง, รอหลีกขบวนรถ","due to Passing construction site, Wait for track cleared"
2025-06-05,กรุงเทพอภิวัฒน์,Bangkok (Krung Thep Aphiwat),-11,0,16:30,16:19,16:50,16:50,"เนื่องจากผ่านพื้นที่ก่อสร้าง, รอทาง, รอหลีกขบวนรถ","due to Passing construction site, Wait for track cleared, Wait for track cleared"
2025-06-05,บางบำหรุ,Bang Bamru,0,0,17:01,17:01,17:02,17:02,"เนื่องจากผ่านพื้นที่ก่อสร้าง, รอทาง, รอหลีกขบวนรถ","due to Passing construction site, Wait for track cleared, Wait for track cleared"
2025-06-05,ศาลายา,Sala Ya,0,0,17:22,17:22,17:23,17:23,"เนื่องจากผ่านพื้นที่ก่อสร้าง, รอทาง, รอหลีกขบวนรถ","due to Passing construction site, Wait for track cleared, Wait for track cleared"
2025-06-05,นครปฐม,Nakhon Pathom,2,2,17:48,17:50,17:50,17:52,"เนื่องจากผ่านพื้นที่ก่อสร้าง, รอทาง, รอหลีกขบวนรถ","due to Passing construction site, Wait for track cleared, Wait for track cleared"
2025-06-05,บ้านโป่ง,Ban Pong,2,2,18:08,18:10,18:09,18:11,"เนื่องจากผ่านพื้นที่ก่อสร้าง, รอทาง, รอหลีกขบวนรถ","due to Passing construction site, Wait for track cleared, Wait for track cleared"
2025-06-05,ราชบุรี,Ratchaburi,0,0,18:37,18:37,18:47,18:47,"เนื่องจากผ่านพื้นที่ก่อสร้าง, รอทาง, รอหลีกขบวนรถ","due to Passing construction site, Wait for track cleared, Wait for track cleared"
2025-06-05,เพชรบุรี,Phetchaburi,-5,0,19:30,19:25,19:31,19:31,"เนื่องจากผ่านพื้นที่ก่อสร้าง, รอทาง, รอหลีกขบวนรถ","due to Passing construction site, Wait for track cleared, Wait for track cleared"
2025-06-05,หัวหิน,Hua Hin,3,2,20:20,20:23,20:25,20:27,"เนื่องจากผ่านพื้นที่ก่อสร้าง, รอทาง, รอหลีกขบวนรถ","due to Passing construction site, Wait for track cleared, Wait for track cleared"
2025-06-05,ประจวบคีรีขันธ์,Prachuap Khiri Khan,-3,0,21:40,21:37,21:41,21:41,"เนื่องจากผ่านพื้นที่ก่อสร้าง, รอทาง, รอหลีกขบวนรถ","due to Passing construction site, Wait for track cleared, Wait for track cleared"
2025-06-05,ชุมพร,Chumphon,4,4,23:55,23:59,00:05,00:09,"เนื่องจากผ่านพื้นที่ก่อสร้าง, รอทาง, รอหลีกขบวนรถ","due to Passing construction site, Wait for track cleared, Wait for track cleared"
2025-06-05,สุราษฎร์ธานี,Surat Thani,30,30,02:20,02:50,02:23,02:53,"เนื่องจากผ่านพื้นที่ก่อสร้าง, รอทาง, รอหลีกขบวนรถ","due to Passing construction site, Wait for track cleared, Wait for track cleared"
2025-06-05,ชุมทางทุ่งสง,Thung Song Junction,50,49,04:08,04:58,04:18,05:07,"เนื่องจากผ่านพื้นที่ก่อสร้าง, รอทาง, รอหลีกขบวนรถ","due to Passing construction site, Wait for track cleared, Wait for track cleared"
2025-06-05,พัทลุง,Phatthalung,45,45,05:51,06:36,05:53,06:38,"เนื่องจากผ่านพื้นที่ก่อสร้าง, รอทาง, รอหลีกขบวนรถ","due to Passing construction site, Wait for track cleared, Wait for track cleared"
2025-06-05,ชุมทางหาดใหญ่,Hat Yai Junction,47,47,07:05,07:52,07:05,07:52,"เนื่องจากผ่านพื้นที่ก่อสร้าง, รอทาง, รอหลีกขบวนรถ","due to Passing construction site, Wait for track cleared, Wait for track cleared"
2025-06-06,กรุงเทพอภิวัฒน์,Bangkok (Krung Thep Aphiwat),-17,15,16:30,16:13,16:50,17:05,"เนื่องจากผ่านพื้นที่ก่อสร้าง, รอหลีกขบวนรถ","due to Passing construction site, Wait for track cleared"
2025-06-06,บางบำหรุ,Bang Bamru,15,15,17:01,17:16,17:02,17:17,"เนื่องจากผ่านพื้นที่ก่อสร้าง, รอหลีกขบวนรถ","due to Passing construction site, Wait for track cleared"
2025-06-06,ศาลายา,Sala Ya,14,14,17:22,17:36,17:23,17:37,"เนื่องจากผ่านพื้นที่ก่อสร้าง, รอหลีกขบวนรถ","due to Passing construction site, Wait for track cleared"
2025-06-06,นครปฐม,Nakhon Pathom,16,16,17:48,18:04,17:50,18:06,"เนื่องจากผ่านพื้นที่ก่อสร้าง, รอหลีกขบวนรถ","due to Passing construction site, Wait for track cleared"
2025-06-06,บ้านโป่ง,Ban Pong,27,27,18:08,18:35,18:09,18:36,"เนื่องจากผ่านพื้นที่ก่อสร้าง, รอหลีกขบวนรถ","due to Passing construction site, Wait for track cleared"
2025-06-06,ราชบุรี,Ratchaburi,28,20,18:37,19:05,18:47,19:07,"เนื่องจากผ่านพื้นที่ก่อสร้าง, รอหลีกขบวนรถ","due to Passing construction site, Wait for track cleared"
2025-06-06,เพชรบุรี,Phetchaburi,25,25,19:30,19:55,19:31,19:56,"เนื่องจากผ่านพื้นที่ก่อสร้าง, รอหลีกขบวนรถ","due to Passing construction site, Wait for track cleared"
2025-06-06,หัวหิน,Hua Hin,33,31,20:20,20:53,20:25,20:56,"เนื่องจากผ่านพื้นที่ก่อสร้าง, รอหลีกขบวนรถ","due to Passing construction site, Wait for track cleared"
2025-06-06,ประจวบคีรีขันธ์,Prachuap Khiri Khan,25,25,21:40,22:05,21:41,22:06,"เนื่องจากผ่านพื้นที่ก่อสร้าง, รอหลีกขบวนรถ","due to Passing construction site, Wait for track cleared"
2025-06-06,ชุมพร,Chumphon,27,26,23:55,00:22,00:05,00:31,"เนื่องจากผ่านพื้นที่ก่อสร้าง, รอหลีกขบวนรถ","due to Passing construction site, Wait for track cleared"
2025-06-06,สุราษฎร์ธานี,Surat Thani,52,52,02:20,03:12,02:23,03:15,"เนื่องจากผ่านพื้นที่ก่อสร้าง, รอหลีกขบวนรถ","due to Passing construction site, Wait for track cleared"
2025-06-06,ชุมทางทุ่งสง,Thung Song Junction,42,40,04:08,04:50,04:18,04:58,"เนื่องจากผ่านพื้นที่ก่อสร้าง, รอหลีกขบวนรถ","due to Passing construction site, Wait for track cleared"
2025-06-06,พัทลุง,Phatthalung,29,29,05:51,06:20,05:53,06:22,"เนื่องจากผ่านพื้นที่ก่อสร้าง, รอหลีกขบวนรถ","due to Passing construction site, Wait for track cleared"
2025-06-06,ชุมทางหาดใหญ่,Hat Yai Junction,30,30,07:05,07:35,07:05,07:35,"เนื่องจากผ่านพื้นที่ก่อสร้าง, รอหลีกขบวนรถ","due to Passing construction site, Wait for track cleared"
2025-06-07,กรุงเทพอภิวัฒน์,Bangkok (Krung Thep Aphiwat),-6,0,16:30,16:24,16:50,16:50,,
2025-06-07,บางบำหรุ,Bang Bamru,0,0,17:01,17:01,17:02,17:02,,
2025-06-07,ศาลายา,Sala Ya,0,0,17:22,17:22,17:23,17:23,,
2025-06-07,นครปฐม,Nakhon Pathom,2,2,17:48,17:50,17:50,17:52,,
2025-06-07,บ้านโป่ง,Ban Pong,3,3,18:08,18:11,18:09,18:12,,
2025-06-07,ราชบุรี,Ratchaburi,3,0,18:37,18:40,18:47,18:47,,
2025-06-07,เพชรบุรี,Phetchaburi,-4,0,19:30,19:26,19:31,19:31,,
2025-06-07,หัวหิน,Hua Hin,6,5,20:20,20:26,20:25,20:30,,
2025-06-07,ประจวบคีรีขันธ์,Prachuap Khiri Khan,0,0,21:40,21:40,21:41,21:41,,
2025-06-07,ชุมพร,Chumphon,0,3,23:55,23:55,00:05,00:08,,
2025-06-07,สุราษฎร์ธานี,Surat Thani,41,41,02:20,03:01,02:23,03:04,,
2025-06-07,ชุมทางทุ่งสง,Thung Song Junction,37,35,04:08,04:45,04:18,04:53,,
2025-06-07,พัทลุง,Phatthalung,23,23,05:51,06:14,05:53,06:16,,
2025-06-07,ชุมทางหาดใหญ่,Hat Yai Junction,19,19,07:05,07:24,07:05,07:24,,
2025-06-08,กรุงเทพอภิวัฒน์,Bangkok (Krung Thep Aphiwat),-10,0,16:30,16:20,16:50,16:50,"เนื่องจากผ่านพื้นที่ก่อสร้าง, รอหลีกขบวนรถ","due to Passing construction site, Wait for track cleared"
2025-06-08,บางบำหรุ,Bang Bamru,0,0,17:01,17:01,17:02,17:02,"เนื่องจากผ่านพื้นที่ก่อสร้าง, รอหลีกขบวนรถ","due to Passing construction site, Wait for track cleared"
2025-06-08,ศาลายา,Sala Ya,0,0,17:22,17:22,17:23,17:23,"เนื่องจากผ่านพื้นที่ก่อสร้าง, รอหลีกขบวนรถ","due to Passing construction site, Wait for track cleared"
2025-06-08,นครปฐม,Nakhon Pathom,2,2,17:48,17:50,17:50,17:52,"เนื่องจากผ่านพื้นที่ก่อสร้าง, รอหลีกขบวนรถ","due to Passing construction site, Wait for track cleared"
2025-06-08,บ้านโป่ง,Ban Pong,3,3,18:08,18:11,18:09,18:12,"เนื่องจากผ่านพื้นที่ก่อสร้าง, รอหลีกขบวนรถ","due to Passing construction site, Wait for track cleared"
2025-06-08,ราชบุรี,Ratchaburi,0,0,18:37,18:37,18:47,18:47,"เนื่องจากผ่านพื้นที่ก่อสร้าง, รอหลีกขบวนรถ","due to Passing construction site, Wait for track cleared"
2025-06-08,เพชรบุรี,Phetchaburi,-6,0,19:30,19:24,19:31,19:31,"เนื่องจากผ่านพื้นที่ก่อสร้าง, รอหลีกขบวนรถ","due to Passing construction site, Wait for track cleared"
2025-06-08,หัวหิน,Hua Hin,4,2,20:20,20:24,20:25,20:27,"เนื่องจากผ่านพื้นที่ก่อสร้าง, รอหลีกขบวนรถ","due to Passing construction site, Wait for track cleared"
2025-06-08,ประจวบคีรีขันธ์,Prachuap Khiri Khan,-4,0,21:40,21:36,21:41,21:41,"เนื่องจากผ่านพื้นที่ก่อสร้าง, รอหลีกขบวนรถ","due to Passing construction site, Wait for track cleared"
2025-06-08,ชุมพร,Chumphon,0,0,23:55,23:55,00:05,00:05,"เนื่องจากผ่านพื้นที่ก่อสร้าง, รอหลีกขบวนรถ","due to Passing construction site, Wait for track cleared"
2025-06-08,สุราษฎร์ธานี,Surat Thani,43,43,02:20,03:03,02:23,03:06,"เนื่องจากผ่านพื้นที่ก่อสร้าง, รอหลีกขบวนรถ","due to Passing construction site, Wait for track cleared"
2025-06-08,ชุมทางทุ่งสง,Thung Song Junction,41,41,04:08,04:49,04:18,04:59,"เนื่องจากผ่านพื้นที่ก่อสร้าง, รอหลีกขบวนรถ","due to Passing construction site, Wait for track cleared"
2025-06-08,พัทลุง,Phatthalung,27,27,05:51,06:18,05:53,06:20,"เนื่องจากผ่านพื้นที่ก่อสร้าง, รอหลีกขบวนรถ","due to Passing construction site, Wait for track cleared"
2025-06-08,ชุมทางหาดใหญ่,Hat Yai Junction,30,30,07:05,07:35,07:05,07:35,"เนื่องจากผ่านพื้นที่ก่อสร้าง, รอหลีกขบวนรถ","due to Passing construction site, Wait for track cleared"
2025-06-09,กรุงเทพอภิวัฒน์,Bangkok (Krung Thep Aphiwat),-7,0,16:30,16:23,16:50,16:50,,
2025-06-09,บางบำหรุ,Bang Bamru,0,0,17:01,17:01,17:02,17:02,,
2025-06-09,ศาลายา,Sala Ya,0,2,17:22,17:22,17:23,17:25,,
2025-06-09,นครปฐม,Nakhon Pathom,2,2,17:48,17:50,17:50,17:52,,
2025-06-09,บ้านโป่ง,Ban Pong,4,4,18:08,18:12,18:09,18:13,,
2025-06-09,ราชบุรี,Ratchaburi,2,0,18:37,18:39,18:47,18:47,,
2025-06-09,เพชรบุรี,Phetchaburi,-7,0,19:30,19:23,19:31,19:31,,
2025-06-09,หัวหิน,Hua Hin,5,2,20:20,20:25,20:25,20:27,,
2025-06-09,ประจวบคีรีขันธ์,Prachuap Khiri Khan,-2,0,21:40,21:38,21:41,21:41,,
2025-06-09,ชุมพร,Chumphon,4,11,23:55,23:59,00:05,00:16,,
2025-06-09,สุราษฎร์ธานี,Surat Thani,30,30,02:20,02:50,02:23,02:53,,
2025-06-09,ชุมทางทุ่งสง,Thung Song Junction,22,22,04:08,04:30,04:18,04:40,,
2025-06-09,พัทลุง,Phatthalung,5,5,05:51,05:56,05:53,05:58,,
2025-06-09,ชุมทางหาดใหญ่,Hat Yai Junction,0,0,07:05,07:05,07:05,07:05,,
2025-06-10,กรุงเทพอภิวัฒน์,Bangkok (Krung Thep Aphiwat),-10,0,16:30,16:20,16:50,16:50,,
2025-06-10,บางบำหรุ,Bang Bamru,0,0,17:01,17:01,17:02,17:02,,
2025-06-10,ศาลายา,Sala Ya,0,0,17:22,17:22,17:23,17:23,,
2025-06-10,นครปฐม,Nakhon Pathom,1,1,17:48,17:49,17:50,17:51,,
2025-06-10,บ้านโป่ง,Ban Pong,2,2,18:08,18:10,18:09,18:11,,
2025-06-10,ราชบุรี,Ratchaburi,1,0,18:37,18:38,18:47,18:47,,
2025-06-10,เพชรบุรี,Phetchaburi,-9,0,19:30,19:21,19:31,19:31,,
2025-06-10,หัวหิน,Hua Hin,-2,0,20:20,20:18,20:25,20:25,,
2025-06-10,ประจวบคีรีขันธ์,Prachuap Khiri Khan,-7,0,21:40,21:33,21:41,21:41,,
2025-06-10,ชุมพร,Chumphon,8,11,23:55,00:03,00:05,00:16,,
2025-06-10,สุราษฎร์ธานี,Surat Thani,34,34,02:20,02:54,02:23,02:57,,
2025-06-10,ชุมทางทุ่งสง,Thung Song Junction,27,24,04:08,04:35,04:18,04:42,,
2025-06-10,พัทลุง,Phatthalung,12,12,05:51,06:03,05:53,06:05,,
2025-06-10,ชุมทางหาดใหญ่,Hat Yai Junction,12,12,07:05,07:17,07:05,07:17,,
2025-06-11,กรุงเทพอภิวัฒน์,Bangkok (Krung Thep Aphiwat),-11,0,16:30,16:19,16:50,16:50,,
2025-06-11,บางบำหรุ,Bang Bamru,0,0,17:01,17:01,17:02,17:02,,
2025-06-11,ศาลายา,Sala Ya,0,0,17:22,17:22,17:23,17:23,,
2025-06-11,นครปฐม,Nakhon Pathom,0,0,17:48,17:48,17:50,17:50,,
2025-06-11,บ้านโป่ง,Ban Pong,0,0,18:08,18:08,18:09,18:09,,
2025-06-11,ราชบุรี,Ratchaburi,0,0,18:37,18:37,18:47,18:47,,
2025-06-11,เพชรบุรี,Phetchaburi,-4,0,19:30,19:26,19:31,19:31,,
2025-06-11,หัวหิน,Hua Hin,1,0,20:20,20:21,20:25,20:25,,
2025-06-11,ประจวบคีรีขันธ์,Prachuap Khiri Khan,-3,0,21:40,21:37,21:41,21:41,,
2025-06-11,ชุมพร,Chumphon,-5,0,23:55,23:50,00:05,00:05,,
2025-06-11,สุราษฎร์ธานี,Surat Thani,14,14,02:20,02:34,02:23,02:37,,
2025-06-11,ชุมทางทุ่งสง,Thung Song Junction,5,3,04:08,04:13,04:18,04:21,,
2025-06-11,พัทลุง,Phatthalung,0,0,05:51,05:51,05:53,05:53,,
2025-06-11,ชุมทางหาดใหญ่,Hat Yai Junction,0,0,07:05,07:05,07:05,07:05,,
2025-06-12,กรุงเทพอภิวัฒน์,Bangkok (Krung Thep Aphiwat),-11,0,16:30,16:19,16:50,16:50,,
2025-06-12,บางบำหรุ,Bang Bamru,0,0,17:01,17:01,17:02,17:02,,
2025-06-12,ศาลายา,Sala Ya,0,0,17:22,17:22,17:23,17:23,,
2025-06-12,นครปฐม,Nakhon Pathom,0,0,17:48,17:48,17:50,17:50,,
2025-06-12,บ้านโป่ง,Ban Pong,0,0,18:08,18:08,18:09,18:09,,
2025-06-12,ราชบุรี,Ratchaburi,-2,0,18:37,18:35,18:47,18:47,,
2025-06-12,เพชรบุรี,Phetchaburi,-6,0,19:30,19:24,19:31,19:31,,
2025-06-12,หัวหิน,Hua Hin,1,0,20:20,20:21,20:25,20:25,,
2025-06-12,ประจวบคีรีขันธ์,Prachuap Khiri Khan,-6,0,21:40,21:34,21:41,21:41,,
2025-06-12,ชุมพร,Chumphon,-4,0,23:55,23:51,00:05,00:05,,
2025-06-12,สุราษฎร์ธานี,Surat Thani,43,43,02:20,03:03,02:23,03:06,,
2025-06-12,ชุมทางทุ่งสง,Thung Song Junction,39,37,04:08,04:47,04:18,04:55,,
2025-06-12,พัทลุง,Phatthalung,18,18,05:51,06:09,05:53,06:11,,
2025-06-12,ชุมทางหาดใหญ่,Hat Yai Junction,17,17,07:05,07:22,07:05,07:22,,
2025-06-13,กรุงเทพอภิวัฒน์,Bangkok (Krung Thep Aphiwat),-10,0,16:30,16:20,16:50,16:50,,
2025-06-13,บางบำหรุ,Bang Bamru,0,0,17:01,17:01,17:02,17:02,,
2025-06-13,ศาลายา,Sala Ya,0,0,17:22,17:22,17:23,17:23,,
2025-06-13,นครปฐม,Nakhon Pathom,0,2,17:48,17:48,17:50,17:52,,
2025-06-13,บ้านโป่ง,Ban Pong,2,2,18:08,18:10,18:09,18:11,,
2025-06-13,ราชบุรี,Ratchaburi,0,0,18:37,18:37,18:47,18:47,,
2025-06-13,เพชรบุรี,Phetchaburi,-6,0,19:30,19:24,19:31,19:31,,
2025-06-13,หัวหิน,Hua Hin,3,1,20:20,20:23,20:25,20:26,,
2025-06-13,ประจวบคีรีขันธ์,Prachuap Khiri Khan,-7,0,21:40,21:33,21:41,21:41,,
2025-06-13,ชุมพร,Chumphon,-4,0,23:55,23:51,00:05,00:05,,
2025-06-13,สุราษฎร์ธานี,Surat Thani,21,21,02:20,02:41,02:23,02:44,,
2025-06-13,ชุมทางทุ่งสง,Thung Song Junction,16,16,04:08,04:24,04:18,04:34,,
2025-06-13,พัทลุง,Phatthalung,0,0,05:51,05:51,05:53,05:53,,
2025-06-13,ชุมทางหาดใหญ่,Hat Yai Junction,0,0,07:05,07:05,07:05,07:05,,
2025-06-14,กรุงเทพอภิวัฒน์,Bangkok (Krung Thep Aphiwat),-11,0,16:30,16:19,16:50,16:50,"เนื่องจากผ่านพื้นที่ก่อสร้าง, รอทาง, รอหลีกขบวนรถ","due to Passing construction site, Wait for track cleared, Wait for track cleared"
2025-06-14,บางบำหรุ,Bang Bamru,0,0,17:01,17:01,17:02,17:02,"เนื่องจากผ่านพื้นที่ก่อสร้าง, รอทาง, รอหลีกขบวนรถ","due to Passing construction site, Wait for track cleared, Wait for track cleared"
2025-06-14,ศาลายา,Sala Ya,0,0,17:22,17:22,17:23,17:23,"เนื่องจากผ่านพื้นที่ก่อสร้าง, รอทาง, รอหลีกขบวนรถ","due to Passing construction site, Wait for track cleared, Wait for track cleared"
2025-06-14,นครปฐม,Nakhon Pathom,5,5,17:48,17:53,17:50,17:55,"เนื่องจากผ่านพื้นที่ก่อสร้าง, รอทาง, รอหลีกขบวนรถ","due to Passing construction site, Wait for track cleared, Wait for track cleared"
2025-06-14,บ้านโป่ง,Ban Pong,6,6,18:08,18:14,18:09,18:15,"เนื่องจากผ่านพื้นที่ก่อสร้าง, รอทาง, รอหลีกขบวนรถ","due to Passing construction site, Wait for track cleared, Wait for track cleared"
2025-06-14,ราชบุรี,Ratchaburi,5,0,18:37,18:42,18:47,18:47,"เนื่องจากผ่านพื้นที่ก่อสร้าง, รอทาง, รอหลีกขบวนรถ","due to Passing construction site, Wait for track cleared, Wait for track cleared"
2025-06-14,เพชรบุรี,Phetchaburi,-7,0,19:30,19:23,19:31,19:31,"เนื่องจากผ่านพื้นที่ก่อสร้าง, รอทาง, รอหลีกขบวนรถ","due to Passing construction site, Wait for track cleared, Wait for track cleared"
2025-06-14,หัวหิน,Hua Hin,4,3,20:20,20:24,20:25,20:28,"เนื่องจากผ่านพื้นที่ก่อสร้าง, รอทาง, รอหลีกขบวนรถ","due to Passing construction site, Wait for track cleared, Wait for track cleared"
2025-06-14,ประจวบคีรีขันธ์,Prachuap Khiri Khan,-3,0,21:40,21:37,21:41,21:41,"เนื่องจากผ่านพื้นที่ก่อสร้าง, รอทาง, รอหลีกขบวนรถ","due to Passing construction site, Wait for track cleared, Wait for track cleared"
2025-06-14,ชุมพร,Chumphon,7,5,23:55,00:02,00:05,00:10,"เนื่องจากผ่านพื้นที่ก่อสร้าง, รอทาง, รอหลีกขบวนรถ","due to Passing construction site, Wait for track cleared, Wait for track cleared"
2025-06-14,สุราษฎร์ธานี,Surat Thani,28,28,02:20,02:48,02:23,02:51,"เนื่องจากผ่านพื้นที่ก่อสร้าง, รอทาง, รอหลีกขบวนรถ","due to Passing construction site, Wait for track cleared, Wait for track cleared"
2025-06-14,ชุมทางทุ่งสง,Thung Song Junction,70,68,04:08,05:18,04:18,05:26,"เนื่องจากผ่านพื้นที่ก่อสร้าง, รอทาง, รอหลีกขบวนรถ","due to Passing construction site, Wait for track cleared, Wait for track cleared"
2025-06-14,พัทลุง,Phatthalung,55,55,05:51,06:46,05:53,06:48,"เนื่องจากผ่านพื้นที่ก่อสร้าง, รอทาง, รอหลีกขบวนรถ","due to Passing construction site, Wait for track cleared, Wait for track cleared"
2025-06-14,ชุมทางหาดใหญ่,Hat Yai Junction,51,51,07:05,07:56,07:05,07:56,"เนื่องจากผ่านพื้นที่ก่อสร้าง, รอทาง, รอหลีกขบวนรถ","due to Passing construction site, Wait for track cleared, Wait for track cleared"
2025-06-15,กรุงเทพอภิวัฒน์,Bangkok (Krung Thep Aphiwat),-10,0,16:30,16:20,16:50,16:50,,
2025-06-15,บางบำหรุ,Bang Bamru,0,0,17:01,17:01,17:02,17:02,,
2025-06-15,ศาลายา,Sala Ya,0,0,17:22,17:22,17:23,17:23,,
2025-06-15,นครปฐม,Nakhon Pathom,0,0,17:48,17:48,17:50,17:50,,
2025-06-15,บ้านโป่ง,Ban Pong,0,0,18:08,18:08,18:09,18:09,,
2025-06-15,ราชบุรี,Ratchaburi,-2,0,18:37,18:35,18:47,18:47,,
2025-06-15,เพชรบุรี,Phetchaburi,-6,0,19:30,19:24,19:31,19:31,,
2025-06-15,หัวหิน,Hua Hin,0,0,20:20,20:20,20:25,20:25,,
2025-06-15,ประจวบคีรีขันธ์,Prachuap Khiri Khan,-7,0,21:40,21:33,21:41,21:41,,
2025-06-15,ชุมพร,Chumphon,-2,0,23:55,23:53,00:05,00:05,,
2025-06-15,สุราษฎร์ธานี,Surat Thani,19,21,02:20,02:39,02:23,02:44,,
2025-06-15,ชุมทางทุ่งสง,Thung Song Junction,27,25,04:08,04:35,04:18,04:43,,
2025-06-15,พัทลุง,Phatthalung,8,8,05:51,05:59,05:53,06:01,,
2025-06-15,ชุมทางหาดใหญ่,Hat Yai Junction,5,5,07:05,07:10,07:05,07:10,,
2025-06-16,กรุงเทพอภิวัฒน์,Bangkok (Krung Thep Aphiwat),-10,0,16:30,16:20,16:50,16:50,,
2025-06-16,บางบำหรุ,Bang Bamru,0,0,17:01,17:01,17:02,17:02,,
2025-06-16,ศาลายา,Sala Ya,0,0,17:22,17:22,17:23,17:23,,
2025-06-16,นครปฐม,Nakhon Pathom,0,0,17:48,17:48,17:50,17:50,,
2025-06-16,บ้านโป่ง,Ban Pong,0,0,18:08,18:08,18:09,18:09,,
2025-06-16,ราชบุรี,Ratchaburi,-2,0,18:37,18:35,18:47,18:47,,
2025-06-16,เพชรบุรี,Phetchaburi,-4,0,19:30,19:26,19:31,19:31,,
2025-06-16,หัวหิน,Hua Hin,0,0,20:20,20:20,20:25,20:25,,
2025-06-16,ประจวบคีรีขันธ์,Prachuap Khiri Khan,-10,0,21:40,21:30,21:41,21:41,,
2025-06-16,ชุมพร,Chumphon,2,16,23:55,23:57,00:05,00:21,,
2025-06-16,สุราษฎร์ธานี,Surat Thani,47,47,02:20,03:07,02:23,03:10,,
2025-06-16,ชุมทางทุ่งสง,Thung Song Junction,45,43,04:08,04:53,04:18,05:01,,
2025-06-16,พัทลุง,Phatthalung,18,18,05:51,06:09,05:53,06:11,,
2025-06-16,ชุมทางหาดใหญ่,Hat Yai Junction,8,8,07:05,07:13,07:05,07:13,,
2025-06-17,กรุงเทพอภิวัฒน์,Bangkok (Krung Thep Aphiwat),-10,0,16:30,16:20,16:50,16:50,,
2025-06-17,บางบำหรุ,Bang Bamru,0,0,17:01,17:01,17:02,17:02,,
2025-06-17,ศาลายา,Sala Ya,0,0,17:22,17:22,17:23,17:23,,
2025-06-17,นครปฐม,Nakhon Pathom,0,0,17:48,17:48,17:50,17:50,,
2025-06-17,บ้านโป่ง,Ban Pong,0,0,18:08,18:08,18:09,18:09,,
2025-06-17,ราชบุรี,Ratchaburi,,0,18:37,,18:47,,,
2025-06-17,เพชรบุรี,Phetchaburi,-7,0,19:30,19:23,19:31,19:31,,
2025-06-17,หัวหิน,Hua Hin,3,2,20:20,20:23,20:25,20:27,,
2025-06-17,ประจวบคีรีขันธ์,Prachuap Khiri Khan,-9,0,21:40,21:31,21:41,21:41,,
2025-06-17,ชุมพร,Chumphon,-4,0,23:55,23:51,00:05,00:05,,
2025-06-17,สุราษฎร์ธานี,Surat Thani,37,37,02:20,02:57,02:23,03:00,,
2025-06-17,ชุมทางทุ่งสง,Thung Song Junction,33,31,04:08,04:41,04:18,04:49,,
2025-06-17,พัทลุง,Phatthalung,12,12,05:51,06:03,05:53,06:05,,
2025-06-17,ชุมทางหาดใหญ่,Hat Yai Junction,6,6,07:05,07:11,07:05,07:11,,
2025-06-18,กรุงเทพอภิวัฒน์,Bangkok (Krung Thep Aphiwat),-7,0,16:30,16:23,16:50,16:50,,
2025-06-18,บางบำหรุ,Bang Bamru,1,0,17:01,17:02,17:02,17:02,,
2025-06-18,ศาลายา,Sala Ya,0,0,17:22,17:22,17:23,17:23,,
2025-06-18,นครปฐม,Nakhon Pathom,4,4,17:48,17:52,17:50,17:54,,
2025-06-18,บ้านโป่ง,Ban Pong,5,5,18:08,18:13,18:09,18:14,,
2025-06-18,ราชบุรี,Ratchaburi,4,0,18:37,18:41,18:47,18:47,,
2025-06-18,เพชรบุรี,Phetchaburi,-5,0,19:30,19:25,19:31,19:31,,
2025-06-18,หัวหิน,Hua Hin,3,0,20:20,20:23,20:25,20:25,,
2025-06-18,ประจวบคีรีขันธ์,Prachuap Khiri Khan,-6,0,21:40,21:34,21:41,21:41,,
2025-06-18,ชุมพร,Chumphon,6,8,23:55,00:01,00:05,00:13,,
2025-06-18,สุราษฎร์ธานี,Surat Thani,29,29,02:20,02:49,02:23,02:52,,
2025-06-18,ชุมทางทุ่งสง,Thung Song Junction,36,36,04:08,04:44,04:18,04:54,,
2025-06-18,พัทลุง,Phatthalung,20,20,05:51,06:11,05:53,06:13,,
2025-06-18,ชุมทางหาดใหญ่,Hat Yai Junction,17,17,07:05,07:22,07:05,07:22,,
2025-06-19,กรุงเทพอภิวัฒน์,Bangkok (Krung Thep Aphiwat),-10,0,16:30,16:20,16:50,16:50,"เนื่องจากผ่านพื้นที่ก่อสร้าง, รอหลีกขบวนรถ","due to Passing construction site, Wait for track cleared"
2025-06-19,บางบำหรุ,Bang Bamru,0,0,17:01,17:01,17:02,17:02,"เนื่องจากผ่านพื้นที่ก่อสร้าง, รอหลีกขบวนรถ","due to Passing construction site, Wait for track cleared"
2025-06-19,ศาลายา,Sala Ya,0,0,17:22,17:22,17:23,17:23,"เนื่องจากผ่านพื้นที่ก่อสร้าง, รอหลีกขบวนรถ","due to Passing construction site, Wait for track cleared"
2025-06-19,นครปฐม,Nakhon Pathom,0,0,17:48,17:48,17:50,17:50,"เนื่องจากผ่านพื้นที่ก่อสร้าง, รอหลีกขบวนรถ","due to Passing construction site, Wait for track cleared"
2025-06-19,บ้านโป่ง,Ban Pong,0,0,18:08,18:08,18:09,18:09,"เนื่องจากผ่านพื้นที่ก่อสร้าง, รอหลีกขบวนรถ","due to Passing construction site, Wait for track cleared"
2025-06-19,ราชบุรี,Ratchaburi,-2,0,18:37,18:35,18:47,18:47,"เนื่องจากผ่านพื้นที่ก่อสร้าง, รอหลีกขบวนรถ","due to Passing construction site, Wait for track cleared"
2025-06-19,เพชรบุรี,Phetchaburi,-2,0,19:30,19:28,19:31,19:31,"เนื่องจากผ่านพื้นที่ก่อสร้าง, รอหลีกขบวนรถ","due to Passing construction site, Wait for track cleared"
2025-06-19,หัวหิน,Hua Hin,2,0,20:20,20:22,20:25,20:25,"เนื่องจากผ่านพื้นที่ก่อสร้าง, รอหลีกขบวนรถ","due to Passing construction site, Wait for track cleared"
2025-06-19,ประจวบคีรีขันธ์,Prachuap Khiri Khan,-11,0,21:40,21:29,21:41,21:41,"เนื่องจากผ่านพื้นที่ก่อสร้าง, รอหลีกขบวนรถ","due to Passing construction site, Wait for track cleared"
2025-06-19,ชุมพร,Chumphon,-13,5,23:55,23:42,00:05,00:10,"เนื่องจากผ่านพื้นที่ก่อสร้าง, รอหลีกขบวนรถ","due to Passing construction site, Wait for track cleared"
2025-06-19,สุราษฎร์ธานี,Surat Thani,45,45,02:20,03:05,02:23,03:08,"เนื่องจากผ่านพื้นที่ก่อสร้าง, รอหลีกขบวนรถ","due to Passing construction site, Wait for track cleared"
2025-06-19,ชุมทางทุ่งสง,Thung Song Junction,52,49,04:08,05:00,04:18,05:07,"เนื่องจากผ่านพื้นที่ก่อสร้าง, รอหลีกขบวนรถ","due to Passing construction site, Wait for track cleared"
2025-06-19,พัทลุง,Phatthalung,31,35,05:51,06:22,05:53,06:28,"เนื่องจากผ่านพื้นที่ก่อสร้าง, รอหลีกขบวนรถ","due to Passing construction site, Wait for track cleared"
2025-06-19,ชุมทางหาดใหญ่,Hat Yai Junction,37,37,07:05,07:42,07:05,07:42,"เนื่องจากผ่านพื้นที่ก่อสร้าง, รอหลีกขบวนรถ","due to Passing construction site, Wait for track cleared"
2025-06-20,กรุงเทพอภิวัฒน์,Bangkok (Krung Thep Aphiwat),-11,0,16:30,16:19,16:50,16:50,,
2025-06-20,บางบำหรุ,Bang Bamru,0,1,17:01,17:01,17:02,17:03,,
2025-06-20,ศาลายา,Sala Ya,1,1,17:22,17:23,17:23,17:24,,
2025-06-20,นครปฐม,Nakhon Pathom,1,1,17:48,17:49,17:50,17:51,,
2025-06-20,บ้านโป่ง,Ban Pong,1,1,18:08,18:09,18:09,18:10,,
2025-06-20,ราชบุรี,Ratchaburi,0,0,18:37,18:37,18:47,18:47,,
2025-06-20,เพชรบุรี,Phetchaburi,-6,0,19:30,19:24,19:31,19:31,,
2025-06-20,หัวหิน,Hua Hin,4,2,20:20,20:24,20:25,20:27,,
2025-06-20,ประจวบคีรีขันธ์,Prachuap Khiri Khan,-6,0,21:40,21:34,21:41,21:41,,
2025-06-20,ชุมพร,Chumphon,-6,0,23:55,23:49,00:05,00:05,,
2025-06-20,สุราษฎร์ธานี,Surat Thani,36,36,02:20,02:56,02:23,02:59,,
2025-06-20,ชุมทางทุ่งสง,Thung Song Junction,34,30,04:08,04:42,04:18,04:48,,
2025-06-20,พัทลุง,Phatthalung,15,15,05:51,06:06,05:53,06:08,,
2025-06-20,ชุมทางหาดใหญ่,Hat Yai Junction,7,7,07:05,07:12,07:05,07:12,,
2025-06-21,กรุงเทพอภิวัฒน์,Bangkok (Krung Thep Aphiwat),-11,0,16:30,16:19,16:50,16:50,,
2025-06-21,บางบำหรุ,Bang Bamru,0,0,17:01,17:01,17:02,17:02,,
2025-06-21,ศาลายา,Sala Ya,0,0,17:22,17:22,17:23,17:23,,
2025-06-21,นครปฐม,Nakhon Pathom,6,6,17:48,17:54,17:50,17:56,,
2025-06-21,บ้านโป่ง,Ban Pong,7,7,18:08,18:15,18:09,18:16,,
2025-06-21,ราชบุรี,Ratchaburi,3,0,18:37,18:40,18:47,18:47,,
2025-06-21,เพชรบุรี,Phetchaburi,-6,0,19:30,19:24,19:31,19:31,,
2025-06-21,หัวหิน,Hua Hin,3,2,20:20,20:23,20:25,20:27,,
2025-06-21,ประจวบคีรีขันธ์,Prachuap Khiri Khan,-4,0,21:40,21:36,21:41,21:41,,
2025-06-21,ชุมพร,Chumphon,4,4,23:55,23:59,00:05,00:09,,
2025-06-21,สุราษฎร์ธานี,Surat Thani,56,56,02:20,03:16,02:23,03:19,,
2025-06-21,ชุมทางทุ่งสง,Thung Song Junction,45,43,04:08,04:53,04:18,05:01,,
2025-06-21,พัทลุง,Phatthalung,22,22,05:51,06:13,05:53,06:15,,
2025-06-21,ชุมทางหาดใหญ่,Hat Yai Junction,11,11,07:05,07:16,07:05,07:16,,
2025-06-22,กรุงเทพอภิวัฒน์,Bangkok (Krung Thep Aphiwat),-10,0,16:30,16:20,16:50,16:50,,
2025-06-22,บางบำหรุ,Bang Bamru,0,0,17:01,17:01,17:02,17:02,,
2025-06-22,ศาลายา,Sala Ya,0,0,17:22,17:22,17:23,17:23,,
2025-06-22,นครปฐม,Nakhon Pathom,3,3,17:48,17:51,17:50,17:53,,
2025-06-22,บ้านโป่ง,Ban Pong,4,4,18:08,18:12,18:09,18:13,,
2025-06-22,ราชบุรี,Ratchaburi,3,0,18:37,18:40,18:47,18:47,,
2025-06-22,เพชรบุรี,Phetchaburi,-5,0,19:30,19:25,19:31,19:31,,
2025-06-22,หัวหิน,Hua Hin,6,4,20:20,20:26,20:25,20:29,,
2025-06-22,ประจวบคีรีขันธ์,Prachuap Khiri Khan,-5,4,21:40,21:35,21:41,21:45,,
2025-06-22,ชุมพร,Chumphon,0,6,23:55,23:55,00:05,00:11,,
2025-06-22,สุราษฎร์ธานี,Surat Thani,15,15,02:20,02:35,02:23,02:38,,
2025-06-22,ชุมทางทุ่งสง,Thung Song Junction,9,7,04:08,04:17,04:18,04:25,,
2025-06-22,พัทลุง,Phatthalung,0,0,05:51,05:51,05:53,05:53,,
2025-06-22,ชุมทางหาดใหญ่,Hat Yai Junction,0,0,07:05,07:05,07:05,07:05,,
2025-06-23,กรุงเทพอภิวัฒน์,Bangkok (Krung Thep Aphiwat),-11,0,16:30,16:19,16:50,16:50,,
2025-06-23,บางบำหรุ,Bang Bamru,0,0,17:01,17:01,17:02,17:02,,
2025-06-23,ศาลายา,Sala Ya,0,0,17:22,17:22,17:23,17:23,,
2025-06-23,นครปฐม,Nakhon Pathom,0,0,17:48,17:48,17:50,17:50,,
2025-06-23,บ้านโป่ง,Ban Pong,0,0,18:08,18:08,18:09,18:09,,
2025-06-23,ราชบุรี,Ratchaburi,0,0,18:37,18:37,18:47,18:47,,
2025-06-23,เพชรบุรี,Phetchaburi,-5,0,19:30,19:25,19:31,19:31,,
2025-06-23,หัวหิน,Hua Hin,3,3,20:20,20:23,20:25,20:28,,
2025-06-23,ประจวบคีรีขันธ์,Prachuap Khiri Khan,0,0,21:40,21:40,21:41,21:41,,
2025-06-23,ชุมพร,Chumphon,14,13,23:55,00:09,00:05,00:18,,
2025-06-23,สุราษฎร์ธานี,Surat Thani,38,38,02:20,02:58,02:23,03:01,,
2025-06-23,ชุมทางทุ่งสง,Thung Song Junction,34,31,04:08,04:42,04:18,04:49,,
2025-06-23,พัทลุง,Phatthalung,15,15,05:51,06:06,05:53,06:08,,
2025-06-23,ชุมทางหาดใหญ่,Hat Yai Junction,9,9,07:05,07:14,07:05,07:14,,
2025-06-24,กรุงเทพอภิวัฒน์,Bangkok (Krung Thep Aphiwat),-11,0,16:30,16:19,16:50,16:50,,
2025-06-24,บางบำหรุ,Bang Bamru,0,0,17:01,17:01,17:02,17:02,,
2025-06-24,ศาลายา,Sala Ya,0,0,17:22,17:22,17:23,17:23,,
2025-06-24,นครปฐม,Nakhon Pathom,2,2,17:48,17:50,17:50,17:52,,
2025-06-24,บ้านโป่ง,Ban Pong,2,2,18:08,18:10,18:09,18:11,,
2025-06-24,ราชบุรี,Ratchaburi,-2,0,18:37,18:35,18:47,18:47,,
2025-06-24,เพชรบุรี,Phetchaburi,-8,0,19:30,19:22,19:31,19:31,,
2025-06-24,หัวหิน,Hua Hin,-4,0,20:20,20:16,20:25,20:25,,
2025-06-24,ประจวบคีรีขันธ์,Prachuap Khiri Khan,-12,0,21:40,21:28,21:41,21:41,,
2025-06-24,ชุมพร,Chumphon,7,9,23:55,00:02,00:05,00:14,,
2025-06-24,สุราษฎร์ธานี,Surat Thani,33,33,02:20,02:53,02:23,02:56,,
2025-06-24,ชุมทางทุ่งสง,Thung Song Junction,22,20,04:08,04:30,04:18,04:38,,
2025-06-24,พัทลุง,Phatthalung,10,13,05:51,06:01,05:53,06:06,,
2025-06-24,ชุมทางหาดใหญ่,Hat Yai Junction,20,20,07:05,07:25,07:05,07:25,,
2025-06-25,กรุงเทพอภิวัฒน์,Bangkok (Krung Thep Aphiwat),-9,0,16:30,16:21,16:50,16:50,,
2025-06-25,บางบำหรุ,Bang Bamru,0,0,17:01,17:01,17:02,17:02,,
2025-06-25,ศาลายา,Sala Ya,0,1,17:22,17:22,17:23,17:24,,
2025-06-25,นครปฐม,Nakhon Pathom,2,2,17:48,17:50,17:50,17:52,,
2025-06-25,บ้านโป่ง,Ban Pong,0,0,18:08,18:08,18:09,18:09,,
2025-06-25,ราชบุรี,Ratchaburi,-3,0,18:37,18:34,18:47,18:47,,
2025-06-25,เพชรบุรี,Phetchaburi,-8,0,19:30,19:22,19:31,19:31,,
2025-06-25,หัวหิน,Hua Hin,4,2,20:20,20:24,20:25,20:27,,
2025-06-25,ประจวบคีรีขันธ์,Prachuap Khiri Khan,-4,0,21:40,21:36,21:41,21:41,,
2025-06-25,ชุมพร,Chumphon,-3,0,23:55,23:52,00:05,00:05,,
2025-06-25,สุราษฎร์ธานี,Surat Thani,32,32,02:20,02:52,02:23,02:55,,
2025-06-25,ชุมทางทุ่งสง,Thung Song Junction,22,22,04:08,04:30,04:18,04:40,,
2025-06-25,พัทลุง,Phatthalung,9,9,05:51,06:00,05:53,06:02,,
2025-06-25,ชุมทางหาดใหญ่,Hat Yai Junction,9,9,07:05,07:14,07:05,07:14,,
2025-06-26,กรุงเทพอภิวัฒน์,Bangkok (Krung Thep Aphiwat),-11,0,16:30,16:19,16:50,16:50,,
2025-06-26,บางบำหรุ,Bang Bamru,0,0,17:01,17:01,17:02,17:02,,
2025-06-26,ศาลายา,Sala Ya,0,0,17:22,17:22,17:23,17:23,,
2025-06-26,นครปฐม,Nakhon Pathom,2,2,17:48,17:50,17:50,17:52,,
2025-06-26,บ้านโป่ง,Ban Pong,1,1,18:08,18:09,18:09,18:10,,
2025-06-26,ราชบุรี,Ratchaburi,0,0,18:37,18:37,18:47,18:47,,
2025-06-26,เพชรบุรี,Phetchaburi,-6,4,19:30,19:24,19:31,19:35,,
2025-06-26,หัวหิน,Hua Hin,5,5,20:20,20:25,20:25,20:30,,
2025-06-26,ประจวบคีรีขันธ์,Prachuap Khiri Khan,-10,0,21:40,21:30,21:41,21:41,,
2025-06-26,ชุมพร,Chumphon,-13,0,23:55,23:42,00:05,00:05,,
2025-06-26,สุราษฎร์ธานี,Surat Thani,28,28,02:20,02:48,02:23,02:51,,
2025-06-26,ชุมทางทุ่งสง,Thung Song Junction,15,15,04:08,04:23,04:18,04:33,,
2025-06-26,พัทลุง,Phatthalung,0,0,05:51,05:51,05:53,05:53,,
2025-06-26,ชุมทางหาดใหญ่,Hat Yai Junction,2,2,07:05,07:07,07:05,07:07,,
2025-06-27,กรุงเทพอภิวัฒน์,Bangkok (Krung Thep Aphiwat),-11,0,16:30,16:19,16:50,16:50,,
2025-06-27,บางบำหรุ,Bang Bamru,0,2,17:01,17:01,17:02,17:04,,
2025-06-27,ศาลายา,Sala Ya,1,1,17:22,17:23,17:23,17:24,,
2025-06-27,นครปฐม,Nakhon Pathom,2,2,17:48,17:50,17:50,17:52,,
2025-06-27,บ้านโป่ง,Ban Pong,2,2,18:08,18:10,18:09,18:11,,
2025-06-27,ราชบุรี,Ratchaburi,0,0,18:37,18:37,18:47,18:47,,
2025-06-27,เพชรบุรี,Phetchaburi,-7,0,19:30,19:23,19:31,19:31,,
2025-06-27,หัวหิน,Hua Hin,4,2,20:20,20:24,20:25,20:27,,
2025-06-27,ประจวบคีรีขันธ์,Prachuap Khiri Khan,-2,0,21:40,21:38,21:41,21:41,,
2025-06-27,ชุมพร,Chumphon,0,13,23:55,23:55,00:05,00:18,,
2025-06-27,สุราษฎร์ธานี,Surat Thani,47,47,02:20,03:07,02:23,03:10,,
2025-06-27,ชุมทางทุ่งสง,Thung Song Junction,48,47,04:08,04:56,04:18,05:05,,
2025-06-27,พัทลุง,Phatthalung,30,30,05:51,06:21,05:53,06:23,,
2025-06-27,ชุมทางหาดใหญ่,Hat Yai Junction,20,20,07:05,07:25,07:05,07:25,,
2025-06-28,กรุงเทพอภิวัฒน์,Bangkok (Krung Thep Aphiwat),-10,0,16:30,16:20,16:50,16:50,,
2025-06-28,บางบำหรุ,Bang Bamru,0,0,17:01,17:01,17:02,17:02,,
2025-06-28,ศาลายา,Sala Ya,0,0,17:22,17:22,17:23,17:23,,
2025-06-28,นครปฐม,Nakhon Pathom,0,0,17:48,17:48,17:50,17:50,,
2025-06-28,บ้านโป่ง,Ban Pong,0,0,18:08,18:08,18:09,18:09,,
2025-06-28,ราชบุรี,Ratchaburi,-3,0,18:37,18:34,18:47,18:47,,
2025-06-28,เพชรบุรี,Phetchaburi,-6,0,19:30,19:24,19:31,19:31,,
2025-06-28,หัวหิน,Hua Hin,0,0,20:20,20:20,20:25,20:25,,
2025-06-28,ประจวบคีรีขันธ์,Prachuap Khiri Khan,-8,3,21:40,21:32,21:41,21:44,,
2025-06-28,ชุมพร,Chumphon,0,9,23:55,23:55,00:05,00:14,,
2025-06-28,สุราษฎร์ธานี,Surat Thani,40,40,02:20,03:00,02:23,03:03,,
2025-06-28,ชุมทางทุ่งสง,Thung Song Junction,44,41,04:08,04:52,04:18,04:59,,
2025-06-28,พัทลุง,Phatthalung,21,21,05:51,06:12,05:53,06:14,,
2025-06-28,ชุมทางหาดใหญ่,Hat Yai Junction,13,13,07:05,07:18,07:05,07:18,,
2025-06-29,กรุงเทพอภิวัฒน์,Bangkok (Krung Thep Aphiwat),-11,0,16:30,16:19,16:50,16:50,,
2025-06-29,บางบำหรุ,Bang Bamru,0,0,17:01,17:01,17:02,17:02,,
2025-06-29,ศาลายา,Sala Ya,32,32,17:22,17:54,17:23,17:55,,
2025-06-29,นครปฐม,Nakhon Pathom,33,33,17:48,18:21,17:50,18:23,,
2025-06-29,บ้านโป่ง,Ban Pong,33,33,18:08,18:41,18:09,18:42,,
2025-06-29,ราชบุรี,Ratchaburi,29,21,18:37,19:06,18:47,19:08,,
2025-06-29,เพชรบุรี,Phetchaburi,12,13,19:30,19:42,19:31,19:44,,
2025-06-29,หัวหิน,Hua Hin,18,16,20:20,20:38,20:25,20:41,,
2025-06-29,ประจวบคีรีขันธ์,Prachuap Khiri Khan,2,2,21:40,21:42,21:41,21:43,,
2025-06-29,ชุมพร,Chumphon,-6,0,23:55,23:49,00:05,00:05,,
2025-06-29,สุราษฎร์ธานี,Surat Thani,36,35,02:20,02:56,02:23,02:58,,
2025-06-29,ชุมทางทุ่งสง,Thung Song Junction,30,28,04:08,04:38,04:18,04:46,,
2025-06-29,พัทลุง,Phatthalung,8,8,05:51,05:59,05:53,06:01,,
2025-06-29,ชุมทางหาดใหญ่,Hat Yai Junction,3,3,07:05,07:08,07:05,07:08,,
2025-06-30,กรุงเทพอภิวัฒน์,Bangkok (Krung Thep Aphiwat),-12,0,16:30,16:18,16:50,16:50,,
2025-06-30,บางบำหรุ,Bang Bamru,0,0,17:01,17:01,17:02,17:02,,
2025-06-30,ศาลายา,Sala Ya,0,0,17:22,17:22,17:23,17:23,,
2025-06-30,นครปฐม,Nakhon Pathom,3,3,17:48,17:51,17:50,17:53,,
2025-06-30,บ้านโป่ง,Ban Pong,3,3,18:08,18:11,18:09,18:12,,
2025-06-30,ราชบุรี,Ratchaburi,0,0,18:37,18:37,18:47,18:47,,
2025-06-30,เพชรบุรี,Phetchaburi,-8,0,19:30,19:22,19:31,19:31,,
2025-06-30,หัวหิน,Hua Hin,5,3,20:20,20:25,20:25,20:28,,
2025-06-30,ประจวบคีรีขันธ์,Prachuap Khiri Khan,1,1,21:40,21:41,21:41,21:42,,
2025-06-30,ชุมพร,Chumphon,7,7,23:55,00:02,00:05,00:12,,
2025-06-30,สุราษฎร์ธานี,Surat Thani,24,24,02:20,02:44,02:23,02:47,,
2025-06-30,ชุมทางทุ่งสง,Thung Song Junction,20,15,04:08,04:28,04:18,04:33,,
2025-06-30,พัทลุง,Phatthalung,2,2,05:51,05:53,05:53,05:55,,
2025-06-30,ชุมทางหาดใหญ่,Hat Yai Junction,0,0,07:05,07:05,07:05,07:05,,
2025-07-01,กรุงเทพอภิวัฒน์,Bangkok (Krung Thep Aphiwat),-10,0,16:30,16:20,16:50,16:50,,
2025-07-01,บางบำหรุ,Bang Bamru,0,0,17:01,17:01,17:02,17:02,,
2025-07-01,ศาลายา,Sala Ya,0,0,17:22,17:22,17:23,17:23,,
2025-07-01,นครปฐม,Nakhon Pathom,2,2,17:48,17:50,17:50,17:52,,
2025-07-01,บ้านโป่ง,Ban Pong,6,6,18:08,18:14,18:09,18:15,,
2025-07-01,ราชบุรี,Ratchaburi,3,0,18:37,18:40,18:47,18:47,,
2025-07-01,เพชรบุรี,Phetchaburi,-1,1,19:30,19:29,19:31,19:32,,
2025-07-01,หัวหิน,Hua Hin,0,0,20:20,20:20,20:25,20:25,,
2025-07-01,ประจวบคีรีขันธ์,Prachuap Khiri Khan,-9,0,21:40,21:31,21:41,21:41,,
2025-07-01,ชุมพร,Chumphon,-7,6,23:55,23:48,00:05,00:11,,
2025-07-01,สุราษฎร์ธานี,Surat Thani,29,29,02:20,02:49,02:23,02:52,,
2025-07-01,ชุมทางทุ่งสง,Thung Song Junction,32,28,04:08,04:40,04:18,04:46,,
2025-07-01,พัทลุง,Phatthalung,16,16,05:51,06:07,05:53,06:09,,
2025-07-01,ชุมทางหาดใหญ่,Hat Yai Junction,18,18,07:05,07:23,07:05,07:23,,
2025-07-02,กรุงเทพอภิวัฒน์,Bangkok (Krung Thep Aphiwat),-11,0,16:30,16:19,16:50,16:50,,
2025-07-02,บางบำหรุ,Bang Bamru,0,0,17:01,17:01,17:02,17:02,,
2025-07-02,ศาลายา,Sala Ya,0,0,17:22,17:22,17:23,17:23,,
2025-07-02,นครปฐม,Nakhon Pathom,0,0,17:48,17:48,17:50,17:50,,
2025-07-02,บ้านโป่ง,Ban Pong,0,0,18:08,18:08,18:09,18:09,,
2025-07-02,ราชบุรี,Ratchaburi,0,0,18:37,18:37,18:47,18:47,,
2025-07-02,เพชรบุรี,Phetchaburi,-9,0,19:30,19:21,19:31,19:31,,
2025-07-02,หัวหิน,Hua Hin,0,0,20:20,20:20,20:25,20:25,,
2025-07-02,ประจวบคีรีขันธ์,Prachuap Khiri Khan,-9,0,21:40,21:31,21:41,21:41,,
2025-07-02,ชุมพร,Chumphon,-11,0,23:55,23:44,00:05,00:05,,
2025-07-02,สุราษฎร์ธานี,Surat Thani,26,26,02:20,02:46,02:23,02:49,,
2025-07-02,ชุมทางทุ่งสง,Thung Song Junction,17,15,04:08,04:25,04:18,04:33,,
2025-07-02,พัทลุง,Phatthalung,0,0,05:51,05:51,05:53,05:53,,
2025-07-02,ชุมทางหาดใหญ่,Hat Yai Junction,0,0,07:05,07:05,07:05,07:05,,
2025-07-03,กรุงเทพอภิวัฒน์,Bangkok (Krung Thep Aphiwat),-5,0,16:30,16:25,16:50,16:50,,
2025-07-03,บางบำหรุ,Bang Bamru,0,0,17:01,17:01,17:02,17:02,,
2025-07-03,ศาลายา,Sala Ya,0,0,17:22,17:22,17:23,17:23,,
2025-07-03,นครปฐม,Nakhon Pathom,2,2,17:48,17:50,17:50,17:52,,
2025-07-03,บ้านโป่ง,Ban Pong,3,3,18:08,18:11,18:09,18:12,,
2025-07-03,ราชบุรี,Ratchaburi,2,0,18:37,18:39,18:47,18:47,,
2025-07-03,เพชรบุรี,Phetchaburi,-5,0,19:30,19:25,19:31,19:31,,
2025-07-03,หัวหิน,Hua Hin,8,8,20:20,20:28,20:25,20:33,,
2025-07-03,ประจวบคีรีขันธ์,Prachuap Khiri Khan,3,3,21:40,21:43,21:41,21:44,,
2025-07-03,ชุมพร,Chumphon,2,10,23:55,23:57,00:05,00:15,,
2025-07-03,สุราษฎร์ธานี,Surat Thani,30,30,02:20,02:50,02:23,02:53,,
2025-07-03,ชุมทางทุ่งสง,Thung Song Junction,18,14,04:08,04:26,04:18,04:32,,
2025-07-03,พัทลุง,Phatthalung,0,0,05:51,05:51,05:53,05:53,,
2025-07-03,ชุมทางหาดใหญ่,Hat Yai Junction,4,4,07:05,07:09,07:05,07:09,,
2025-07-04,กรุงเทพอภิวัฒน์,Bangkok (Krung Thep Aphiwat),-9,0,16:30,16:21,16:50,16:50,,
2025-07-04,บางบำหรุ,Bang Bamru,0,0,17:01,17:01,17:02,17:02,,
2025-07-04,ศาลายา,Sala Ya,0,0,17:22,17:22,17:23,17:23,,
2025-07-04,นครปฐม,Nakhon Pathom,2,2,17:48,17:50,17:50,17:52,,
2025-07-04,บ้านโป่ง,Ban Pong,1,1,18:08,18:09,18:09,18:10,,
2025-07-04,ราชบุรี,Ratchaburi,0,0,18:37,18:37,18:47,18:47,,
2025-07-04,เพชรบุรี,Phetchaburi,-6,0,19:30,19:24,19:31,19:31,,
2025-07-04,หัวหิน,Hua Hin,0,0,20:20,20:20,20:25,20:25,,
2025-07-04,ประจวบคีรีขันธ์,Prachuap Khiri Khan,-3,0,21:40,21:37,21:41,21:41,,
2025-07-04,ชุมพร,Chumphon,9,20,23:55,00:04,00:05,00:25,,
2025-07-04,สุราษฎร์ธานี,Surat Thani,24,24,02:20,02:44,02:23,02:47,,
2025-07-04,ชุมทางทุ่งสง,Thung Song Junction,43,41,04:08,04:51,04:18,04:59,,
2025-07-04,พัทลุง,Phatthalung,24,24,05:51,06:15,05:53,06:17,,
2025-07-04,ชุมทางหาดใหญ่,Hat Yai Junction,20,20,07:05,07:25,07:05,07:25,,
2025-07-05,กรุงเทพอภิวัฒน์,Bangkok (Krung Thep Aphiwat),-9,0,16:30,16:21,16:50,16:50,,
2025-07-05,บางบำหรุ,Bang Bamru,0,0,17:01,17:01,17:02,17:02,,
2025-07-05,ศาลายา,Sala Ya,0,0,17:22,17:22,17:23,17:23,,
2025-07-05,นครปฐม,Nakhon Pathom,2,4,17:48,17:50,17:50,17:54,,
2025-07-05,บ้านโป่ง,Ban Pong,4,4,18:08,18:12,18:09,18:13,,
2025-07-05,ราชบุรี,Ratchaburi,0,0,18:37,18:37,18:47,18:47,,
2025-07-05,เพชรบุรี,Phetchaburi,-5,0,19:30,19:25,19:31,19:31,,
2025-07-05,หัวหิน,Hua Hin,0,0,20:20,20:20,20:25,20:25,,
2025-07-05,ประจวบคีรีขันธ์,Prachuap Khiri Khan,-10,0,21:40,21:30,21:41,21:41,,
2025-07-05,ชุมพร,Chumphon,-5,12,23:55,23:50,00:05,00:17,,
2025-07-05,สุราษฎร์ธานี,Surat Thani,26,26,02:20,02:46,02:23,02:49,,
2025-07-05,ชุมทางทุ่งสง,Thung Song Junction,25,25,04:08,04:33,04:18,04:43,,
2025-07-05,พัทลุง,Phatthalung,10,10,05:51,06:01,05:53,06:03,,
2025-07-05,ชุมทางหาดใหญ่,Hat Yai Junction,3,3,07:05,07:08,07:05,07:08,,
2025-07-06,กรุงเทพอภิวัฒน์,Bangkok (Krung Thep Aphiwat),-23,0,16:30,16:07,16:50,16:50,,
2025-07-06,บางบำหรุ,Bang Bamru,0,0,17:01,17:01,17:02,17:02,,
2025-07-06,ศาลายา,Sala Ya,0,0,17:22,17:22,17:23,17:23,,
2025-07-06,นครปฐม,Nakhon Pathom,1,1,17:48,17:49,17:50,17:51,,
2025-07-06,บ้านโป่ง,Ban Pong,0,0,18:08,18:08,18:09,18:09,,
2025-07-06,ราชบุรี,Ratchaburi,-1,0,18:37,18:36,18:47,18:47,,
2025-07-06,เพชรบุรี,Phetchaburi,-8,0,19:30,19:22,19:31,19:31,,
2025-07-06,หัวหิน,Hua Hin,5,3,20:20,20:25,20:25,20:28,,
2025-07-06,ประจวบคีรีขันธ์,Prachuap Khiri Khan,-6,0,21:40,21:34,21:41,21:41,,
2025-07-06,ชุมพร,Chumphon,5,5,23:55,00:00,00:05,00:10,,
2025-07-06,สุราษฎร์ธานี,Surat Thani,28,28,02:20,02:48,02:23,02:51,,
2025-07-06,ชุมทางทุ่งสง,Thung Song Junction,20,18,04:08,04:28,04:18,04:36,,
2025-07-06,พัทลุง,Phatthalung,5,5,05:51,05:56,05:53,05:58,,
2025-07-06,ชุมทางหาดใหญ่,Hat Yai Junction,0,0,07:05,07:05,07:05,07:05,,
2025-07-07,กรุงเทพอภิวัฒน์,Bangkok (Krung Thep Aphiwat),-11,0,16:30,16:19,16:50,16:50,,
2025-07-07,บางบำหรุ,Bang Bamru,0,0,17:01,17:01,17:02,17:02,,
2025-07-07,ศาลายา,Sala Ya,0,0,17:22,17:22,17:23,17:23,,
2025-07-07,นครปฐม,Nakhon Pathom,0,0,17:48,17:48,17:50,17:50,,
2025-07-07,บ้านโป่ง,Ban Pong,0,0,18:08,18:08,18:09,18:09,,
2025-07-07,ราชบุรี,Ratchaburi,0,0,18:37,18:37,18:47,18:47,,
2025-07-07,เพชรบุรี,Phetchaburi,-5,0,19:30,19:25,19:31,19:31,,
2025-07-07,หัวหิน,Hua Hin,19,17,20:20,20:39,20:25,20:42,,
2025-07-07,ประจวบคีรีขันธ์,Prachuap Khiri Khan,11,11,21:40,21:51,21:41,21:52,,
2025-07-07,ชุมพร,Chumphon,31,32,23:55,00:26,00:05,00:37,,
2025-07-07,สุราษฎร์ธานี,Surat Thani,45,45,02:20,03:05,02:23,03:08,,
2025-07-07,ชุมทางทุ่งสง,Thung Song Junction,36,36,04:08,04:44,04:18,04:54,,
2025-07-07,พัทลุง,Phatthalung,21,21,05:51,06:12,05:53,06:14,,
2025-07-07,ชุมทางหาดใหญ่,Hat Yai Junction,20,20,07:05,07:25,07:05,07:25,,
2025-07-08,กรุงเทพอภิวัฒน์,Bangkok (Krung Thep Aphiwat),-12,0,16:30,16:18,16:50,16:50,,
2025-07-08,บางบำหรุ,Bang Bamru,0,0,17:01,17:01,17:02,17:02,,
2025-07-08,ศาลายา,Sala Ya,2,2,17:22,17:24,17:23,17:25,,
2025-07-08,นครปฐม,Nakhon Pathom,4,4,17:48,17:52,17:50,17:54,,
2025-07-08,บ้านโป่ง,Ban Pong,5,5,18:08,18:13,18:09,18:14,,
2025-07-08,ราชบุรี,Ratchaburi,3,0,18:37,18:40,18:47,18:47,,
2025-07-08,เพชรบุรี,Phetchaburi,-4,0,19:30,19:26,19:31,19:31,,
2025-07-08,หัวหิน,Hua Hin,1,0,20:20,20:21,20:25,20:25,,
2025-07-08,ประจวบคีรีขันธ์,Prachuap Khiri Khan,-7,0,21:40,21:33,21:41,21:41,,
2025-07-08,ชุมพร,Chumphon,4,7,23:55,23:59,00:05,00:12,,
2025-07-08,สุราษฎร์ธานี,Surat Thani,28,28,02:20,02:48,02:23,02:51,,
2025-07-08,ชุมทางทุ่งสง,Thung Song Junction,24,22,04:08,04:32,04:18,04:40,,
2025-07-08,พัทลุง,Phatthalung,0,0,05:51,05:51,05:53,05:53,,
2025-07-08,ชุมทางหาดใหญ่,Hat Yai Junction,0,0,07:05,07:05,07:05,07:05,,
2025-07-09,กรุงเทพอภิวัฒน์,Bangkok (Krung Thep Aphiwat),-22,0,16:30,16:08,16:50,16:50,,
2025-07-09,บางบำหรุ,Bang Bamru,0,0,17:01,17:01,17:02,17:02,,
2025-07-09,ศาลายา,Sala Ya,0,0,17:22,17:22,17:23,17:23,,
2025-07-09,นครปฐม,Nakhon Pathom,1,1,17:48,17:49,17:50,17:51,,
2025-07-09,บ้านโป่ง,Ban Pong,0,0,18:08,18:08,18:09,18:09,,
2025-07-09,ราชบุรี,Ratchaburi,-3,0,18:37,18:34,18:47,18:47,,
2025-07-09,เพชรบุรี,Phetchaburi,-6,0,19:30,19:24,19:31,19:31,,
2025-07-09,หัวหิน,Hua Hin,6,4,20:20,20:26,20:25,20:29,,
2025-07-09,ประจวบคีรีขันธ์,Prachuap Khiri Khan,-5,0,21:40,21:35,21:41,21:41,,
2025-07-09,ชุมพร,Chumphon,11,11,23:55,00:06,00:05,00:16,,
2025-07-09,สุราษฎร์ธานี,Surat Thani,44,44,02:20,03:04,02:23,03:07,,
2025-07-09,ชุมทางทุ่งสง,Thung Song Junction,41,40,04:08,04:49,04:18,04:58,,
2025-07-09,พัทลุง,Phatthalung,21,21,05:51,06:12,05:53,06:14,,
2025-07-09,ชุมทางหาดใหญ่,Hat Yai Junction,20,20,07:05,07:25,07:05,07:25,,
2025-07-10,กรุงเทพอภิวัฒน์,Bangkok (Krung Thep Aphiwat),-11,0,16:30,16:19,16:50,16:50,,
2025-07-10,บางบำหรุ,Bang Bamru,0,0,17:01,17:01,17:02,17:02,,
2025-07-10,ศาลายา,Sala Ya,0,0,17:22,17:22,17:23,17:23,,
2025-07-10,นครปฐม,Nakhon Pathom,0,0,17:48,17:48,17:50,17:50,,
2025-07-10,บ้านโป่ง,Ban Pong,2,2,18:08,18:10,18:09,18:11,,
2025-07-10,ราชบุรี,Ratchaburi,1,0,18:37,18:38,18:47,18:47,,
2025-07-10,เพชรบุรี,Phetchaburi,-7,0,19:30,19:23,19:31,19:31,,
2025-07-10,หัวหิน,Hua Hin,0,0,20:20,20:20,20:25,20:25,,
2025-07-10,ประจวบคีรีขันธ์,Prachuap Khiri Khan,-12,0,21:40,21:28,21:41,21:41,,
2025-07-10,ชุมพร,Chumphon,-3,0,23:55,23:52,00:05,00:05,,
2025-07-10,สุราษฎร์ธานี,Surat Thani,11,11,02:20,02:31,02:23,02:34,,
2025-07-10,ชุมทางทุ่งสง,Thung Song Junction,7,4,04:08,04:15,04:18,04:22,,
2025-07-10,พัทลุง,Phatthalung,0,0,05:51,05:51,05:53,05:53,,
2025-07-10,ชุมทางหาดใหญ่,Hat Yai Junction,7,7,07:05,07:12,07:05,07:12,,
2025-07-11,กรุงเทพอภิวัฒน์,Bangkok (Krung Thep Aphiwat),-11,0,16:30,16:19,16:50,16:50,,
2025-07-11,บางบำหรุ,Bang Bamru,0,0,17:01,17:01,17:02,17:02,,
2025-07-11,ศาลายา,Sala Ya,0,0,17:22,17:22,17:23,17:23,,
2025-07-11,นครปฐม,Nakhon Pathom,3,3,17:48,17:51,17:50,17:53,,
2025-07-11,บ้านโป่ง,Ban Pong,2,2,18:08,18:10,18:09,18:11,,
2025-07-11,ราชบุรี,Ratchaburi,0,0,18:37,18:37,18:47,18:47,,
2025-07-11,เพชรบุรี,Phetchaburi,-4,0,19:30,19:26,19:31,19:31,,
2025-07-11,หัวหิน,Hua Hin,0,0,20:20,20:20,20:25,20:25,,
2025-07-11,ประจวบคีรีขันธ์,Prachuap Khiri Khan,-7,0,21:40,21:33,21:41,21:41,,
2025-07-11,ชุมพร,Chumphon,6,7,23:55,00:01,00:05,00:12,,
2025-07-11,สุราษฎร์ธานี,Surat Thani,27,27,02:20,02:47,02:23,02:50,,
2025-07-11,ชุมทางทุ่งสง,Thung Song Junction,20,18,04:08,04:28,04:18,04:36,,
2025-07-11,พัทลุง,Phatthalung,0,0,05:51,05:51,05:53,05:53,,
2025-07-11,ชุมทางหาดใหญ่,Hat Yai Junction,3,3,07:05,07:08,07:05,07:08,,
2025-07-12,กรุงเทพอภิวัฒน์,Bangkok (Krung Thep Aphiwat),-11,0,16:30,16:19,16:50,16:50,,
2025-07-12,บางบำหรุ,Bang Bamru,0,0,17:01,17:01,17:02,17:02,,
2025-07-12,ศาลายา,Sala Ya,1,1,17:22,17:23,17:23,17:24,,
2025-07-12,นครปฐม,Nakhon Pathom,4,4,17:48,17:52,17:50,17:54,,
2025-07-12,บ้านโป่ง,Ban Pong,5,5,18:08,18:13,18:09,18:14,,
2025-07-12,ราชบุรี,Ratchaburi,3,0,18:37,18:40,18:47,18:47,,
2025-07-12,เพชรบุรี,Phetchaburi,-3,0,19:30,19:27,19:31,19:31,,
2025-07-12,หัวหิน,Hua Hin,3,2,20:20,20:23,20:25,20:27,,
2025-07-12,ประจวบคีรีขันธ์,Prachuap Khiri Khan,-1,0,21:40,21:39,21:41,21:41,,
2025-07-12,ชุมพร,Chumphon,-5,1,23:55,23:50,00:05,00:06,,
2025-07-12,สุราษฎร์ธานี,Surat Thani,32,32,02:20,02:52,02:23,02:55,,
2025-07-12,ชุมทางทุ่งสง,Thung Song Junction,27,26,04:08,04:35,04:18,04:44,,
2025-07-12,พัทลุง,Phatthalung,6,6,05:51,05:57,05:53,05:59,,
2025-07-12,ชุมทางหาดใหญ่,Hat Yai Junction,0,0,07:05,07:05,07:05,07:05,,
2025-07-13,กรุงเทพอภิวัฒน์,Bangkok (Krung Thep Aphiwat),-12,0,16:30,16:18,16:50,16:50,,
2025-07-13,บางบำหรุ,Bang Bamru,0,0,17:01,17:01,17:02,17:02,,
2025-07-13,ศาลายา,Sala Ya,0,9,17:22,17:22,17:23,17:32,,
2025-07-13,นครปฐม,Nakhon Pathom,12,12,17:48,18:00,17:50,18:02,,
2025-07-13,บ้านโป่ง,Ban Pong,12,12,18:08,18:20,18:09,18:21,,
2025-07-13,ราชบุรี,Ratchaburi,9,2,18:37,18:46,18:47,18:49,,
2025-07-13,เพชรบุรี,Phetchaburi,-3,0,19:30,19:27,19:31,19:31,,
2025-07-13,หัวหิน,Hua Hin,0,0,20:20,20:20,20:25,20:25,,
2025-07-13,ประจวบคีรีขันธ์,Prachuap Khiri Khan,-7,0,21:40,21:33,21:41,21:41,,
2025-07-13,ชุมพร,Chumphon,-1,1,23:55,23:54,00:05,00:06,,
2025-07-13,สุราษฎร์ธานี,Surat Thani,42,42,02:20,03:02,02:23,03:05,,
2025-07-13,ชุมทางทุ่งสง,Thung Song Junction,30,28,04:08,04:38,04:18,04:46,,
2025-07-13,พัทลุง,Phatthalung,5,5,05:51,05:56,05:53,05:58,,
2025-07-13,ชุมทางหาดใหญ่,Hat Yai Junction,10,10,07:05,07:15,07:05,07:15,,
2025-07-14,กรุงเทพอภิวัฒน์,Bangkok (Krung Thep Aphiwat),-11,0,16:30,16:19,16:50,16:50,,
2025-07-14,บางบำหรุ,Bang Bamru,0,0,17:01,17:01,17:02,17:02,,
2025-07-14,ศาลายา,Sala Ya,0,2,17:22,17:22,17:23,17:25,,
2025-07-14,นครปฐม,Nakhon Pathom,2,2,17:48,17:50,17:50,17:52,,
2025-07-14,บ้านโป่ง,Ban Pong,0,0,18:08,18:08,18:09,18:09,,
2025-07-14,ราชบุรี,Ratchaburi,-1,0,18:37,18:36,18:47,18:47,,
2025-07-14,เพชรบุรี,Phetchaburi,-4,0,19:30,19:26,19:31,19:31,,
2025-07-14,หัวหิน,Hua Hin,5,3,20:20,20:25,20:25,20:28,,
2025-07-14,ประจวบคีรีขันธ์,Prachuap Khiri Khan,-4,0,21:40,21:36,21:41,21:41,,
2025-07-14,ชุมพร,Chumphon,8,7,23:55,00:03,00:05,00:12,,
2025-07-14,สุราษฎร์ธานี,Surat Thani,42,42,02:20,03:02,02:23,03:05,,
2025-07-14,ชุมทางทุ่งสง,Thung Song Junction,45,45,04:08,04:53,04:18,05:03,,
2025-07-14,พัทลุง,Phatthalung,23,23,05:51,06:14,05:53,06:16,,
2025-07-14,ชุมทางหาดใหญ่,Hat Yai Junction,13,13,07:05,07:18,07:05,07:18,,
2025-07-15,กรุงเทพอภิวัฒน์,Bangkok (Krung Thep Aphiwat),-8,0,16:30,16:22,16:50,16:50,,
2025-07-15,บางบำหรุ,Bang Bamru,0,0,17:01,17:01,17:02,17:02,,
2025-07-15,ศาลายา,Sala Ya,0,0,17:22,17:22,17:23,17:23,,
2025-07-15,นครปฐม,Nakhon Pathom,0,0,17:48,17:48,17:50,17:50,,
2025-07-15,บ้านโป่ง,Ban Pong,0,0,18:08,18:08,18:09,18:09,,
2025-07-15,ราชบุรี,Ratchaburi,0,0,18:37,18:37,18:47,18:47,,
2025-07-15,เพชรบุรี,Phetchaburi,-2,0,19:30,19:28,19:31,19:31,,
2025-07-15,หัวหิน,Hua Hin,4,2,20:20,20:24,20:25,20:27,,
2025-07-15,ประจวบคีรีขันธ์,Prachuap Khiri Khan,-8,0,21:40,21:32,21:41,21:41,,
2025-07-15,ชุมพร,Chumphon,-1,0,23:55,23:54,00:05,00:05,,
2025-07-15,สุราษฎร์ธานี,Surat Thani,22,22,02:20,02:42,02:23,02:45,,
2025-07-15,ชุมทางทุ่งสง,Thung Song Junction,12,9,04:08,04:20,04:18,04:27,,
2025-07-15,พัทลุง,Phatthalung,0,0,05:51,05:51,05:53,05:53,,
2025-07-15,ชุมทางหาดใหญ่,Hat Yai Junction,13,13,07:05,07:18,07:05,07:18,,
2025-07-16,กรุงเทพอภิวัฒน์,Bangkok (Krung Thep Aphiwat),-10,0,16:30,16:20,16:50,16:50,,
2025-07-16,บางบำหรุ,Bang Bamru,0,0,17:01,17:01,17:02,17:02,,
2025-07-16,ศาลายา,Sala Ya,0,0,17:22,17:22,17:23,17:23,,
2025-07-16,นครปฐม,Nakhon Pathom,0,0,17:48,17:48,17:50,17:50,,
2025-07-16,บ้านโป่ง,Ban Pong,-1,0,18:08,18:07,18:09,18:09,,
2025-07-16,ราชบุรี,Ratchaburi,-3,0,18:37,18:34,18:47,18:47,,
2025-07-16,เพชรบุรี,Phetchaburi,-2,0,19:30,19:28,19:31,19:31,,
2025-07-16,หัวหิน,Hua Hin,0,0,20:20,20:20,20:25,20:25,,
2025-07-16,ประจวบคีรีขันธ์,Prachuap Khiri Khan,13,13,21:40,21:53,21:41,21:54,,
2025-07-16,ชุมพร,Chumphon,6,8,23:55,00:01,00:05,00:13,,
2025-07-16,สุราษฎร์ธานี,Surat Thani,26,26,02:20,02:46,02:23,02:49,,
2025-07-16,ชุมทางทุ่งสง,Thung Song Junction,17,15,04:08,04:25,04:18,04:33,,
2025-07-16,พัทลุง,Phatthalung,0,0,05:51,05:51,05:53,05:53,,
2025-07-16,ชุมทางหาดใหญ่,Hat Yai Junction,0,0,07:05,07:05,07:05,07:05,,
2025-07-17,กรุงเทพอภิวัฒน์,Bangkok (Krung Thep Aphiwat),-11,0,16:30,16:19,16:50,16:50,,
2025-07-17,บางบำหรุ,Bang Bamru,0,0,17:01,17:01,17:02,17:02,,
2025-07-17,ศาลายา,Sala Ya,0,0,17:22,17:22,17:23,17:23,,
2025-07-17,นครปฐม,Nakhon Pathom,5,5,17:48,17:53,17:50,17:55,,
2025-07-17,บ้านโป่ง,Ban Pong,5,5,18:08,18:13,18:09,18:14,,
2025-07-17,ราชบุรี,Ratchaburi,3,0,18:37,18:40,18:47,18:47,,
2025-07-17,เพชรบุรี,Phetchaburi,-2,0,19:30,19:28,19:31,19:31,,
2025-07-17,หัวหิน,Hua Hin,5,5,20:20,20:25,20:25,20:30,,
2025-07-17,ประจวบคีรีขันธ์,Prachuap Khiri Khan,2,2,21:40,21:42,21:41,21:43,,
2025-07-17,ชุมพร,Chumphon,-3,0,23:55,23:52,00:05,00:05,,
2025-07-17,สุราษฎร์ธานี,Surat Thani,21,21,02:20,02:41,02:23,02:44,,
2025-07-17,ชุมทางทุ่งสง,Thung Song Junction,15,13,04:08,04:23,04:18,04:31,,
2025-07-17,พัทลุง,Phatthalung,-2,0,05:51,05:49,05:53,05:53,,
2025-07-17,ชุมทางหาดใหญ่,Hat Yai Junction,3,3,07:05,07:08,07:05,07:08,,
2025-07-18,กรุงเทพอภิวัฒน์,Bangkok (Krung Thep Aphiwat),-11,0,16:30,16:19,16:50,16:50,,
2025-07-18,บางบำหรุ,Bang Bamru,0,0,17:01,17:01,17:02,17:02,,
2025-07-18,ศาลายา,Sala Ya,0,0,17:22,17:22,17:23,17:23,,
2025-07-18,นครปฐม,Nakhon Pathom,0,0,17:48,17:48,17:50,17:50,,
2025-07-18,บ้านโป่ง,Ban Pong,0,0,18:08,18:08,18:09,18:09,,
2025-07-18,ราชบุรี,Ratchaburi,-3,0,18:37,18:34,18:47,18:47,,
2025-07-18,เพชรบุรี,Phetchaburi,-9,0,19:30,19:21,19:31,19:31,,
2025-07-18,หัวหิน,Hua Hin,2,0,20:20,20:22,20:25,20:25,,
2025-07-18,ประจวบคีรีขันธ์,Prachuap Khiri Khan,0,0,21:40,21:40,21:41,21:41,,
2025-07-18,ชุมพร,Chumphon,3,4,23:55,23:58,00:05,00:09,,
2025-07-18,สุราษฎร์ธานี,Surat Thani,27,27,02:20,02:47,02:23,02:50,,
2025-07-18,ชุมทางทุ่งสง,Thung Song Junction,25,24,04:08,04:33,04:18,04:42,,
2025-07-18,พัทลุง,Phatthalung,0,0,05:51,05:51,05:53,05:53,,
2025-07-18,ชุมทางหาดใหญ่,Hat Yai Junction,0,0,07:05,07:05,07:05,07:05,,
2025-07-19,กรุงเทพอภิวัฒน์,Bangkok (Krung Thep Aphiwat),-10,0,16:30,16:20,16:50,16:50,,
2025-07-19,บางบำหรุ,Bang Bamru,0,0,17:01,17:01,17:02,17:02,,
2025-07-19,ศาลายา,Sala Ya,0,0,17:22,17:22,17:23,17:23,,
2025-07-19,นครปฐม,Nakhon Pathom,0,0,17:48,17:48,17:50,17:50,,
2025-07-19,บ้านโป่ง,Ban Pong,0,0,18:08,18:08,18:09,18:09,,
2025-07-19,ราชบุรี,Ratchaburi,-2,0,18:37,18:35,18:47,18:47,,
2025-07-19,เพชรบุรี,Phetchaburi,-3,0,19:30,19:27,19:31,19:31,,
2025-07-19,หัวหิน,Hua Hin,-2,0,20:20,20:18,20:25,20:25,,
2025-07-19,ประจวบคีรีขันธ์,Prachuap Khiri Khan,-8,0,21:40,21:32,21:41,21:41,,
2025-07-19,ชุมพร,Chumphon,-3,0,23:55,23:52,00:05,00:05,,
2025-07-19,สุราษฎร์ธานี,Surat Thani,44,44,02:20,03:04,02:23,03:07,,
2025-07-19,ชุมทางทุ่งสง,Thung Song Junction,42,39,04:08,04:50,04:18,04:57,,
2025-07-19,พัทลุง,Phatthalung,21,21,05:51,06:12,05:53,06:14,,
2025-07-19,ชุมทางหาดใหญ่,Hat Yai Junction,14,14,07:05,07:19,07:05,07:19,,
2025-07-20,กรุงเทพอภิวัฒน์,Bangkok (Krung Thep Aphiwat),-21,0,16:30,16:09,16:50,16:50,,
2025-07-20,บางบำหรุ,Bang Bamru,0,0,17:01,17:01,17:02,17:02,,
2025-07-20,ศาลายา,Sala Ya,0,0,17:22,17:22,17:23,17:23,,
2025-07-20,นครปฐม,Nakhon Pathom,2,2,17:48,17:50,17:50,17:52,,
2025-07-20,บ้านโป่ง,Ban Pong,5,5,18:08,18:13,18:09,18:14,,
2025-07-20,ราชบุรี,Ratchaburi,5,0,18:37,18:42,18:47,18:47,,
2025-07-20,เพชรบุรี,Phetchaburi,-4,0,19:30,19:26,19:31,19:31,,
2025-07-20,หัวหิน,Hua Hin,8,6,20:20,20:28,20:25,20:31,,
2025-07-20,ประจวบคีรีขันธ์,Prachuap Khiri Khan,3,3,21:40,21:43,21:41,21:44,,
2025-07-20,ชุมพร,Chumphon,5,6,23:55,00:00,00:05,00:11,,
2025-07-20,สุราษฎร์ธานี,Surat Thani,20,20,02:20,02:40,02:23,02:43,,
2025-07-20,ชุมทางทุ่งสง,Thung Song Junction,5,4,04:08,04:13,04:18,04:22,,
2025-07-20,พัทลุง,Phatthalung,0,0,05:51,05:51,05:53,05:53,,
2025-07-20,ชุมทางหาดใหญ่,Hat Yai Junction,0,0,07:05,07:05,07:05,07:05,,
2025-07-21,กรุงเทพอภิวัฒน์,Bangkok (Krung Thep Aphiwat),-3,0,16:30,16:27,16:50,16:50,,
2025-07-21,บางบำหรุ,Bang Bamru,0,0,17:01,17:01,17:02,17:02,,
2025-07-21,ศาลายา,Sala Ya,0,0,17:22,17:22,17:23,17:23,,
2025-07-21,นครปฐม,Nakhon Pathom,2,2,17:48,17:50,17:50,17:52,,
2025-07-21,บ้านโป่ง,Ban Pong,2,2,18:08,18:10,18:09,18:11,,
2025-07-21,ราชบุรี,Ratchaburi,0,0,18:37,18:37,18:47,18:47,,
2025-07-21,เพชรบุรี,Phetchaburi,-3,0,19:30,19:27,19:31,19:31,,
2025-07-21,หัวหิน,Hua Hin,4,2,20:20,20:24,20:25,20:27,,
2025-07-21,ประจวบคีรีขันธ์,Prachuap Khiri Khan,-5,0,21:40,21:35,21:41,21:41,,
2025-07-21,ชุมพร,Chumphon,6,4,23:55,00:01,00:05,00:09,,
2025-07-21,สุราษฎร์ธานี,Surat Thani,28,28,02:20,02:48,02:23,02:51,,
2025-07-21,ชุมทางทุ่งสง,Thung Song Junction,25,22,04:08,04:33,04:18,04:40,,
2025-07-21,พัทลุง,Phatthalung,0,0,05:51,05:51,05:53,05:53,,
2025-07-21,ชุมทางหาดใหญ่,Hat Yai Junction,3,3,07:05,07:08,07:05,07:08,,
2025-07-22,กรุงเทพอภิวัฒน์,Bangkok (Krung Thep Aphiwat),-11,0,16:30,16:19,16:50,16:50,,
2025-07-22,บางบำหรุ,Bang Bamru,0,0,17:01,17:01,17:02,17:02,,
2025-07-22,ศาลายา,Sala Ya,0,0,17:22,17:22,17:23,17:23,,
2025-07-22,นครปฐม,Nakhon Pathom,3,3,17:48,17:51,17:50,17:53,,
2025-07-22,บ้านโป่ง,Ban Pong,4,4,18:08,18:12,18:09,18:13,,
2025-07-22,ราชบุรี,Ratchaburi,0,0,18:37,18:37,18:47,18:47,,
2025-07-22,เพชรบุรี,Phetchaburi,-5,0,19:30,19:25,19:31,19:31,,
2025-07-22,หัวหิน,Hua Hin,4,2,20:20,20:24,20:25,20:27,,
2025-07-22,ประจวบคีรีขันธ์,Prachuap Khiri Khan,-4,0,21:40,21:36,21:41,21:41,,
2025-07-22,ชุมพร,Chumphon,2,7,23:55,23:57,00:05,00:12,,
2025-07-22,สุราษฎร์ธานี,Surat Thani,33,33,02:20,02:53,02:23,02:56,,
2025-07-22,ชุมทางทุ่งสง,Thung Song Junction,24,22,04:08,04:32,04:18,04:40,,
2025-07-22,พัทลุง,Phatthalung,2,2,05:51,05:53,05:53,05:55,,
2025-07-22,ชุมทางหาดใหญ่,Hat Yai Junction,10,10,07:05,07:15,07:05,07:15,,
2025-07-23,กรุงเทพอภิวัฒน์,Bangkok (Krung Thep Aphiwat),-17,0,16:30,16:13,16:50,16:50,,
2025-07-23,บางบำหรุ,Bang Bamru,0,0,17:01,17:01,17:02,17:02,,
2025-07-23,ศาลายา,Sala Ya,0,0,17:22,17:22,17:23,17:23,,
2025-07-23,นครปฐม,Nakhon Pathom,1,1,17:48,17:49,17:50,17:51,,
2025-07-23,บ้านโป่ง,Ban Pong,1,1,18:08,18:09,18:09,18:10,,
2025-07-23,ราชบุรี,Ratchaburi,-2,0,18:37,18:35,18:47,18:47,,
2025-07-23,เพชรบุรี,Phetchaburi,-5,0,19:30,19:25,19:31,19:31,,
2025-07-23,หัวหิน,Hua Hin,3,0,20:20,20:23,20:25,20:25,,
2025-07-23,ประจวบคีรีขันธ์,Prachuap Khiri Khan,-7,0,21:40,21:33,21:41,21:41,,
2025-07-23,ชุมพร,Chumphon,3,0,23:55,23:58,00:05,00:05,,
2025-07-23,สุราษฎร์ธานี,Surat Thani,7,7,02:20,02:27,02:23,02:30,,
2025-07-23,ชุมทางทุ่งสง,Thung Song Junction,0,0,04:08,04:08,04:18,04:18,,
2025-07-23,พัทลุง,Phatthalung,-15,0,05:51,05:36,05:53,05:53,,
2025-07-23,ชุมทางหาดใหญ่,Hat Yai Junction,0,0,07:05,07:05,07:05,07:05,,
2025-07-24,กรุงเทพอภิวัฒน์,Bangkok (Krung Thep Aphiwat),-10,0,16:30,16:20,16:50,16:50,,
2025-07-24,บางบำหรุ,Bang Bamru,0,0,17:01,17:01,17:02,17:02,,
2025-07-24,ศาลายา,Sala Ya,0,0,17:22,17:22,17:23,17:23,,
2025-07-24,นครปฐม,Nakhon Pathom,0,0,17:48,17:48,17:50,17:50,,
2025-07-24,บ้านโป่ง,Ban Pong,1,1,18:08,18:09,18:09,18:10,,
2025-07-24,ราชบุรี,Ratchaburi,0,0,18:37,18:37,18:47,18:47,,
2025-07-24,เพชรบุรี,Phetchaburi,-5,0,19:30,19:25,19:31,19:31,,
2025-07-24,หัวหิน,Hua Hin,4,1,20:20,20:24,20:25,20:26,,
2025-07-24,ประจวบคีรีขันธ์,Prachuap Khiri Khan,-2,0,21:40,21:38,21:41,21:41,,
2025-07-24,ชุมพร,Chumphon,0,0,23:55,23:55,00:05,00:05,,
2025-07-24,สุราษฎร์ธานี,Surat Thani,17,17,02:20,02:37,02:23,02:40,,
2025-07-24,ชุมทางทุ่งสง,Thung Song Junction,11,10,04:08,04:19,04:18,04:28,,
2025-07-24,พัทลุง,Phatthalung,0,0,05:51,05:51,05:53,05:53,,
2025-07-24,ชุมทางหาดใหญ่,Hat Yai Junction,9,9,07:05,07:14,07:05,07:14,,
2025-07-25,กรุงเทพอภิวัฒน์,Bangkok (Krung Thep Aphiwat),-21,0,16:30,16:09,16:50,16:50,,
2025-07-25,บางบำหรุ,Bang Bamru,0,0,17:01,17:01,17:02,17:02,,
2025-07-25,ศาลายา,Sala Ya,0,1,17:22,17:22,17:23,17:24,,
2025-07-25,นครปฐม,Nakhon Pathom,6,6,17:48,17:54,17:50,17:56,,
2025-07-25,บ้านโป่ง,Ban Pong,6,6,18:08,18:14,18:09,18:15,,
2025-07-25,ราชบุรี,Ratchaburi,3,0,18:37,18:40,18:47,18:47,,
2025-07-25,เพชรบุรี,Phetchaburi,-1,0,19:30,19:29,19:31,19:31,,
2025-07-25,หัวหิน,Hua Hin,8,6,20:20,20:28,20:25,20:31,,
2025-07-25,ประจวบคีรีขันธ์,Prachuap Khiri Khan,2,2,21:40,21:42,21:41,21:43,,
2025-07-25,ชุมพร,Chumphon,7,10,23:55,00:02,00:05,00:15,,
2025-07-25,สุราษฎร์ธานี,Surat Thani,40,40,02:20,03:00,02:23,03:03,,
2025-07-25,ชุมทางทุ่งสง,Thung Song Junction,36,33,04:08,04:44,04:18,04:51,,
2025-07-25,พัทลุง,Phatthalung,17,17,05:51,06:08,05:53,06:10,,
2025-07-25,ชุมทางหาดใหญ่,Hat Yai Junction,12,12,07:05,07:17,07:05,07:17,,
2025-07-26,กรุงเทพอภิวัฒน์,Bangkok (Krung Thep Aphiwat),-10,0,16:30,16:20,16:50,16:50,,
2025-07-26,บางบำหรุ,Bang Bamru,0,0,17:01,17:01,17:02,17:02,,
2025-07-26,ศาลายา,Sala Ya,0,1,17:22,17:22,17:23,17:24,,
2025-07-26,นครปฐม,Nakhon Pathom,2,2,17:48,17:50,17:50,17:52,,
2025-07-26,บ้านโป่ง,Ban Pong,3,3,18:08,18:11,18:09,18:12,,
2025-07-26,ราชบุรี,Ratchaburi,2,0,18:37,18:39,18:47,18:47,,
2025-07-26,เพชรบุรี,Phetchaburi,-2,0,19:30,19:28,19:31,19:31,,
2025-07-26,หัวหิน,Hua Hin,6,4,20:20,20:26,20:25,20:29,,
2025-07-26,ประจวบคีรีขันธ์,Prachuap Khiri Khan,-7,0,21:40,21:33,21:41,21:41,,
2025-07-26,ชุมพร,Chumphon,-5,0,23:55,23:50,00:05,00:05,,
2025-07-26,สุราษฎร์ธานี,Surat Thani,19,19,02:20,02:39,02:23,02:42,,
2025-07-26,ชุมทางทุ่งสง,Thung Song Junction,11,10,04:08,04:19,04:18,04:28,,
2025-07-26,พัทลุง,Phatthalung,0,0,05:51,05:51,05:53,05:53,,
2025-07-26,ชุมทางหาดใหญ่,Hat Yai Junction,13,13,07:05,07:18,07:05,07:18,,
2025-07-27,กรุงเทพอภิวัฒน์,Bangkok (Krung Thep Aphiwat),-10,0,16:30,16:20,16:50,16:50,"เนื่องจากผ่านพื้นที่ก่อสร้าง, รอหลีกขบวนรถ","due to Passing construction site, Wait for track cleared"
2025-07-27,บางบำหรุ,Bang Bamru,0,0,17:01,17:01,17:02,17:02,"เนื่องจากผ่านพื้นที่ก่อสร้าง, รอหลีกขบวนรถ","due to Passing construction site, Wait for track cleared"
2025-07-27,ศาลายา,Sala Ya,0,0,17:22,17:22,17:23,17:23,"เนื่องจากผ่านพื้นที่ก่อสร้าง, รอหลีกขบวนรถ","due to Passing construction site, Wait for track cleared"
2025-07-27,นครปฐม,Nakhon Pathom,0,0,17:48,17:48,17:50,17:50,"เนื่องจากผ่านพื้นที่ก่อสร้าง, รอหลีกขบวนรถ","due to Passing construction site, Wait for track cleared"
2025-07-27,บ้านโป่ง,Ban Pong,0,0,18:08,18:08,18:09,18:09,"เนื่องจากผ่านพื้นที่ก่อสร้าง, รอหลีกขบวนรถ","due to Passing construction site, Wait for track cleared"
2025-07-27,ราชบุรี,Ratchaburi,0,0,18:37,18:37,18:47,18:47,"เนื่องจากผ่านพื้นที่ก่อสร้าง, รอหลีกขบวนรถ","due to Passing construction site, Wait for track cleared"
2025-07-27,เพชรบุรี,Phetchaburi,-5,0,19:30,19:25,19:31,19:31,"เนื่องจากผ่านพื้นที่ก่อสร้าง, รอหลีกขบวนรถ","due to Passing construction site, Wait for track cleared"
2025-07-27,หัวหิน,Hua Hin,2,1,20:20,20:22,20:25,20:26,"เนื่องจากผ่านพื้นที่ก่อสร้าง, รอหลีกขบวนรถ","due to Passing construction site, Wait for track cleared"
2025-07-27,ประจวบคีรีขันธ์,Prachuap Khiri Khan,-4,0,21:40,21:36,21:41,21:41,"เนื่องจากผ่านพื้นที่ก่อสร้าง, รอหลีกขบวนรถ","due to Passing construction site, Wait for track cleared"
2025-07-27,ชุมพร,Chumphon,10,9,23:55,00:05,00:05,00:14,"เนื่องจากผ่านพื้นที่ก่อสร้าง, รอหลีกขบวนรถ","due to Passing construction site, Wait for track cleared"
2025-07-27,สุราษฎร์ธานี,Surat Thani,50,50,02:20,03:10,02:23,03:13,"เนื่องจากผ่านพื้นที่ก่อสร้าง, รอหลีกขบวนรถ","due to Passing construction site, Wait for track cleared"
2025-07-27,ชุมทางทุ่งสง,Thung Song Junction,51,48,04:08,04:59,04:18,05:06,"เนื่องจากผ่านพื้นที่ก่อสร้าง, รอหลีกขบวนรถ","due to Passing construction site, Wait for track cleared"
2025-07-27,พัทลุง,Phatthalung,34,34,05:51,06:25,05:53,06:27,"เนื่องจากผ่านพื้นที่ก่อสร้าง, รอหลีกขบวนรถ","due to Passing construction site, Wait for track cleared"
2025-07-27,ชุมทางหาดใหญ่,Hat Yai Junction,36,36,07:05,07:41,07:05,07:41,"เนื่องจากผ่านพื้นที่ก่อสร้าง, รอหลีกขบวนรถ","due to Passing construction site, Wait for track cleared"
2025-07-28,กรุงเทพอภิวัฒน์,Bangkok (Krung Thep Aphiwat),-11,0,16:30,16:19,16:50,16:50,,
2025-07-28,บางบำหรุ,Bang Bamru,0,0,17:01,17:01,17:02,17:02,,
2025-07-28,ศาลายา,Sala Ya,0,0,17:22,17:22,17:23,17:23,,
2025-07-28,นครปฐม,Nakhon Pathom,3,3,17:48,17:51,17:50,17:53,,
2025-07-28,บ้านโป่ง,Ban Pong,3,3,18:08,18:11,18:09,18:12,,
2025-07-28,ราชบุรี,Ratchaburi,0,0,18:37,18:37,18:47,18:47,,
2025-07-28,เพชรบุรี,Phetchaburi,-7,0,19:30,19:23,19:31,19:31,,
2025-07-28,หัวหิน,Hua Hin,5,3,20:20,20:25,20:25,20:28,,
2025-07-28,ประจวบคีรีขันธ์,Prachuap Khiri Khan,-5,0,21:40,21:35,21:41,21:41,,
2025-07-28,ชุมพร,Chumphon,11,20,23:55,00:06,00:05,00:25,,
2025-07-28,สุราษฎร์ธานี,Surat Thani,23,23,02:20,02:43,02:23,02:46,,
2025-07-28,ชุมทางทุ่งสง,Thung Song Junction,8,8,04:08,04:16,04:18,04:26,,
2025-07-28,พัทลุง,Phatthalung,0,0,05:51,05:51,05:53,05:53,,
2025-07-28,ชุมทางหาดใหญ่,Hat Yai Junction,0,0,07:05,07:05,07:05,07:05,,
2025-07-29,กรุงเทพอภิวัฒน์,Bangkok (Krung Thep Aphiwat),-11,0,16:30,16:19,16:50,16:50,,
2025-07-29,บางบำหรุ,Bang Bamru,0,0,17:01,17:01,17:02,17:02,,
2025-07-29,ศาลายา,Sala Ya,0,0,17:22,17:22,17:23,17:23,,
2025-07-29,นครปฐม,Nakhon Pathom,2,2,17:48,17:50,17:50,17:52,,
2025-07-29,บ้านโป่ง,Ban Pong,3,3,18:08,18:11,18:09,18:12,,
2025-07-29,ราชบุรี,Ratchaburi,0,0,18:37,18:37,18:47,18:47,,
2025-07-29,เพชรบุรี,Phetchaburi,-5,0,19:30,19:25,19:31,19:31,,
2025-07-29,หัวหิน,Hua Hin,4,2,20:20,20:24,20:25,20:27,,
2025-07-29,ประจวบคีรีขันธ์,Prachuap Khiri Khan,-9,0,21:40,21:31,21:41,21:41,,
2025-07-29,ชุมพร,Chumphon,-3,0,23:55,23:52,00:05,00:05,,
2025-07-29,สุราษฎร์ธานี,Surat Thani,31,31,02:20,02:51,02:23,02:54,,
2025-07-29,ชุมทางทุ่งสง,Thung Song Junction,30,28,04:08,04:38,04:18,04:46,,
2025-07-29,พัทลุง,Phatthalung,8,8,05:51,05:59,05:53,06:01,,
2025-07-29,ชุมทางหาดใหญ่,Hat Yai Junction,13,13,07:05,07:18,07:05,07:18,,
2025-07-30,กรุงเทพอภิวัฒน์,Bangkok (Krung Thep Aphiwat),-10,0,16:30,16:20,16:50,16:50,,
2025-07-30,บางบำหรุ,Bang Bamru,0,0,17:01,17:01,17:02,17:02,,
2025-07-30,ศาลายา,Sala Ya,0,0,17:22,17:22,17:23,17:23,,
2025-07-30,นครปฐม,Nakhon Pathom,0,0,17:48,17:48,17:50,17:50,,
2025-07-30,บ้านโป่ง,Ban Pong,1,1,18:08,18:09,18:09,18:10,,
2025-07-30,ราชบุรี,Ratchaburi,0,0,18:37,18:37,18:47,18:47,,
2025-07-30,เพชรบุรี,Phetchaburi,-4,0,19:30,19:26,19:31,19:31,,
2025-07-30,หัวหิน,Hua Hin,6,5,20:20,20:26,20:25,20:30,,
2025-07-30,ประจวบคีรีขันธ์,Prachuap Khiri Khan,-4,0,21:40,21:36,21:41,21:41,,
2025-07-30,ชุมพร,Chumphon,14,15,23:55,00:09,00:05,00:20,,
2025-07-30,สุราษฎร์ธานี,Surat Thani,35,35,02:20,02:55,02:23,02:58,,
2025-07-30,ชุมทางทุ่งสง,Thung Song Junction,29,26,04:08,04:37,04:18,04:44,,
2025-07-30,พัทลุง,Phatthalung,7,7,05:51,05:58,05:53,06:00,,
2025-07-30,ชุมทางหาดใหญ่,Hat Yai Junction,5,5,07:05,07:10,07:05,07:10,,
2025-07-31,กรุงเทพอภิวัฒน์,Bangkok (Krung Thep Aphiwat),-10,0,16:30,16:20,16:50,16:50,,
2025-07-31,บางบำหรุ,Bang Bamru,0,1,17:01,17:01,17:02,17:03,,
2025-07-31,ศาลายา,Sala Ya,0,0,17:22,17:22,17:23,17:23,,
2025-07-31,นครปฐม,Nakhon Pathom,4,4,17:48,17:52,17:50,17:54,,
2025-07-31,บ้านโป่ง,Ban Pong,4,4,18:08,18:12,18:09,18:13,,
2025-07-31,ราชบุรี,Ratchaburi,1,0,18:37,18:38,18:47,18:47,,
2025-07-31,เพชรบุรี,Phetchaburi,-6,0,19:30,19:24,19:31,19:31,,
2025-07-31,หัวหิน,Hua Hin,9,8,20:20,20:29,20:25,20:33,,
2025-07-31,ประจวบคีรีขันธ์,Prachuap Khiri Khan,-4,0,21:40,21:36,21:41,21:41,,
2025-07-31,ชุมพร,Chumphon,-3,0,23:55,23:52,00:05,00:05,,
2025-07-31,สุราษฎร์ธานี,Surat Thani,26,26,02:20,02:46,02:23,02:49,,
2025-07-31,ชุมทางทุ่งสง,Thung Song Junction,14,11,04:08,04:22,04:18,04:29,,
2025-07-31,พัทลุง,Phatthalung,0,0,05:51,05:51,05:53,05:53,,
2025-07-31,ชุมทางหาดใหญ่,Hat Yai Junction,3,3,07:05,07:08,07:05,07:08,,
2025-08-01,กรุงเทพอภิวัฒน์,Bangkok (Krung Thep Aphiwat),-10,0,16:30,16:20,16:50,16:50,,
2025-08-01,บางบำหรุ,Bang Bamru,1,1,17:01,17:02,17:02,17:03,,
2025-08-01,ศาลายา,Sala Ya,0,0,17:22,17:22,17:23,17:23,,
2025-08-01,นครปฐม,Nakhon Pathom,5,5,17:48,17:53,17:50,17:55,,
2025-08-01,บ้านโป่ง,Ban Pong,7,7,18:08,18:15,18:09,18:16,,
2025-08-01,ราชบุรี,Ratchaburi,6,0,18:37,18:43,18:47,18:47,,
2025-08-01,เพชรบุรี,Phetchaburi,-2,0,19:30,19:28,19:31,19:31,,
2025-08-01,หัวหิน,Hua Hin,10,9,20:20,20:30,20:25,20:34,,
2025-08-01,ประจวบคีรีขันธ์,Prachuap Khiri Khan,-3,0,21:40,21:37,21:41,21:41,,
2025-08-01,ชุมพร,Chumphon,2,0,23:55,23:57,00:05,00:05,,
2025-08-01,สุราษฎร์ธานี,Surat Thani,43,43,02:20,03:03,02:23,03:06,,
2025-08-01,ชุมทางทุ่งสง,Thung Song Junction,36,35,04:08,04:44,04:18,04:53,,
2025-08-01,พัทลุง,Phatthalung,15,15,05:51,06:06,05:53,06:08,,
2025-08-01,ชุมทางหาดใหญ่,Hat Yai Junction,7,7,07:05,07:12,07:05,07:12,,
2025-08-02,กรุงเทพอภิวัฒน์,Bangkok (Krung Thep Aphiwat),-18,0,16:30,16:12,16:50,16:50,,
2025-08-02,บางบำหรุ,Bang Bamru,0,3,17:01,17:01,17:02,17:05,,
2025-08-02,ศาลายา,Sala Ya,3,3,17:22,17:25,17:23,17:26,,
2025-08-02,นครปฐม,Nakhon Pathom,4,6,17:48,17:52,17:50,17:56,,
2025-08-02,บ้านโป่ง,Ban Pong,17,17,18:08,18:25,18:09,18:26,,
2025-08-02,ราชบุรี,Ratchaburi,13,6,18:37,18:50,18:47,18:53,,
2025-08-02,เพชรบุรี,Phetchaburi,2,3,19:30,19:32,19:31,19:34,,
2025-08-02,หัวหิน,Hua Hin,12,10,20:20,20:32,20:25,20:35,,
2025-08-02,ประจวบคีรีขันธ์,Prachuap Khiri Khan,-1,0,21:40,21:39,21:41,21:41,,
2025-08-02,ชุมพร,Chumphon,7,8,23:55,00:02,00:05,00:13,,
2025-08-02,สุราษฎร์ธานี,Surat Thani,47,47,02:20,03:07,02:23,03:10,,
2025-08-02,ชุมทางทุ่งสง,Thung Song Junction,44,41,04:08,04:52,04:18,04:59,,
2025-08-02,พัทลุง,Phatthalung,23,26,05:51,06:14,05:53,06:19,,
2025-08-02,ชุมทางหาดใหญ่,Hat Yai Junction,20,20,07:05,07:25,07:05,07:25,,
2025-08-03,กรุงเทพอภิวัฒน์,Bangkok (Krung Thep Aphiwat),-6,0,16:30,16:24,16:50,16:50,,
2025-08-03,บางบำหรุ,Bang Bamru,0,0,17:01,17:01,17:02,17:02,,
2025-08-03,ศาลายา,Sala Ya,0,0,17:22,17:22,17:23,17:23,,
2025-08-03,นครปฐม,Nakhon Pathom,4,4,17:48,17:52,17:50,17:54,,
2025-08-03,บ้านโป่ง,Ban Pong,5,5,18:08,18:13,18:09,18:14,,
2025-08-03,ราชบุรี,Ratchaburi,3,0,18:37,18:40,18:47,18:47,,
2025-08-03,เพชรบุรี,Phetchaburi,,0,19:30,,19:31,,,
2025-08-03,หัวหิน,Hua Hin,7,5,20:20,20:27,20:25,20:30,,
2025-08-03,ประจวบคีรีขันธ์,Prachuap Khiri Khan,-7,0,21:40,21:33,21:41,21:41,,
2025-08-03,ชุมพร,Chumphon,-5,0,23:55,23:50,00:05,00:05,,
2025-08-03,สุราษฎร์ธานี,Surat Thani,14,14,02:20,02:34,02:23,02:37,,
2025-08-03,ชุมทางทุ่งสง,Thung Song Junction,14,14,04:08,04:22,04:18,04:32,,
2025-08-03,พัทลุง,Phatthalung,4,6,05:51,05:55,05:53,05:59,,
2025-08-03,ชุมทางหาดใหญ่,Hat Yai Junction,7,7,07:05,07:12,07:05,07:12,,
2025-08-04,กรุงเทพอภิวัฒน์,Bangkok (Krung Thep Aphiwat),-10,0,16:30,16:20,16:50,16:50,,
2025-08-04,บางบำหรุ,Bang Bamru,0,0,17:01,17:01,17:02,17:02,,
2025-08-04,ศาลายา,Sala Ya,0,0,17:22,17:22,17:23,17:23,,
2025-08-04,นครปฐม,Nakhon Pathom,4,4,17:48,17:52,17:50,17:54,,
2025-08-04,บ้านโป่ง,Ban Pong,5,5,18:08,18:13,18:09,18:14,,
2025-08-04,ราชบุรี,Ratchaburi,5,0,18:37,18:42,18:47,18:47,,
2025-08-04,เพชรบุรี,Phetchaburi,-1,0,19:30,19:29,19:31,19:31,,
2025-08-04,หัวหิน,Hua Hin,8,8,20:20,20:28,20:25,20:33,,
2025-08-04,ประจวบคีรีขันธ์,Prachuap Khiri Khan,-4,0,21:40,21:36,21:41,21:41,,
2025-08-04,ชุมพร,Chumphon,-2,15,23:55,23:53,00:05,00:20,,
2025-08-04,สุราษฎร์ธานี,Surat Thani,31,31,02:20,02:51,02:23,02:54,,
2025-08-04,ชุมทางทุ่งสง,Thung Song Junction,24,22,04:08,04:32,04:18,04:40,,
2025-08-04,พัทลุง,Phatthalung,10,10,05:51,06:01,05:53,06:03,,
2025-08-04,ชุมทางหาดใหญ่,Hat Yai Junction,8,8,07:05,07:13,07:05,07:13,,
2025-08-05,กรุงเทพอภิวัฒน์,Bangkok (Krung Thep Aphiwat),-3,0,16:30,16:27,16:50,16:50,,
2025-08-05,บางบำหรุ,Bang Bamru,0,0,17:01,17:01,17:02,17:02,,
2025-08-05,ศาลายา,Sala Ya,0,0,17:22,17:22,17:23,17:23,,
2025-08-05,นครปฐม,Nakhon Pathom,0,0,17:48,17:48,17:50,17:50,,
2025-08-05,บ้านโป่ง,Ban Pong,0,0,18:08,18:08,18:09,18:09,,
2025-08-05,ราชบุรี,Ratchaburi,-4,0,18:37,18:33,18:47,18:47,,
2025-08-05,เพชรบุรี,Phetchaburi,-9,0,19:30,19:21,19:31,19:31,,
2025-08-05,หัวหิน,Hua Hin,7,5,20:20,20:27,20:25,20:30,,
2025-08-05,ประจวบคีรีขันธ์,Prachuap Khiri Khan,-5,0,21:40,21:35,21:41,21:41,,
2025-08-05,ชุมพร,Chumphon,0,0,23:55,23:55,00:05,00:05,,
2025-08-05,สุราษฎร์ธานี,Surat Thani,11,13,02:20,02:31,02:23,02:36,,
2025-08-05,ชุมทางทุ่งสง,Thung Song Junction,8,7,04:08,04:16,04:18,04:25,,
2025-08-05,พัทลุง,Phatthalung,0,0,05:51,05:51,05:53,05:53,,
2025-08-05,ชุมทางหาดใหญ่,Hat Yai Junction,5,5,07:05,07:10,07:05,07:10,,
2025-08-06,กรุงเทพอภิวัฒน์,Bangkok (Krung Thep Aphiwat),-10,0,16:30,16:20,16:50,16:50,,
2025-08-06,บางบำหรุ,Bang Bamru,,0,17:01,,17:02,,,
2025-08-06,ศาลายา,Sala Ya,0,0,17:22,17:22,17:23,17:23,,
2025-08-06,นครปฐม,Nakhon Pathom,0,0,17:48,17:48,17:50,17:50,,
2025-08-06,บ้านโป่ง,Ban Pong,0,0,18:08,18:08,18:09,18:09,,
2025-08-06,ราชบุรี,Ratchaburi,-3,0,18:37,18:34,18:47,18:47,,
2025-08-06,เพชรบุรี,Phetchaburi,-7,0,19:30,19:23,19:31,19:31,,
2025-08-06,หัวหิน,Hua Hin,4,2,20:20,20:24,20:25,20:27,,
2025-08-06,ประจวบคีรีขันธ์,Prachuap Khiri Khan,-7,0,21:40,21:33,21:41,21:41,,
2025-08-06,ชุมพร,Chumphon,11,10,23:55,00:06,00:05,00:15,,
2025-08-06,สุราษฎร์ธานี,Surat Thani,29,29,02:20,02:49,02:23,02:52,,
2025-08-06,ชุมทางทุ่งสง,Thung Song Junction,14,10,04:08,04:22,04:18,04:28,,
2025-08-06,พัทลุง,Phatthalung,0,0,05:51,05:51,05:53,05:53,,
2025-08-06,ชุมทางหาดใหญ่,Hat Yai Junction,0,0,07:05,07:05,07:05,07:05,,
2025-08-07,กรุงเทพอภิวัฒน์,Bangkok (Krung Thep Aphiwat),-11,0,16:30,16:19,16:50,16:50,,
2025-08-07,บางบำหรุ,Bang Bamru,0,0,17:01,17:01,17:02,17:02,,
2025-08-07,ศาลายา,Sala Ya,0,0,17:22,17:22,17:23,17:23,,
2025-08-07,นครปฐม,Nakhon Pathom,0,0,17:48,17:48,17:50,17:50,,
2025-08-07,บ้านโป่ง,Ban Pong,0,0,18:08,18:08,18:09,18:09,,
2025-08-07,ราชบุรี,Ratchaburi,0,0,18:37,18:37,18:47,18:47,,
2025-08-07,เพชรบุรี,Phetchaburi,-5,0,19:30,19:25,19:31,19:31,,
2025-08-07,หัวหิน,Hua Hin,5,3,20:20,20:25,20:25,20:28,,
2025-08-07,ประจวบคีรีขันธ์,Prachuap Khiri Khan,-1,2,21:40,21:39,21:41,21:43,,
2025-08-07,ชุมพร,Chumphon,19,19,23:55,00:14,00:05,00:24,,
2025-08-07,สุราษฎร์ธานี,Surat Thani,31,31,02:20,02:51,02:23,02:54,,
2025-08-07,ชุมทางทุ่งสง,Thung Song Junction,28,25,04:08,04:36,04:18,04:43,,
2025-08-07,พัทลุง,Phatthalung,7,7,05:51,05:58,05:53,06:00,,
2025-08-07,ชุมทางหาดใหญ่,Hat Yai Junction,10,10,07:05,07:15,07:05,07:15,,
2025-08-08,กรุงเทพอภิวัฒน์,Bangkok (Krung Thep Aphiwat),-8,0,16:30,16:22,16:50,16:50,,
2025-08-08,บางบำหรุ,Bang Bamru,0,0,17:01,17:01,17:02,17:02,,
2025-08-08,ศาลายา,Sala Ya,1,1,17:22,17:23,17:23,17:24,,
2025-08-08,นครปฐม,Nakhon Pathom,4,4,17:48,17:52,17:50,17:54,,
2025-08-08,บ้านโป่ง,Ban Pong,7,7,18:08,18:15,18:09,18:16,,
2025-08-08,ราชบุรี,Ratchaburi,5,0,18:37,18:42,18:47,18:47,,
2025-08-08,เพชรบุรี,Phetchaburi,-5,0,19:30,19:25,19:31,19:31,,
2025-08-08,หัวหิน,Hua Hin,9,9,20:20,20:29,20:25,20:34,,
2025-08-08,ประจวบคีรีขันธ์,Prachuap Khiri Khan,6,14,21:40,21:46,21:41,21:55,,
2025-08-08,ชุมพร,Chumphon,17,17,23:55,00:12,00:05,00:22,,
2025-08-08,สุราษฎร์ธานี,Surat Thani,26,29,02:20,02:46,02:23,02:52,,
2025-08-08,ชุมทางทุ่งสง,Thung Song Junction,21,19,04:08,04:29,04:18,04:37,,
2025-08-08,พัทลุง,Phatthalung,2,2,05:51,05:53,05:53,05:55,,
2025-08-08,ชุมทางหาดใหญ่,Hat Yai Junction,5,5,07:05,07:10,07:05,07:10,,
2025-08-09,กรุงเทพอภิวัฒน์,Bangkok (Krung Thep Aphiwat),-10,0,16:30,16:20,16:50,16:50,,
2025-08-09,บางบำหรุ,Bang Bamru,0,0,17:01,17:01,17:02,17:02,,
2025-08-09,ศาลายา,Sala Ya,0,0,17:22,17:22,17:23,17:23,,
2025-08-09,นครปฐม,Nakhon Pathom,3,3,17:48,17:51,17:50,17:53,,
2025-08-09,บ้านโป่ง,Ban Pong,6,6,18:08,18:14,18:09,18:15,,
2025-08-09,ราชบุรี,Ratchaburi,5,0,18:37,18:42,18:47,18:47,,
2025-08-09,เพชรบุรี,Phetchaburi,-4,0,19:30,19:26,19:31,19:31,,
2025-08-09,หัวหิน,Hua Hin,10,8,20:20,20:30,20:25,20:33,,
2025-08-09,ประจวบคีรีขันธ์,Prachuap Khiri Khan,15,15,21:40,21:55,21:41,21:56,,
2025-08-09,ชุมพร,Chumphon,13,11,23:55,00:08,00:05,00:16,,
2025-08-09,สุราษฎร์ธานี,Surat Thani,44,44,02:20,03:04,02:23,03:07,,
2025-08-09,ชุมทางทุ่งสง,Thung Song Junction,36,33,04:08,04:44,04:18,04:51,,
2025-08-09,พัทลุง,Phatthalung,11,11,05:51,06:02,05:53,06:04,,
2025-08-09,ชุมทางหาดใหญ่,Hat Yai Junction,7,7,07:05,07:12,07:05,07:12,,
2025-08-10,กรุงเทพอภิวัฒน์,Bangkok (Krung Thep Aphiwat),-11,0,16:30,16:19,16:50,16:50,,
2025-08-10,บางบำหรุ,Bang Bamru,0,0,17:01,17:01,17:02,17:02,,
2025-08-10,ศาลายา,Sala Ya,0,0,17:22,17:22,17:23,17:23,,
2025-08-10,นครปฐม,Nakhon Pathom,2,2,17:48,17:50,17:50,17:52,,
2025-08-10,บ้านโป่ง,Ban Pong,2,2,18:08,18:10,18:09,18:11,,
2025-08-10,ราชบุรี,Ratchaburi,0,0,18:37,18:37,18:47,18:47,,
2025-08-10,เพชรบุรี,Phetchaburi,-5,0,19:30,19:25,19:31,19:31,,
2025-08-10,หัวหิน,Hua Hin,10,9,20:20,20:30,20:25,20:34,,
2025-08-10,ประจวบคีรีขันธ์,Prachuap Khiri Khan,17,17,21:40,21:57,21:41,21:58,,
2025-08-10,ชุมพร,Chumphon,37,35,23:55,00:32,00:05,00:40,,
2025-08-10,สุราษฎร์ธานี,Surat Thani,38,40,02:20,02:58,02:23,03:03,,
2025-08-10,ชุมทางทุ่งสง,Thung Song Junction,37,37,04:08,04:45,04:18,04:55,,
2025-08-10,พัทลุง,Phatthalung,20,20,05:51,06:11,05:53,06:13,,
2025-08-10,ชุมทางหาดใหญ่,Hat Yai Junction,19,19,07:05,07:24,07:05,07:24,,
2025-08-11,กรุงเทพอภิวัฒน์,Bangkok (Krung Thep Aphiwat),-11,0,16:30,16:19,16:50,16:50,,
2025-08-11,บางบำหรุ,Bang Bamru,0,0,17:01,17:01,17:02,17:02,,
2025-08-11,ศาลายา,Sala Ya,0,0,17:22,17:22,17:23,17:23,,
2025-08-11,นครปฐม,Nakhon Pathom,0,0,17:48,17:48,17:50,17:50,,
2025-08-11,บ้านโป่ง,Ban Pong,0,0,18:08,18:08,18:09,18:09,,
2025-08-11,ราชบุรี,Ratchaburi,-2,0,18:37,18:35,18:47,18:47,,
2025-08-11,เพชรบุรี,Phetchaburi,-9,0,19:30,19:21,19:31,19:31,,
2025-08-11,หัวหิน,Hua Hin,5,5,20:20,20:25,20:25,20:30,,
2025-08-11,ประจวบคีรีขันธ์,Prachuap Khiri Khan,-1,0,21:40,21:39,21:41,21:41,,
2025-08-11,ชุมพร,Chumphon,10,10,23:55,00:05,00:05,00:15,,
2025-08-11,สุราษฎร์ธานี,Surat Thani,28,28,02:20,02:48,02:23,02:51,,
2025-08-11,ชุมทางทุ่งสง,Thung Song Junction,39,37,04:08,04:47,04:18,04:55,,
2025-08-11,พัทลุง,Phatthalung,22,22,05:51,06:13,05:53,06:15,,
2025-08-11,ชุมทางหาดใหญ่,Hat Yai Junction,20,20,07:05,07:25,07:05,07:25,,
2025-08-12,กรุงเทพอภิวัฒน์,Bangkok (Krung Thep Aphiwat),-12,0,16:30,16:18,16:50,16:50,,
2025-08-12,บางบำหรุ,Bang Bamru,0,0,17:01,17:01,17:02,17:02,,
2025-08-12,ศาลายา,Sala Ya,0,0,17:22,17:22,17:23,17:23,,
2025-08-12,นครปฐม,Nakhon Pathom,2,2,17:48,17:50,17:50,17:52,,
2025-08-12,บ้านโป่ง,Ban Pong,2,2,18:08,18:10,18:09,18:11,,
2025-08-12,ราชบุรี,Ratchaburi,2,0,18:37,18:39,18:47,18:47,,
2025-08-12,เพชรบุรี,Phetchaburi,-3,0,19:30,19:27,19:31,19:31,,
2025-08-12,หัวหิน,Hua Hin,12,11,20:20,20:32,20:25,20:36,,
2025-08-12,ประจวบคีรีขันธ์,Prachuap Khiri Khan,4,4,21:40,21:44,21:41,21:45,,
2025-08-12,ชุมพร,Chumphon,14,14,23:55,00:09,00:05,00:19,,
2025-08-12,สุราษฎร์ธานี,Surat Thani,30,30,02:20,02:50,02:23,02:53,,
2025-08-12,ชุมทางทุ่งสง,Thung Song Junction,24,21,04:08,04:32,04:18,04:39,,
2025-08-12,พัทลุง,Phatthalung,5,5,05:51,05:56,05:53,05:58,,
2025-08-12,ชุมทางหาดใหญ่,Hat Yai Junction,5,5,07:05,07:10,07:05,07:10,,
2025-08-13,กรุงเทพอภิวัฒน์,Bangkok (Krung Thep Aphiwat),-11,0,16:30,16:19,16:50,16:50,,
2025-08-13,บางบำหรุ,Bang Bamru,0,0,17:01,17:01,17:02,17:02,,
2025-08-13,ศาลายา,Sala Ya,0,0,17:22,17:22,17:23,17:23,,
2025-08-13,นครปฐม,Nakhon Pathom,-1,0,17:48,17:47,17:50,17:50,,
2025-08-13,บ้านโป่ง,Ban Pong,0,0,18:08,18:08,18:09,18:09,,
2025-08-13,ราชบุรี,Ratchaburi,-3,0,18:37,18:34,18:47,18:47,,
2025-08-13,เพชรบุรี,Phetchaburi,-5,0,19:30,19:25,19:31,19:31,,
2025-08-13,หัวหิน,Hua Hin,5,5,20:20,20:25,20:25,20:30,,
2025-08-13,ประจวบคีรีขันธ์,Prachuap Khiri Khan,-4,0,21:40,21:36,21:41,21:41,,
2025-08-13,ชุมพร,Chumphon,8,11,23:55,00:03,00:05,00:16,,
2025-08-13,สุราษฎร์ธานี,Surat Thani,25,25,02:20,02:45,02:23,02:48,,
2025-08-13,ชุมทางทุ่งสง,Thung Song Junction,31,30,04:08,04:39,04:18,04:48,,
2025-08-13,พัทลุง,Phatthalung,19,21,05:51,06:10,05:53,06:14,,
2025-08-13,ชุมทางหาดใหญ่,Hat Yai Junction,18,18,07:05,07:23,07:05,07:23,,
2025-08-14,กรุงเทพอภิวัฒน์,Bangkok (Krung Thep Aphiwat),-10,0,16:30,16:20,16:50,16:50,,
2025-08-14,บางบำหรุ,Bang Bamru,0,0,17:01,17:01,17:02,17:02,,
2025-08-14,ศาลายา,Sala Ya,0,0,17:22,17:22,17:23,17:23,,
2025-08-14,นครปฐม,Nakhon Pathom,0,0,17:48,17:48,17:50,17:50,,
2025-08-14,บ้านโป่ง,Ban Pong,0,0,18:08,18:08,18:09,18:09,,
2025-08-14,ราชบุรี,Ratchaburi,-2,0,18:37,18:35,18:47,18:47,,
2025-08-14,เพชรบุรี,Phetchaburi,-3,0,19:30,19:27,19:31,19:31,,
2025-08-14,หัวหิน,Hua Hin,5,3,20:20,20:25,20:25,20:28,,
2025-08-14,ประจวบคีรีขันธ์,Prachuap Khiri Khan,-9,0,21:40,21:31,21:41,21:41,,
2025-08-14,ชุมพร,Chumphon,-9,11,23:55,23:46,00:05,00:16,,
2025-08-14,สุราษฎร์ธานี,Surat Thani,19,19,02:20,02:39,02:23,02:42,,
2025-08-14,ชุมทางทุ่งสง,Thung Song Junction,17,14,04:08,04:25,04:18,04:32,,
2025-08-14,พัทลุง,Phatthalung,0,0,05:51,05:51,05:53,05:53,,
2025-08-14,ชุมทางหาดใหญ่,Hat Yai Junction,5,5,07:05,07:10,07:05,07:10,,
2025-08-15,กรุงเทพอภิวัฒน์,Bangkok (Krung Thep Aphiwat),-6,0,16:30,16:24,16:50,16:50,,
2025-08-15,บางบำหรุ,Bang Bamru,0,0,17:01,17:01,17:02,17:02,,
2025-08-15,ศาลายา,Sala Ya,0,0,17:22,17:22,17:23,17:23,,
2025-08-15,นครปฐม,Nakhon Pathom,3,3,17:48,17:51,17:50,17:53,,
2025-08-15,บ้านโป่ง,Ban Pong,4,4,18:08,18:12,18:09,18:13,,
2025-08-15,ราชบุรี,Ratchaburi,3,0,18:37,18:40,18:47,18:47,,
2025-08-15,เพชรบุรี,Phetchaburi,-4,0,19:30,19:26,19:31,19:31,,
2025-08-15,หัวหิน,Hua Hin,9,7,20:20,20:29,20:25,20:32,,
2025-08-15,ประจวบคีรีขันธ์,Prachuap Khiri Khan,4,4,21:40,21:44,21:41,21:45,,
2025-08-15,ชุมพร,Chumphon,15,15,23:55,00:10,00:05,00:20,,
2025-08-15,สุราษฎร์ธานี,Surat Thani,34,38,02:20,02:54,02:23,03:01,,
2025-08-15,ชุมทางทุ่งสง,Thung Song Junction,33,31,04:08,04:41,04:18,04:49,,
2025-08-15,พัทลุง,Phatthalung,11,11,05:51,06:02,05:53,06:04,,
2025-08-15,ชุมทางหาดใหญ่,Hat Yai Junction,7,7,07:05,07:12,07:05,07:12,,
2025-08-16,กรุงเทพอภิวัฒน์,Bangkok (Krung Thep Aphiwat),-12,0,16:30,16:18,16:50,16:50,,
2025-08-16,บางบำหรุ,Bang Bamru,0,0,17:01,17:01,17:02,17:02,,
2025-08-16,ศาลายา,Sala Ya,0,0,17:22,17:22,17:23,17:23,,
2025-08-16,นครปฐม,Nakhon Pathom,0,0,17:48,17:48,17:50,17:50,,
2025-08-16,บ้านโป่ง,Ban Pong,0,0,18:08,18:08,18:09,18:09,,
2025-08-16,ราชบุรี,Ratchaburi,-2,0,18:37,18:35,18:47,18:47,,
2025-08-16,เพชรบุรี,Phetchaburi,-6,0,19:30,19:24,19:31,19:31,,
2025-08-16,หัวหิน,Hua Hin,4,2,20:20,20:24,20:25,20:27,,
2025-08-16,ประจวบคีรีขันธ์,Prachuap Khiri Khan,-2,0,21:40,21:38,21:41,21:41,,
2025-08-16,ชุมพร,Chumphon,5,11,23:55,00:00,00:05,00:16,,
2025-08-16,สุราษฎร์ธานี,Surat Thani,39,39,02:20,02:59,02:23,03:02,,
2025-08-16,ชุมทางทุ่งสง,Thung Song Junction,22,20,04:08,04:30,04:18,04:38,,
2025-08-16,พัทลุง,Phatthalung,0,0,05:51,05:51,05:53,05:53,,
2025-08-16,ชุมทางหาดใหญ่,Hat Yai Junction,-2,-2,07:05,07:03,07:05,07:03,,
2025-08-17,กรุงเทพอภิวัฒน์,Bangkok (Krung Thep Aphiwat),-10,0,16:30,16:20,16:50,16:50,,
2025-08-17,บางบำหรุ,Bang Bamru,0,0,17:01,17:01,17:02,17:02,,
2025-08-17,ศาลายา,Sala Ya,0,0,17:22,17:22,17:23,17:23,,
2025-08-17,นครปฐม,Nakhon Pathom,2,2,17:48,17:50,17:50,17:52,,
2025-08-17,บ้านโป่ง,Ban Pong,3,3,18:08,18:11,18:09,18:12,,
2025-08-17,ราชบุรี,Ratchaburi,2,0,18:37,18:39,18:47,18:47,,
2025-08-17,เพชรบุรี,Phetchaburi,-5,0,19:30,19:25,19:31,19:31,,
2025-08-17,หัวหิน,Hua Hin,6,4,20:20,20:26,20:25,20:29,,
2025-08-17,ประจวบคีรีขันธ์,Prachuap Khiri Khan,-1,0,21:40,21:39,21:41,21:41,,
2025-08-17,ชุมพร,Chumphon,9,9,23:55,00:04,00:05,00:14,,
2025-08-17,สุราษฎร์ธานี,Surat Thani,28,28,02:20,02:48,02:23,02:51,,
2025-08-17,ชุมทางทุ่งสง,Thung Song Junction,24,23,04:08,04:32,04:18,04:41,,
2025-08-17,พัทลุง,Phatthalung,2,2,05:51,05:53,05:53,05:55,,
2025-08-17,ชุมทางหาดใหญ่,Hat Yai Junction,7,7,07:05,07:12,07:05,07:12,,
2025-08-18,กรุงเทพอภิวัฒน์,Bangkok (Krung Thep Aphiwat),-10,0,16:30,16:20,16:50,16:50,,
2025-08-18,บางบำหรุ,Bang Bamru,1,1,17:01,17:02,17:02,17:03,,
2025-08-18,ศาลายา,Sala Ya,6,6,17:22,17:28,17:23,17:29,,
2025-08-18,นครปฐม,Nakhon Pathom,11,11,17:48,17:59,17:50,18:01,,
2025-08-18,บ้านโป่ง,Ban Pong,11,11,18:08,18:19,18:09,18:20,,
2025-08-18,ราชบุรี,Ratchaburi,9,2,18:37,18:46,18:47,18:49,,
2025-08-18,เพชรบุรี,Phetchaburi,-2,0,19:30,19:28,19:31,19:31,,
2025-08-18,หัวหิน,Hua Hin,11,9,20:20,20:31,20:25,20:34,,
2025-08-18,ประจวบคีรีขันธ์,Prachuap Khiri Khan,-4,0,21:40,21:36,21:41,21:41,,
2025-08-18,ชุมพร,Chumphon,-10,0,23:55,23:45,00:05,00:05,,
2025-08-18,สุราษฎร์ธานี,Surat Thani,10,10,02:20,02:30,02:23,02:33,,
2025-08-18,ชุมทางทุ่งสง,Thung Song Junction,3,0,04:08,04:11,04:18,04:18,,
2025-08-18,พัทลุง,Phatthalung,-11,0,05:51,05:40,05:53,05:53,,
2025-08-18,ชุมทางหาดใหญ่,Hat Yai Junction,3,3,07:05,07:08,07:05,07:08,,
2025-08-19,กรุงเทพอภิวัฒน์,Bangkok (Krung Thep Aphiwat),-11,0,16:30,16:19,16:50,16:50,,
2025-08-19,บางบำหรุ,Bang Bamru,1,1,17:01,17:02,17:02,17:03,,
2025-08-19,ศาลายา,Sala Ya,0,0,17:22,17:22,17:23,17:23,,
2025-08-19,นครปฐม,Nakhon Pathom,0,0,17:48,17:48,17:50,17:50,,
2025-08-19,บ้านโป่ง,Ban Pong,0,0,18:08,18:08,18:09,18:09,,
2025-08-19,ราชบุรี,Ratchaburi,-3,0,18:37,18:34,18:47,18:47,,
2025-08-19,เพชรบุรี,Phetchaburi,-9,0,19:30,19:21,19:31,19:31,,
2025-08-19,หัวหิน,Hua Hin,5,3,20:20,20:25,20:25,20:28,,
2025-08-19,ประจวบคีรีขันธ์,Prachuap Khiri Khan,-5,0,21:40,21:35,21:41,21:41,,
2025-08-19,ชุมพร,Chumphon,-9,0,23:55,23:46,00:05,00:05,,
2025-08-19,สุราษฎร์ธานี,Surat Thani,19,19,02:20,02:39,02:23,02:42,,
2025-08-19,ชุมทางทุ่งสง,Thung Song Junction,14,13,04:08,04:22,04:18,04:31,,
2025-08-19,พัทลุง,Phatthalung,0,0,05:51,05:51,05:53,05:53,,
2025-08-19,ชุมทางหาดใหญ่,Hat Yai Junction,6,6,07:05,07:11,07:05,07:11,,
2025-08-20,กรุงเทพอภิวัฒน์,Bangkok (Krung Thep Aphiwat),-2,0,16:30,16:28,16:50,16:50,"เนื่องจากผ่านพื้นที่ก่อสร้าง, รอเปิดทาง, รอหลีกขบวนรถ","due to Passing construction site, Wait for track cleared, Wait for track cleared"
2025-08-20,บางบำหรุ,Bang Bamru,0,0,17:01,17:01,17:02,17:02,"เนื่องจากผ่านพื้นที่ก่อสร้าง, รอเปิดทาง, รอหลีกขบวนรถ","due to Passing construction site, Wait for track cleared, Wait for track cleared"
2025-08-20,ศาลายา,Sala Ya,0,0,17:22,17:22,17:23,17:23,"เนื่องจากผ่านพื้นที่ก่อสร้าง, รอเปิดทาง, รอหลีกขบวนรถ","due to Passing construction site, Wait for track cleared, Wait for track cleared"
2025-08-20,นครปฐม,Nakhon Pathom,1,1,17:48,17:49,17:50,17:51,"เนื่องจากผ่านพื้นที่ก่อสร้าง, รอเปิดทาง, รอหลีกขบวนรถ","due to Passing construction site, Wait for track cleared, Wait for track cleared"
2025-08-20,บ้านโป่ง,Ban Pong,0,0,18:08,18:08,18:09,18:09,"เนื่องจากผ่านพื้นที่ก่อสร้าง, รอเปิดทาง, รอหลีกขบวนรถ","due to Passing construction site, Wait for track cleared, Wait for track cleared"
2025-08-20,ราชบุรี,Ratchaburi,0,0,18:37,18:37,18:47,18:47,"เนื่องจากผ่านพื้นที่ก่อสร้าง, รอเปิดทาง, รอหลีกขบวนรถ","due to Passing construction site, Wait for track cleared, Wait for track cleared"
2025-08-20,เพชรบุรี,Phetchaburi,-5,0,19:30,19:25,19:31,19:31,"เนื่องจากผ่านพื้นที่ก่อสร้าง, รอเปิดทาง, รอหลีกขบวนรถ","due to Passing construction site, Wait for track cleared, Wait for track cleared"
2025-08-20,หัวหิน,Hua Hin,5,4,20:20,20:25,20:25,20:29,"เนื่องจากผ่านพื้นที่ก่อสร้าง, รอเปิดทาง, รอหลีกขบวนรถ","due to Passing construction site, Wait for track cleared, Wait for track cleared"
2025-08-20,ประจวบคีรีขันธ์,Prachuap Khiri Khan,-5,0,21:40,21:35,21:41,21:41,"เนื่องจากผ่านพื้นที่ก่อสร้าง, รอเปิดทาง, รอหลีกขบวนรถ","due to Passing construction site, Wait for track cleared, Wait for track cleared"
2025-08-20,ชุมพร,Chumphon,-1,0,23:55,23:54,00:05,00:05,"เนื่องจากผ่านพื้นที่ก่อสร้าง, รอเปิดทาง, รอหลีกขบวนรถ","due to Passing construction site, Wait for track cleared, Wait for track cleared"
2025-08-20,สุราษฎร์ธานี,Surat Thani,17,17,02:20,02:37,02:23,02:40,"เนื่องจากผ่านพื้นที่ก่อสร้าง, รอเปิดทาง, รอหลีกขบวนรถ","due to Passing construction site, Wait for track cleared, Wait for track cleared"
2025-08-20,ชุมทางทุ่งสง,Thung Song Junction,10,7,04:08,04:18,04:18,04:25,"เนื่องจากผ่านพื้นที่ก่อสร้าง, รอเปิดทาง, รอหลีกขบวนรถ","due to Passing construction site, Wait for track cleared, Wait for track cleared"
2025-08-20,พัทลุง,Phatthalung,49,49,05:51,06:40,05:53,06:42,"เนื่องจากผ่านพื้นที่ก่อสร้าง, รอเปิดทาง, รอหลีกขบวนรถ","due to Passing construction site, Wait for track cleared, Wait for track cleared"
2025-08-20,ชุมทางหาดใหญ่,Hat Yai Junction,50,50,07:05,07:55,07:05,07:55,"เนื่องจากผ่านพื้นที่ก่อสร้าง, รอเปิดทาง, รอหลีกขบวนรถ","due to Passing construction site, Wait for track cleared, Wait for track cleared"
2025-08-21,กรุงเทพอภิวัฒน์,Bangkok (Krung Thep Aphiwat),-10,0,16:30,16:20,16:50,16:50,"เนื่องจากตู้โดยสารขัดข้อง, ผ่านพื้นที่ก่อสร้าง","due to Carriage issue, Passing construction site"
2025-08-21,บางบำหรุ,Bang Bamru,0,0,17:01,17:01,17:02,17:02,"เนื่องจากตู้โดยสารขัดข้อง, ผ่านพื้นที่ก่อสร้าง","due to Carriage issue, Passing construction site"
2025-08-21,ศาลายา,Sala Ya,0,0,17:22,17:22,17:23,17:23,"เนื่องจากตู้โดยสารขัดข้อง, ผ่านพื้นที่ก่อสร้าง","due to Carriage issue, Passing construction site"
2025-08-21,นครปฐม,Nakhon Pathom,0,0,17:48,17:48,17:50,17:50,"เนื่องจากตู้โดยสารขัดข้อง, ผ่านพื้นที่ก่อสร้าง","due to Carriage issue, Passing construction site"
2025-08-21,บ้านโป่ง,Ban Pong,0,0,18:08,18:08,18:09,18:09,"เนื่องจากตู้โดยสารขัดข้อง, ผ่านพื้นที่ก่อสร้าง","due to Carriage issue, Passing construction site"
2025-08-21,ราชบุรี,Ratchaburi,-4,0,18:37,18:33,18:47,18:47,"เนื่องจากตู้โดยสารขัดข้อง, ผ่านพื้นที่ก่อสร้าง","due to Carriage issue, Passing construction site"
2025-08-21,เพชรบุรี,Phetchaburi,-9,0,19:30,19:21,19:31,19:31,"เนื่องจากตู้โดยสารขัดข้อง, ผ่านพื้นที่ก่อสร้าง","due to Carriage issue, Passing construction site"
2025-08-21,หัวหิน,Hua Hin,2,0,20:20,20:22,20:25,20:25,"เนื่องจากตู้โดยสารขัดข้อง, ผ่านพื้นที่ก่อสร้าง","due to Carriage issue, Passing construction site"
2025-08-21,ประจวบคีรีขันธ์,Prachuap Khiri Khan,-12,0,21:40,21:28,21:41,21:41,"เนื่องจากตู้โดยสารขัดข้อง, ผ่านพื้นที่ก่อสร้าง","due to Carriage issue, Passing construction site"
2025-08-21,ชุมพร,Chumphon,-7,0,23:55,23:48,00:05,00:05,"เนื่องจากตู้โดยสารขัดข้อง, ผ่านพื้นที่ก่อสร้าง","due to Carriage issue, Passing construction site"
2025-08-21,สุราษฎร์ธานี,Surat Thani,32,31,02:20,02:52,02:23,02:54,"เนื่องจากตู้โดยสารขัดข้อง, ผ่านพื้นที่ก่อสร้าง","due to Carriage issue, Passing construction site"
2025-08-21,ชุมทางทุ่งสง,Thung Song Junction,34,58,04:08,04:42,04:18,05:16,"เนื่องจากตู้โดยสารขัดข้อง, ผ่านพื้นที่ก่อสร้าง","due to Carriage issue, Passing construction site"
2025-08-21,พัทลุง,Phatthalung,39,39,05:51,06:30,05:53,06:32,"เนื่องจากตู้โดยสารขัดข้อง, ผ่านพื้นที่ก่อสร้าง","due to Carriage issue, Passing construction site"
2025-08-21,ชุมทางหาดใหญ่,Hat Yai Junction,37,37,07:05,07:42,07:05,07:42,"เนื่องจากตู้โดยสารขัดข้อง, ผ่านพื้นที่ก่อสร้าง","due to Carriage issue, Passing construction site"
2025-08-22,กรุงเทพอภิวัฒน์,Bangkok (Krung Thep Aphiwat),-14,0,16:30,16:16,16:50,16:50,,
2025-08-22,บางบำหรุ,Bang Bamru,0,0,17:01,17:01,17:02,17:02,,
2025-08-22,ศาลายา,Sala Ya,0,0,17:22,17:22,17:23,17:23,,
2025-08-22,นครปฐม,Nakhon Pathom,4,5,17:48,17:52,17:50,17:55,,
2025-08-22,บ้านโป่ง,Ban Pong,15,15,18:08,18:23,18:09,18:24,,
2025-08-22,ราชบุรี,Ratchaburi,12,5,18:37,18:49,18:47,18:52,,
2025-08-22,เพชรบุรี,Phetchaburi,-4,0,19:30,19:26,19:31,19:31,,
2025-08-22,หัวหิน,Hua Hin,18,16,20:20,20:38,20:25,20:41,,
2025-08-22,ประจวบคีรีขันธ์,Prachuap Khiri Khan,9,11,21:40,21:49,21:41,21:52,,
2025-08-22,ชุมพร,Chumphon,26,29,23:55,00:21,00:05,00:34,,
2025-08-22,สุราษฎร์ธานี,Surat Thani,36,36,02:20,02:56,02:23,02:59,,
2025-08-22,ชุมทางทุ่งสง,Thung Song Junction,28,24,04:08,04:36,04:18,04:42,,
2025-08-22,พัทลุง,Phatthalung,9,9,05:51,06:00,05:53,06:02,,
2025-08-22,ชุมทางหาดใหญ่,Hat Yai Junction,5,5,07:05,07:10,07:05,07:10,,
2025-08-23,กรุงเทพอภิวัฒน์,Bangkok (Krung Thep Aphiwat),-9,0,16:30,16:21,16:50,16:50,,
2025-08-23,บางบำหรุ,Bang Bamru,0,0,17:01,17:01,17:02,17:02,,
2025-08-23,ศาลายา,Sala Ya,0,0,17:22,17:22,17:23,17:23,,
2025-08-23,นครปฐม,Nakhon Pathom,2,2,17:48,17:50,17:50,17:52,,
2025-08-23,บ้านโป่ง,Ban Pong,2,2,18:08,18:10,18:09,18:11,,
2025-08-23,ราชบุรี,Ratchaburi,-2,0,18:37,18:35,18:47,18:47,,
2025-08-23,เพชรบุรี,Phetchaburi,-7,0,19:30,19:23,19:31,19:31,,
2025-08-23,หัวหิน,Hua Hin,5,3,20:20,20:25,20:25,20:28,,
2025-08-23,ประจวบคีรีขันธ์,Prachuap Khiri Khan,-6,0,21:40,21:34,21:41,21:41,,
2025-08-23,ชุมพร,Chumphon,-1,13,23:55,23:54,00:05,00:18,,
2025-08-23,สุราษฎร์ธานี,Surat Thani,22,22,02:20,02:42,02:23,02:45,,
2025-08-23,ชุมทางทุ่งสง,Thung Song Junction,18,17,04:08,04:26,04:18,04:35,,
2025-08-23,พัทลุง,Phatthalung,3,3,05:51,05:54,05:53,05:56,,
2025-08-23,ชุมทางหาดใหญ่,Hat Yai Junction,5,5,07:05,07:10,07:05,07:10,,
2025-08-24,กรุงเทพอภิวัฒน์,Bangkok (Krung Thep Aphiwat),-22,0,16:30,16:08,16:50,16:50,,
2025-08-24,บางบำหรุ,Bang Bamru,0,0,17:01,17:01,17:02,17:02,,
2025-08-24,ศาลายา,Sala Ya,0,0,17:22,17:22,17:23,17:23,,
2025-08-24,นครปฐม,Nakhon Pathom,0,0,17:48,17:48,17:50,17:50,,
2025-08-24,บ้านโป่ง,Ban Pong,0,0,18:08,18:08,18:09,18:09,,
2025-08-24,ราชบุรี,Ratchaburi,-3,0,18:37,18:34,18:47,18:47,,
2025-08-24,เพชรบุรี,Phetchaburi,-6,0,19:30,19:24,19:31,19:31,,
2025-08-24,หัวหิน,Hua Hin,2,0,20:20,20:22,20:25,20:25,,
2025-08-24,ประจวบคีรีขันธ์,Prachuap Khiri Khan,-10,0,21:40,21:30,21:41,21:41,,
2025-08-24,ชุมพร,Chumphon,6,6,23:55,00:01,00:05,00:11,,
2025-08-24,สุราษฎร์ธานี,Surat Thani,39,39,02:20,02:59,02:23,03:02,,
2025-08-24,ชุมทางทุ่งสง,Thung Song Junction,31,29,04:08,04:39,04:18,04:47,,
2025-08-24,พัทลุง,Phatthalung,12,12,05:51,06:03,05:53,06:05,,
2025-08-24,ชุมทางหาดใหญ่,Hat Yai Junction,15,15,07:05,07:20,07:05,07:20,,
2025-08-25,กรุงเทพอภิวัฒน์,Bangkok (Krung Thep Aphiwat),-16,0,16:30,16:14,16:50,16:50,,
2025-08-25,บางบำหรุ,Bang Bamru,0,2,17:01,17:01,17:02,17:04,,
2025-08-25,ศาลายา,Sala Ya,0,0,17:22,17:22,17:23,17:23,,
2025-08-25,นครปฐม,Nakhon Pathom,0,0,17:48,17:48,17:50,17:50,,
2025-08-25,บ้านโป่ง,Ban Pong,0,0,18:08,18:08,18:09,18:09,,
2025-08-25,ราชบุรี,Ratchaburi,-3,0,18:37,18:34,18:47,18:47,,
2025-08-25,เพชรบุรี,Phetchaburi,-9,0,19:30,19:21,19:31,19:31,,
2025-08-25,หัวหิน,Hua Hin,5,3,20:20,20:25,20:25,20:28,,
2025-08-25,ประจวบคีรีขันธ์,Prachuap Khiri Khan,-7,0,21:40,21:33,21:41,21:41,,
2025-08-25,ชุมพร,Chumphon,3,3,23:55,23:58,00:05,00:08,,
2025-08-25,สุราษฎร์ธานี,Surat Thani,15,15,02:20,02:35,02:23,02:38,,
2025-08-25,ชุมทางทุ่งสง,Thung Song Junction,17,16,04:08,04:25,04:18,04:34,,
2025-08-25,พัทลุง,Phatthalung,0,0,05:51,05:51,05:53,05:53,,
2025-08-25,ชุมทางหาดใหญ่,Hat Yai Junction,0,0,07:05,07:05,07:05,07:05,,
2025-08-26,กรุงเทพอภิวัฒน์,Bangkok (Krung Thep Aphiwat),-9,0,16:30,16:21,16:50,16:50,,
2025-08-26,บางบำหรุ,Bang Bamru,0,0,17:01,17:01,17:02,17:02,,
2025-08-26,ศาลายา,Sala Ya,-1,0,17:22,17:21,17:23,17:23,,
2025-08-26,นครปฐม,Nakhon Pathom,2,2,17:48,17:50,17:50,17:52,,
2025-08-26,บ้านโป่ง,Ban Pong,2,2,18:08,18:10,18:09,18:11,,
2025-08-26,ราชบุรี,Ratchaburi,0,0,18:37,18:37,18:47,18:47,,
2025-08-26,เพชรบุรี,Phetchaburi,-4,0,19:30,19:26,19:31,19:31,,
2025-08-26,หัวหิน,Hua Hin,3,2,20:20,20:23,20:25,20:27,,
2025-08-26,ประจวบคีรีขันธ์,Prachuap Khiri Khan,-6,0,21:40,21:34,21:41,21:41,,
2025-08-26,ชุมพร,Chumphon,0,0,23:55,23:55,00:05,00:05,,
2025-08-26,สุราษฎร์ธานี,Surat Thani,29,29,02:20,02:49,02:23,02:52,,
2025-08-26,ชุมทางทุ่งสง,Thung Song Junction,24,20,04:08,04:32,04:18,04:38,,
2025-08-26,พัทลุง,Phatthalung,0,0,05:51,05:51,05:53,05:53,,
2025-08-26,ชุมทางหาดใหญ่,Hat Yai Junction,0,0,07:05,07:05,07:05,07:05,,
2025-08-27,กรุงเทพอภิวัฒน์,Bangkok (Krung Thep Aphiwat),-8,0,16:30,16:22,16:50,16:50,,
2025-08-27,บางบำหรุ,Bang Bamru,0,1,17:01,17:01,17:02,17:03,,
2025-08-27,ศาลายา,Sala Ya,0,5,17:22,17:22,17:23,17:28,,
2025-08-27,นครปฐม,Nakhon Pathom,2,2,17:48,17:50,17:50,17:52,,
2025-08-27,บ้านโป่ง,Ban Pong,0,0,18:08,18:08,18:09,18:09,,
2025-08-27,ราชบุรี,Ratchaburi,-4,0,18:37,18:33,18:47,18:47,,
2025-08-27,เพชรบุรี,Phetchaburi,-10,0,19:30,19:20,19:31,19:31,,
2025-08-27,หัวหิน,Hua Hin,-3,0,20:20,20:17,20:25,20:25,,
2025-08-27,ประจวบคีรีขันธ์,Prachuap Khiri Khan,-8,0,21:40,21:32,21:41,21:41,,
2025-08-27,ชุมพร,Chumphon,3,3,23:55,23:58,00:05,00:08,,
2025-08-27,สุราษฎร์ธานี,Surat Thani,9,9,02:20,02:29,02:23,02:32,,
2025-08-27,ชุมทางทุ่งสง,Thung Song Junction,5,2,04:08,04:13,04:18,04:20,,
2025-08-27,พัทลุง,Phatthalung,0,0,05:51,05:51,05:53,05:53,,
2025-08-27,ชุมทางหาดใหญ่,Hat Yai Junction,0,0,07:05,07:05,07:05,07:05,,
2025-08-28,กรุงเทพอภิวัฒน์,Bangkok (Krung Thep Aphiwat),-11,0,16:30,16:19,16:50,16:50,,
2025-08-28,บางบำหรุ,Bang Bamru,0,0,17:01,17:01,17:02,17:02,,
2025-08-28,ศาลายา,Sala Ya,0,0,17:22,17:22,17:23,17:23,,
2025-08-28,นครปฐม,Nakhon Pathom,3,3,17:48,17:51,17:50,17:53,,
2025-08-28,บ้านโป่ง,Ban Pong,3,3,18:08,18:11,18:09,18:12,,
2025-08-28,ราชบุรี,Ratchaburi,0,0,18:37,18:37,18:47,18:47,,
2025-08-28,เพชรบุรี,Phetchaburi,-5,0,19:30,19:25,19:31,19:31,,
2025-08-28,หัวหิน,Hua Hin,3,0,20:20,20:23,20:25,20:25,,
2025-08-28,ประจวบคีรีขันธ์,Prachuap Khiri Khan,-5,5,21:40,21:35,21:41,21:46,,
2025-08-28,ชุมพร,Chumphon,21,21,23:55,00:16,00:05,00:26,,
2025-08-28,สุราษฎร์ธานี,Surat Thani,37,37,02:20,02:57,02:23,03:00,,
2025-08-28,ชุมทางทุ่งสง,Thung Song Junction,32,28,04:08,04:40,04:18,04:46,,
2025-08-28,พัทลุง,Phatthalung,11,11,05:51,06:02,05:53,06:04,,
2025-08-28,ชุมทางหาดใหญ่,Hat Yai Junction,10,10,07:05,07:15,07:05,07:15,,
2025-08-29,กรุงเทพอภิวัฒน์,Bangkok (Krung Thep Aphiwat),-10,0,16:30,16:20,16:50,16:50,,
2025-08-29,บางบำหรุ,Bang Bamru,0,0,17:01,17:01,17:02,17:02,,
2025-08-29,ศาลายา,Sala Ya,0,0,17:22,17:22,17:23,17:23,,
2025-08-29,นครปฐม,Nakhon Pathom,2,2,17:48,17:50,17:50,17:52,,
2025-08-29,บ้านโป่ง,Ban Pong,1,1,18:08,18:09,18:09,18:10,,
2025-08-29,ราชบุรี,Ratchaburi,-2,0,18:37,18:35,18:47,18:47,,
2025-08-29,เพชรบุรี,Phetchaburi,-9,0,19:30,19:21,19:31,19:31,,
2025-08-29,หัวหิน,Hua Hin,0,0,20:20,20:20,20:25,20:25,,
2025-08-29,ประจวบคีรีขันธ์,Prachuap Khiri Khan,-7,0,21:40,21:33,21:41,21:41,,
2025-08-29,ชุมพร,Chumphon,4,10,23:55,23:59,00:05,00:15,,
2025-08-29,สุราษฎร์ธานี,Surat Thani,38,38,02:20,02:58,02:23,03:01,,
2025-08-29,ชุมทางทุ่งสง,Thung Song Junction,25,22,04:08,04:33,04:18,04:40,,
2025-08-29,พัทลุง,Phatthalung,2,2,05:51,05:53,05:53,05:55,,
2025-08-29,ชุมทางหาดใหญ่,Hat Yai Junction,-7,-7,07:05,06:58,07:05,06:58,,
2025-08-30,กรุงเทพอภิวัฒน์,Bangkok (Krung Thep Aphiwat),-12,0,16:30,16:18,16:50,16:50,,
2025-08-30,บางบำหรุ,Bang Bamru,0,0,17:01,17:01,17:02,17:02,,
2025-08-30,ศาลายา,Sala Ya,0,0,17:22,17:22,17:23,17:23,,
2025-08-30,นครปฐม,Nakhon Pathom,0,0,17:48,17:48,17:50,17:50,,
2025-08-30,บ้านโป่ง,Ban Pong,0,0,18:08,18:08,18:09,18:09,,
2025-08-30,ราชบุรี,Ratchaburi,-4,0,18:37,18:33,18:47,18:47,,
2025-08-30,เพชรบุรี,Phetchaburi,-8,0,19:30,19:22,19:31,19:31,,
2025-08-30,หัวหิน,Hua Hin,-3,0,20:20,20:17,20:25,20:25,,
2025-08-30,ประจวบคีรีขันธ์,Prachuap Khiri Khan,-6,0,21:40,21:34,21:41,21:41,,
2025-08-30,ชุมพร,Chumphon,1,0,23:55,23:56,00:05,00:05,,
2025-08-30,สุราษฎร์ธานี,Surat Thani,29,29,02:20,02:49,02:23,02:52,,
2025-08-30,ชุมทางทุ่งสง,Thung Song Junction,22,22,04:08,04:30,04:18,04:40,,
2025-08-30,พัทลุง,Phatthalung,6,6,05:51,05:57,05:53,05:59,,
2025-08-30,ชุมทางหาดใหญ่,Hat Yai Junction,0,0,07:05,07:05,07:05,07:05,,
2025-08-31,กรุงเทพอภิวัฒน์,Bangkok (Krung Thep Aphiwat),-11,0,16:30,16:19,16:50,16:50,,
2025-08-31,บางบำหรุ,Bang Bamru,0,0,17:01,17:01,17:02,17:02,,
2025-08-31,ศาลายา,Sala Ya,1,1,17:22,17:23,17:23,17:24,,
2025-08-31,นครปฐม,Nakhon Pathom,3,3,17:48,17:51,17:50,17:53,,
2025-08-31,บ้านโป่ง,Ban Pong,3,3,18:08,18:11,18:09,18:12,,
2025-08-31,ราชบุรี,Ratchaburi,0,0,18:37,18:37,18:47,18:47,,
2025-08-31,เพชรบุรี,Phetchaburi,-8,0,19:30,19:22,19:31,19:31,,
2025-08-31,หัวหิน,Hua Hin,5,4,20:20,20:25,20:25,20:29,,
2025-08-31,ประจวบคีรีขันธ์,Prachuap Khiri Khan,-9,0,21:40,21:31,21:41,21:41,,
2025-08-31,ชุมพร,Chumphon,-3,0,23:55,23:52,00:05,00:05,,
2025-08-31,สุราษฎร์ธานี,Surat Thani,21,21,02:20,02:41,02:23,02:44,,
2025-08-31,ชุมทางทุ่งสง,Thung Song Junction,15,12,04:08,04:23,04:18,04:30,,
2025-08-31,พัทลุง,Phatthalung,0,0,05:51,05:51,05:53,05:53,,
2025-08-31,ชุมทางหาดใหญ่,Hat Yai Junction,0,0,07:05,07:05,07:05,07:05,,
2025-09-01,กรุงเทพอภิวัฒน์,Bangkok (Krung Thep Aphiwat),-21,0,16:30,16:09,16:50,16:50,,
2025-09-01,บางบำหรุ,Bang Bamru,0,0,17:01,17:01,17:02,17:02,,
2025-09-01,ศาลายา,Sala Ya,-2,0,17:22,17:20,17:23,17:23,,
2025-09-01,นครปฐม,Nakhon Pathom,2,2,17:48,17:50,17:50,17:52,,
2025-09-01,บ้านโป่ง,Ban Pong,1,1,18:08,18:09,18:09,18:10,,
2025-09-01,ราชบุรี,Ratchaburi,-2,0,18:37,18:35,18:47,18:47,,
2025-09-01,เพชรบุรี,Phetchaburi,-5,0,19:30,19:25,19:31,19:31,,
2025-09-01,หัวหิน,Hua Hin,4,2,20:20,20:24,20:25,20:27,,
2025-09-01,ประจวบคีรีขันธ์,Prachuap Khiri Khan,-4,0,21:40,21:36,21:41,21:41,,
2025-09-01,ชุมพร,Chumphon,8,6,23:55,00:03,00:05,00:11,,
2025-09-01,สุราษฎร์ธานี,Surat Thani,42,41,02:20,03:02,02:23,03:04,,
2025-09-01,ชุมทางทุ่งสง,Thung Song Junction,47,43,04:08,04:55,04:18,05:01,,
2025-09-01,พัทลุง,Phatthalung,23,23,05:51,06:14,05:53,06:16,,
2025-09-01,ชุมทางหาดใหญ่,Hat Yai Junction,19,19,07:05,07:24,07:05,07:24,,
2025-09-02,กรุงเทพอภิวัฒน์,Bangkok (Krung Thep Aphiwat),-11,0,16:30,16:19,16:50,16:50,,
2025-09-02,บางบำหรุ,Bang Bamru,0,0,17:01,17:01,17:02,17:02,,
2025-09-02,ศาลายา,Sala Ya,0,0,17:22,17:22,17:23,17:23,,
2025-09-02,นครปฐม,Nakhon Pathom,2,2,17:48,17:50,17:50,17:52,,
2025-09-02,บ้านโป่ง,Ban Pong,4,4,18:08,18:12,18:09,18:13,,
2025-09-02,ราชบุรี,Ratchaburi,2,0,18:37,18:39,18:47,18:47,,
2025-09-02,เพชรบุรี,Phetchaburi,-7,0,19:30,19:23,19:31,19:31,,
2025-09-02,หัวหิน,Hua Hin,6,4,20:20,20:26,20:25,20:29,,
2025-09-02,ประจวบคีรีขันธ์,Prachuap Khiri Khan,-10,0,21:40,21:30,21:41,21:41,,
2025-09-02,ชุมพร,Chumphon,-5,0,23:55,23:50,00:05,00:05,,
2025-09-02,สุราษฎร์ธานี,Surat Thani,18,17,02:20,02:38,02:23,02:40,,
2025-09-02,ชุมทางทุ่งสง,Thung Song Junction,11,8,04:08,04:19,04:18,04:26,,
2025-09-02,พัทลุง,Phatthalung,0,0,05:51,05:51,05:53,05:53,,
2025-09-02,ชุมทางหาดใหญ่,Hat Yai Junction,0,0,07:05,07:05,07:05,07:05,,
2025-09-03,กรุงเทพอภิวัฒน์,Bangkok (Krung Thep Aphiwat),-11,0,16:30,16:19,16:50,16:50,,
2025-09-03,บางบำหรุ,Bang Bamru,0,0,17:01,17:01,17:02,17:02,,
2025-09-03,ศาลายา,Sala Ya,0,0,17:22,17:22,17:23,17:23,,
2025-09-03,นครปฐม,Nakhon Pathom,2,2,17:48,17:50,17:50,17:52,,
2025-09-03,บ้านโป่ง,Ban Pong,3,3,18:08,18:11,18:09,18:12,,
2025-09-03,ราชบุรี,Ratchaburi,3,0,18:37,18:40,18:47,18:47,,
2025-09-03,เพชรบุรี,Phetchaburi,-5,0,19:30,19:25,19:31,19:31,,
2025-09-03,หัวหิน,Hua Hin,7,6,20:20,20:27,20:25,20:31,,
2025-09-03,ประจวบคีรีขันธ์,Prachuap Khiri Khan,-2,0,21:40,21:38,21:41,21:41,,
2025-09-03,ชุมพร,Chumphon,5,5,23:55,00:00,00:05,00:10,,
2025-09-03,สุราษฎร์ธานี,Surat Thani,40,40,02:20,03:00,02:23,03:03,,
2025-09-03,ชุมทางทุ่งสง,Thung Song Junction,36,34,04:08,04:44,04:18,04:52,,
2025-09-03,พัทลุง,Phatthalung,17,17,05:51,06:08,05:53,06:10,,
2025-09-03,ชุมทางหาดใหญ่,Hat Yai Junction,17,17,07:05,07:22,07:05,07:22,,
2025-09-04,กรุงเทพอภิวัฒน์,Bangkok (Krung Thep Aphiwat),-10,0,16:30,16:20,16:50,16:50,,
2025-09-04,บางบำหรุ,Bang Bamru,0,0,17:01,17:01,17:02,17:02,,
2025-09-04,ศาลายา,Sala Ya,0,0,17:22,17:22,17:23,17:23,,
2025-09-04,นครปฐม,Nakhon Pathom,1,1,17:48,17:49,17:50,17:51,,
2025-09-04,บ้านโป่ง,Ban Pong,4,4,18:08,18:12,18:09,18:13,,
2025-09-04,ราชบุรี,Ratchaburi,3,0,18:37,18:40,18:47,18:47,,
2025-09-04,เพชรบุรี,Phetchaburi,-1,0,19:30,19:29,19:31,19:31,,
2025-09-04,หัวหิน,Hua Hin,4,2,20:20,20:24,20:25,20:27,,
2025-09-04,ประจวบคีรีขันธ์,Prachuap Khiri Khan,-1,0,21:40,21:39,21:41,21:41,,
2025-09-04,ชุมพร,Chumphon,2,4,23:55,23:57,00:05,00:09,,
2025-09-04,สุราษฎร์ธานี,Surat Thani,17,17,02:20,02:37,02:23,02:40,,
2025-09-04,ชุมทางทุ่งสง,Thung Song Junction,0,0,04:08,04:08,04:18,04:18,,
2025-09-04,พัทลุง,Phatthalung,0,0,05:51,05:51,05:53,05:53,,
2025-09-04,ชุมทางหาดใหญ่,Hat Yai Junction,0,0,07:05,07:05,07:05,07:05,,
2025-09-05,กรุงเทพอภิวัฒน์,Bangkok (Krung Thep Aphiwat),-10,0,16:30,16:20,16:50,16:50,,
2025-09-05,บางบำหรุ,Bang Bamru,0,0,17:01,17:01,17:02,17:02,,
2025-09-05,ศาลายา,Sala Ya,2,2,17:22,17:24,17:23,17:25,,
2025-09-05,นครปฐม,Nakhon Pathom,5,5,17:48,17:53,17:50,17:55,,
2025-09-05,บ้านโป่ง,Ban Pong,8,8,18:08,18:16,18:09,18:17,,
2025-09-05,ราชบุรี,Ratchaburi,5,0,18:37,18:42,18:47,18:47,,
2025-09-05,เพชรบุรี,Phetchaburi,-7,0,19:30,19:23,19:31,19:31,,
2025-09-05,หัวหิน,Hua Hin,10,9,20:20,20:30,20:25,20:34,,
2025-09-05,ประจวบคีรีขันธ์,Prachuap Khiri Khan,1,1,21:40,21:41,21:41,21:42,,
2025-09-05,ชุมพร,Chumphon,8,8,23:55,00:03,00:05,00:13,,
2025-09-05,สุราษฎร์ธานี,Surat Thani,42,42,02:20,03:02,02:23,03:05,,
2025-09-05,ชุมทางทุ่งสง,Thung Song Junction,40,38,04:08,04:48,04:18,04:56,,
2025-09-05,พัทลุง,Phatthalung,14,14,05:51,06:05,05:53,06:07,,
2025-09-05,ชุมทางหาดใหญ่,Hat Yai Junction,9,9,07:05,07:14,07:05,07:14,,
2025-09-06,กรุงเทพอภิวัฒน์,Bangkok (Krung Thep Aphiwat),-9,0,16:30,16:21,16:50,16:50,,
2025-09-06,บางบำหรุ,Bang Bamru,0,0,17:01,17:01,17:02,17:02,,
2025-09-06,ศาลายา,Sala Ya,2,9,17:22,17:24,17:23,17:32,,
2025-09-06,นครปฐม,Nakhon Pathom,15,15,17:48,18:03,17:50,18:05,,
2025-09-06,บ้านโป่ง,Ban Pong,16,16,18:08,18:24,18:09,18:25,,
2025-09-06,ราชบุรี,Ratchaburi,16,8,18:37,18:53,18:47,18:55,,
2025-09-06,เพชรบุรี,Phetchaburi,4,4,19:30,19:34,19:31,19:35,,
2025-09-06,หัวหิน,Hua Hin,12,10,20:20,20:32,20:25,20:35,,
2025-09-06,ประจวบคีรีขันธ์,Prachuap Khiri Khan,0,0,21:40,21:40,21:41,21:41,,
2025-09-06,ชุมพร,Chumphon,13,13,23:55,00:08,00:05,00:18,,
2025-09-06,สุราษฎร์ธานี,Surat Thani,31,31,02:20,02:51,02:23,02:54,,
2025-09-06,ชุมทางทุ่งสง,Thung Song Junction,18,15,04:08,04:26,04:18,04:33,,
2025-09-06,พัทลุง,Phatthalung,0,0,05:51,05:51,05:53,05:53,,
2025-09-06,ชุมทางหาดใหญ่,Hat Yai Junction,0,0,07:05,07:05,07:05,07:05,,
2025-09-07,กรุงเทพอภิวัฒน์,Bangkok (Krung Thep Aphiwat),-11,0,16:30,16:19,16:50,16:50,,
2025-09-07,บางบำหรุ,Bang Bamru,0,0,17:01,17:01,17:02,17:02,,
2025-09-07,ศาลายา,Sala Ya,0,0,17:22,17:22,17:23,17:23,,
2025-09-07,นครปฐม,Nakhon Pathom,1,1,17:48,17:49,17:50,17:51,,
2025-09-07,บ้านโป่ง,Ban Pong,2,2,18:08,18:10,18:09,18:11,,
2025-09-07,ราชบุรี,Ratchaburi,0,0,18:37,18:37,18:47,18:47,,
2025-09-07,เพชรบุรี,Phetchaburi,-7,0,19:30,19:23,19:31,19:31,,
2025-09-07,หัวหิน,Hua Hin,3,1,20:20,20:23,20:25,20:26,,
2025-09-07,ประจวบคีรีขันธ์,Prachuap Khiri Khan,-9,0,21:40,21:31,21:41,21:41,,
2025-09-07,ชุมพร,Chumphon,-3,0,23:55,23:52,00:05,00:05,,
2025-09-07,สุราษฎร์ธานี,Surat Thani,26,26,02:20,02:46,02:23,02:49,,
2025-09-07,ชุมทางทุ่งสง,Thung Song Junction,38,37,04:08,04:46,04:18,04:55,,
2025-09-07,พัทลุง,Phatthalung,19,19,05:51,06:10,05:53,06:12,,
2025-09-07,ชุมทางหาดใหญ่,Hat Yai Junction,15,15,07:05,07:20,07:05,07:20,,
2025-09-08,กรุงเทพอภิวัฒน์,Bangkok (Krung Thep Aphiwat),-8,0,16:30,16:22,16:50,16:50,,
2025-09-08,บางบำหรุ,Bang Bamru,0,0,17:01,17:01,17:02,17:02,,
2025-09-08,ศาลายา,Sala Ya,2,2,17:22,17:24,17:23,17:25,,
2025-09-08,นครปฐม,Nakhon Pathom,4,4,17:48,17:52,17:50,17:54,,
2025-09-08,บ้านโป่ง,Ban Pong,8,8,18:08,18:16,18:09,18:17,,
2025-09-08,ราชบุรี,Ratchaburi,4,0,18:37,18:41,18:47,18:47,,
2025-09-08,เพชรบุรี,Phetchaburi,-2,0,19:30,19:28,19:31,19:31,,
2025-09-08,หัวหิน,Hua Hin,16,14,20:20,20:36,20:25,20:39,,
2025-09-08,ประจวบคีรีขันธ์,Prachuap Khiri Khan,3,6,21:40,21:43,21:41,21:47,,
2025-09-08,ชุมพร,Chumphon,22,19,23:55,00:17,00:05,00:24,,
2025-09-08,สุราษฎร์ธานี,Surat Thani,32,32,02:20,02:52,02:23,02:55,,
2025-09-08,ชุมทางทุ่งสง,Thung Song Junction,33,31,04:08,04:41,04:18,04:49,,
2025-09-08,พัทลุง,Phatthalung,17,17,05:51,06:08,05:53,06:10,,
2025-09-08,ชุมทางหาดใหญ่,Hat Yai Junction,15,15,07:05,07:20,07:05,07:20,,
2025-09-09,กรุงเทพอภิวัฒน์,Bangkok (Krung Thep Aphiwat),-9,0,16:30,16:21,16:50,16:50,,
2025-09-09,บางบำหรุ,Bang Bamru,0,0,17:01,17:01,17:02,17:02,,
2025-09-09,ศาลายา,Sala Ya,0,0,17:22,17:22,17:23,17:23,,
2025-09-09,นครปฐม,Nakhon Pathom,0,0,17:48,17:48,17:50,17:50,,
2025-09-09,บ้านโป่ง,Ban Pong,2,2,18:08,18:10,18:09,18:11,,
2025-09-09,ราชบุรี,Ratchaburi,0,0,18:37,18:37,18:47,18:47,,
2025-09-09,เพชรบุรี,Phetchaburi,-8,0,19:30,19:22,19:31,19:31,,
2025-09-09,หัวหิน,Hua Hin,-3,0,20:20,20:17,20:25,20:25,,
2025-09-09,ประจวบคีรีขันธ์,Prachuap Khiri Khan,-9,0,21:40,21:31,21:41,21:41,,
2025-09-09,ชุมพร,Chumphon,22,23,23:55,00:17,00:05,00:28,,
2025-09-09,สุราษฎร์ธานี,Surat Thani,46,46,02:20,03:06,02:23,03:09,,
2025-09-09,ชุมทางทุ่งสง,Thung Song Junction,47,46,04:08,04:55,04:18,05:04,,
2025-09-09,พัทลุง,Phatthalung,22,22,05:51,06:13,05:53,06:15,,
2025-09-09,ชุมทางหาดใหญ่,Hat Yai Junction,13,13,07:05,07:18,07:05,07:18,,
2025-09-10,กรุงเทพอภิวัฒน์,Bangkok (Krung Thep Aphiwat),-9,0,16:30,16:21,16:50,16:50,,
2025-09-10,บางบำหรุ,Bang Bamru,0,0,17:01,17:01,17:02,17:02,,
2025-09-10,ศาลายา,Sala Ya,0,0,17:22,17:22,17:23,17:23,,
2025-09-10,นครปฐม,Nakhon Pathom,3,3,17:48,17:51,17:50,17:53,,
2025-09-10,บ้านโป่ง,Ban Pong,3,3,18:08,18:11,18:09,18:12,,
2025-09-10,ราชบุรี,Ratchaburi,,0,18:37,,18:47,,,
2025-09-10,เพชรบุรี,Phetchaburi,-4,0,19:30,19:26,19:31,19:31,,
2025-09-10,หัวหิน,Hua Hin,7,5,20:20,20:27,20:25,20:30,,
2025-09-10,ประจวบคีรีขันธ์,Prachuap Khiri Khan,4,4,21:40,21:44,21:41,21:45,,
2025-09-10,ชุมพร,Chumphon,30,29,23:55,00:25,00:05,00:34,,
2025-09-10,สุราษฎร์ธานี,Surat Thani,26,26,02:20,02:46,02:23,02:49,,
2025-09-10,ชุมทางทุ่งสง,Thung Song Junction,19,15,04:08,04:27,04:18,04:33,,
2025-09-10,พัทลุง,Phatthalung,5,5,05:51,05:56,05:53,05:58,,
2025-09-10,ชุมทางหาดใหญ่,Hat Yai Junction,10,10,07:05,07:15,07:05,07:15,,
2025-09-11,กรุงเทพอภิวัฒน์,Bangkok (Krung Thep Aphiwat),-10,0,16:30,16:20,16:50,16:50,,
2025-09-11,บางบำหรุ,Bang Bamru,0,0,17:01,17:01,17:02,17:02,,
2025-09-11,ศาลายา,Sala Ya,0,0,17:22,17:22,17:23,17:23,,
2025-09-11,นครปฐม,Nakhon Pathom,3,3,17:48,17:51,17:50,17:53,,
2025-09-11,บ้านโป่ง,Ban Pong,7,7,18:08,18:15,18:09,18:16,,
2025-09-11,ราชบุรี,Ratchaburi,4,0,18:37,18:41,18:47,18:47,,
2025-09-11,เพชรบุรี,Phetchaburi,-6,0,19:30,19:24,19:31,19:31,,
2025-09-11,หัวหิน,Hua Hin,6,5,20:20,20:26,20:25,20:30,,
2025-09-11,ประจวบคีรีขันธ์,Prachuap Khiri Khan,0,0,21:40,21:40,21:41,21:41,,
2025-09-11,ชุมพร,Chumphon,12,10,23:55,00:07,00:05,00:15,,
2025-09-11,สุราษฎร์ธานี,Surat Thani,22,21,02:20,02:42,02:23,02:44,,
2025-09-11,ชุมทางทุ่งสง,Thung Song Junction,18,18,04:08,04:26,04:18,04:36,,
2025-09-11,พัทลุง,Phatthalung,11,11,05:51,06:02,05:53,06:04,,
2025-09-11,ชุมทางหาดใหญ่,Hat Yai Junction,7,7,07:05,07:12,07:05,07:12,,
2025-09-12,กรุงเทพอภิวัฒน์,Bangkok (Krung Thep Aphiwat),-7,0,16:30,16:23,16:50,16:50,"เนื่องจากผ่านพื้นที่ก่อสร้าง, รอหลีกขบวนรถ","due to Passing construction site, Wait for track cleared"
2025-09-12,บางบำหรุ,Bang Bamru,0,0,17:01,17:01,17:02,17:02,"เนื่องจากผ่านพื้นที่ก่อสร้าง, รอหลีกขบวนรถ","due to Passing construction site, Wait for track cleared"
2025-09-12,ศาลายา,Sala Ya,5,6,17:22,17:27,17:23,17:29,"เนื่องจากผ่านพื้นที่ก่อสร้าง, รอหลีกขบวนรถ","due to Passing construction site, Wait for track cleared"
2025-09-12,นครปฐม,Nakhon Pathom,8,8,17:48,17:56,17:50,17:58,"เนื่องจากผ่านพื้นที่ก่อสร้าง, รอหลีกขบวนรถ","due to Passing construction site, Wait for track cleared"
2025-09-12,บ้านโป่ง,Ban Pong,9,9,18:08,18:17,18:09,18:18,"เนื่องจากผ่านพื้นที่ก่อสร้าง, รอหลีกขบวนรถ","due to Passing construction site, Wait for track cleared"
2025-09-12,ราชบุรี,Ratchaburi,6,0,18:37,18:43,18:47,18:47,"เนื่องจากผ่านพื้นที่ก่อสร้าง, รอหลีกขบวนรถ","due to Passing construction site, Wait for track cleared"
2025-09-12,เพชรบุรี,Phetchaburi,-6,0,19:30,19:24,19:31,19:31,"เนื่องจากผ่านพื้นที่ก่อสร้าง, รอหลีกขบวนรถ","due to Passing construction site, Wait for track cleared"
2025-09-12,หัวหิน,Hua Hin,9,7,20:20,20:29,20:25,20:32,"เนื่องจากผ่านพื้นที่ก่อสร้าง, รอหลีกขบวนรถ","due to Passing construction site, Wait for track cleared"
2025-09-12,ประจวบคีรีขันธ์,Prachuap Khiri Khan,0,0,21:40,21:40,21:41,21:41,"เนื่องจากผ่านพื้นที่ก่อสร้าง, รอหลีกขบวนรถ","due to Passing construction site, Wait for track cleared"
2025-09-12,ชุมพร,Chumphon,20,20,23:55,00:15,00:05,00:25,"เนื่องจากผ่านพื้นที่ก่อสร้าง, รอหลีกขบวนรถ","due to Passing construction site, Wait for track cleared"
2025-09-12,สุราษฎร์ธานี,Surat Thani,62,61,02:20,03:22,02:23,03:24,"เนื่องจากผ่านพื้นที่ก่อสร้าง, รอหลีกขบวนรถ","due to Passing construction site, Wait for track cleared"
2025-09-12,ชุมทางทุ่งสง,Thung Song Junction,67,66,04:08,05:15,04:18,05:24,"เนื่องจากผ่านพื้นที่ก่อสร้าง, รอหลีกขบวนรถ","due to Passing construction site, Wait for track cleared"
2025-09-12,พัทลุง,Phatthalung,53,53,05:51,06:44,05:53,06:46,"เนื่องจากผ่านพื้นที่ก่อสร้าง, รอหลีกขบวนรถ","due to Passing construction site, Wait for track cleared"
2025-09-12,ชุมทางหาดใหญ่,Hat Yai Junction,55,55,07:05,08:00,07:05,08:00,"เนื่องจากผ่านพื้นที่ก่อสร้าง, รอหลีกขบวนรถ","due to Passing construction site, Wait for track cleared"
2025-09-13,กรุงเทพอภิวัฒน์,Bangkok (Krung Thep Aphiwat),-10,0,16:30,16:20,16:50,16:50,,
2025-09-13,บางบำหรุ,Bang Bamru,0,0,17:01,17:01,17:02,17:02,,
2025-09-13,ศาลายา,Sala Ya,0,0,17:22,17:22,17:23,17:23,,
2025-09-13,นครปฐม,Nakhon Pathom,2,2,17:48,17:50,17:50,17:52,,
2025-09-13,บ้านโป่ง,Ban Pong,3,3,18:08,18:11,18:09,18:12,,
2025-09-13,ราชบุรี,Ratchaburi,-1,0,18:37,18:36,18:47,18:47,,
2025-09-13,เพชรบุรี,Phetchaburi,-8,0,19:30,19:22,19:31,19:31,,
2025-09-13,หัวหิน,Hua Hin,2,1,20:20,20:22,20:25,20:26,,
2025-09-13,ประจวบคีรีขันธ์,Prachuap Khiri Khan,-9,0,21:40,21:31,21:41,21:41,,
2025-09-13,ชุมพร,Chumphon,15,15,23:55,00:10,00:05,00:20,,
2025-09-13,สุราษฎร์ธานี,Surat Thani,47,47,02:20,03:07,02:23,03:10,,
2025-09-13,ชุมทางทุ่งสง,Thung Song Junction,50,49,04:08,04:58,04:18,05:07,,
2025-09-13,พัทลุง,Phatthalung,31,31,05:51,06:22,05:53,06:24,,
2025-09-13,ชุมทางหาดใหญ่,Hat Yai Junction,20,20,07:05,07:25,07:05,07:25,,
2025-09-14,กรุงเทพอภิวัฒน์,Bangkok (Krung Thep Aphiwat),-8,0,16:30,16:22,16:50,16:50,,
2025-09-14,บางบำหรุ,Bang Bamru,0,0,17:01,17:01,17:02,17:02,,
2025-09-14,ศาลายา,Sala Ya,0,0,17:22,17:22,17:23,17:23,,
2025-09-14,นครปฐม,Nakhon Pathom,4,6,17:48,17:52,17:50,17:56,,
2025-09-14,บ้านโป่ง,Ban Pong,8,8,18:08,18:16,18:09,18:17,,
2025-09-14,ราชบุรี,Ratchaburi,7,0,18:37,18:44,18:47,18:47,,
2025-09-14,เพชรบุรี,Phetchaburi,-4,0,19:30,19:26,19:31,19:31,,
2025-09-14,หัวหิน,Hua Hin,14,14,20:20,20:34,20:25,20:39,,
2025-09-14,ประจวบคีรีขันธ์,Prachuap Khiri Khan,2,2,21:40,21:42,21:41,21:43,,
2025-09-14,ชุมพร,Chumphon,8,8,23:55,00:03,00:05,00:13,,
2025-09-14,สุราษฎร์ธานี,Surat Thani,31,31,02:20,02:51,02:23,02:54,,
2025-09-14,ชุมทางทุ่งสง,Thung Song Junction,15,11,04:08,04:23,04:18,04:29,,
2025-09-14,พัทลุง,Phatthalung,0,1,05:51,05:51,05:53,05:54,,
2025-09-14,ชุมทางหาดใหญ่,Hat Yai Junction,0,0,07:05,07:05,07:05,07:05,,
2025-09-15,กรุงเทพอภิวัฒน์,Bangkok (Krung Thep Aphiwat),-5,0,16:30,16:25,16:50,16:50,"เนื่องจากผ่านพื้นที่ก่อสร้าง, รอหลีกขบวนรถ","due to Passing construction site, Wait for track cleared"
2025-09-15,บางบำหรุ,Bang Bamru,0,0,17:01,17:01,17:02,17:02,"เนื่องจากผ่านพื้นที่ก่อสร้าง, รอหลีกขบวนรถ","due to Passing construction site, Wait for track cleared"
2025-09-15,ศาลายา,Sala Ya,0,0,17:22,17:22,17:23,17:23,"เนื่องจากผ่านพื้นที่ก่อสร้าง, รอหลีกขบวนรถ","due to Passing construction site, Wait for track cleared"
2025-09-15,นครปฐม,Nakhon Pathom,2,2,17:48,17:50,17:50,17:52,"เนื่องจากผ่านพื้นที่ก่อสร้าง, รอหลีกขบวนรถ","due to Passing construction site, Wait for track cleared"
2025-09-15,บ้านโป่ง,Ban Pong,4,4,18:08,18:12,18:09,18:13,"เนื่องจากผ่านพื้นที่ก่อสร้าง, รอหลีกขบวนรถ","due to Passing construction site, Wait for track cleared"
2025-09-15,ราชบุรี,Ratchaburi,0,0,18:37,18:37,18:47,18:47,"เนื่องจากผ่านพื้นที่ก่อสร้าง, รอหลีกขบวนรถ","due to Passing construction site, Wait for track cleared"
2025-09-15,เพชรบุรี,Phetchaburi,-6,0,19:30,19:24,19:31,19:31,"เนื่องจากผ่านพื้นที่ก่อสร้าง, รอหลีกขบวนรถ","due to Passing construction site, Wait for track cleared"
2025-09-15,หัวหิน,Hua Hin,14,14,20:20,20:34,20:25,20:39,"เนื่องจากผ่านพื้นที่ก่อสร้าง, รอหลีกขบวนรถ","due to Passing construction site, Wait for track cleared"
2025-09-15,ประจวบคีรีขันธ์,Prachuap Khiri Khan,5,5,21:40,21:45,21:41,21:46,"เนื่องจากผ่านพื้นที่ก่อสร้าง, รอหลีกขบวนรถ","due to Passing construction site, Wait for track cleared"
2025-09-15,ชุมพร,Chumphon,17,17,23:55,00:12,00:05,00:22,"เนื่องจากผ่านพื้นที่ก่อสร้าง, รอหลีกขบวนรถ","due to Passing construction site, Wait for track cleared"
2025-09-15,สุราษฎร์ธานี,Surat Thani,59,59,02:20,03:19,02:23,03:22,"เนื่องจากผ่านพื้นที่ก่อสร้าง, รอหลีกขบวนรถ","due to Passing construction site, Wait for track cleared"
2025-09-15,ชุมทางทุ่งสง,Thung Song Junction,54,52,04:08,05:02,04:18,05:10,"เนื่องจากผ่านพื้นที่ก่อสร้าง, รอหลีกขบวนรถ","due to Passing construction site, Wait for track cleared"
2025-09-15,พัทลุง,Phatthalung,36,36,05:51,06:27,05:53,06:29,"เนื่องจากผ่านพื้นที่ก่อสร้าง, รอหลีกขบวนรถ","due to Passing construction site, Wait for track cleared"
2025-09-15,ชุมทางหาดใหญ่,Hat Yai Junction,38,38,07:05,07:43,07:05,07:43,"เนื่องจากผ่านพื้นที่ก่อสร้าง, รอหลีกขบวนรถ","due to Passing construction site, Wait for track cleared"
2025-09-16,กรุงเทพอภิวัฒน์,Bangkok (Krung Thep Aphiwat),-8,0,16:30,16:22,16:50,16:50,,
2025-09-16,บางบำหรุ,Bang Bamru,0,0,17:01,17:01,17:02,17:02,,
2025-09-16,ศาลายา,Sala Ya,0,0,17:22,17:22,17:23,17:23,,
2025-09-16,นครปฐม,Nakhon Pathom,2,2,17:48,17:50,17:50,17:52,,
2025-09-16,บ้านโป่ง,Ban Pong,5,5,18:08,18:13,18:09,18:14,,
2025-09-16,ราชบุรี,Ratchaburi,3,0,18:37,18:40,18:47,18:47,,
2025-09-16,เพชรบุรี,Phetchaburi,-8,0,19:30,19:22,19:31,19:31,,
2025-09-16,หัวหิน,Hua Hin,7,5,20:20,20:27,20:25,20:30,,
2025-09-16,ประจวบคีรีขันธ์,Prachuap Khiri Khan,-2,0,21:40,21:38,21:41,21:41,,
2025-09-16,ชุมพร,Chumphon,10,14,23:55,00:05,00:05,00:19,,
2025-09-16,สุราษฎร์ธานี,Surat Thani,50,50,02:20,03:10,02:23,03:13,,
2025-09-16,ชุมทางทุ่งสง,Thung Song Junction,49,46,04:08,04:57,04:18,05:04,,
2025-09-16,พัทลุง,Phatthalung,25,25,05:51,06:16,05:53,06:18,,
2025-09-16,ชุมทางหาดใหญ่,Hat Yai Junction,20,20,07:05,07:25,07:05,07:25,,
2025-09-17,กรุงเทพอภิวัฒน์,Bangkok (Krung Thep Aphiwat),-11,0,16:30,16:19,16:50,16:50,"เนื่องจากผ่านพื้นที่ก่อสร้าง, รอหลีกขบวนรถ","due to Passing construction site, Wait for track cleared"
2025-09-17,บางบำหรุ,Bang Bamru,0,0,17:01,17:01,17:02,17:02,"เนื่องจากผ่านพื้นที่ก่อสร้าง, รอหลีกขบวนรถ","due to Passing construction site, Wait for track cleared"
2025-09-17,ศาลายา,Sala Ya,0,0,17:22,17:22,17:23,17:23,"เนื่องจากผ่านพื้นที่ก่อสร้าง, รอหลีกขบวนรถ","due to Passing construction site, Wait for track cleared"
2025-09-17,นครปฐม,Nakhon Pathom,1,1,17:48,17:49,17:50,17:51,"เนื่องจากผ่านพื้นที่ก่อสร้าง, รอหลีกขบวนรถ","due to Passing construction site, Wait for track cleared"
2025-09-17,บ้านโป่ง,Ban Pong,3,3,18:08,18:11,18:09,18:12,"เนื่องจากผ่านพื้นที่ก่อสร้าง, รอหลีกขบวนรถ","due to Passing construction site, Wait for track cleared"
2025-09-17,ราชบุรี,Ratchaburi,0,0,18:37,18:37,18:47,18:47,"เนื่องจากผ่านพื้นที่ก่อสร้าง, รอหลีกขบวนรถ","due to Passing construction site, Wait for track cleared"
2025-09-17,เพชรบุรี,Phetchaburi,-8,0,19:30,19:22,19:31,19:31,"เนื่องจากผ่านพื้นที่ก่อสร้าง, รอหลีกขบวนรถ","due to Passing construction site, Wait for track cleared"
2025-09-17,หัวหิน,Hua Hin,9,8,20:20,20:29,20:25,20:33,"เนื่องจากผ่านพื้นที่ก่อสร้าง, รอหลีกขบวนรถ","due to Passing construction site, Wait for track cleared"
2025-09-17,ประจวบคีรีขันธ์,Prachuap Khiri Khan,-5,0,21:40,21:35,21:41,21:41,"เนื่องจากผ่านพื้นที่ก่อสร้าง, รอหลีกขบวนรถ","due to Passing construction site, Wait for track cleared"
2025-09-17,ชุมพร,Chumphon,2,2,23:55,23:57,00:05,00:07,"เนื่องจากผ่านพื้นที่ก่อสร้าง, รอหลีกขบวนรถ","due to Passing construction site, Wait for track cleared"
2025-09-17,สุราษฎร์ธานี,Surat Thani,68,68,02:20,03:28,02:23,03:31,"เนื่องจากผ่านพื้นที่ก่อสร้าง, รอหลีกขบวนรถ","due to Passing construction site, Wait for track cleared"
2025-09-17,ชุมทางทุ่งสง,Thung Song Junction,62,59,04:08,05:10,04:18,05:17,"เนื่องจากผ่านพื้นที่ก่อสร้าง, รอหลีกขบวนรถ","due to Passing construction site, Wait for track cleared"
2025-09-17,พัทลุง,Phatthalung,41,41,05:51,06:32,05:53,06:34,"เนื่องจากผ่านพื้นที่ก่อสร้าง, รอหลีกขบวนรถ","due to Passing construction site, Wait for track cleared"
2025-09-17,ชุมทางหาดใหญ่,Hat Yai Junction,38,38,07:05,07:43,07:05,07:43,"เนื่องจากผ่านพื้นที่ก่อสร้าง, รอหลีกขบวนรถ","due to Passing construction site, Wait for track cleared"
2025-09-18,กรุงเทพอภิวัฒน์,Bangkok (Krung Thep Aphiwat),-11,0,16:30,16:19,16:50,16:50,"เนื่องจากผ่านพื้นที่ก่อสร้าง, รอหลีกขบวนรถ","due to Passing construction site, Wait for track cleared"
2025-09-18,บางบำหรุ,Bang Bamru,0,0,17:01,17:01,17:02,17:02,"เนื่องจากผ่านพื้นที่ก่อสร้าง, รอหลีกขบวนรถ","due to Passing construction site, Wait for track cleared"
2025-09-18,ศาลายา,Sala Ya,0,0,17:22,17:22,17:23,17:23,"เนื่องจากผ่านพื้นที่ก่อสร้าง, รอหลีกขบวนรถ","due to Passing construction site, Wait for track cleared"
2025-09-18,นครปฐม,Nakhon Pathom,2,2,17:48,17:50,17:50,17:52,"เนื่องจากผ่านพื้นที่ก่อสร้าง, รอหลีกขบวนรถ","due to Passing construction site, Wait for track cleared"
2025-09-18,บ้านโป่ง,Ban Pong,2,2,18:08,18:10,18:09,18:11,"เนื่องจากผ่านพื้นที่ก่อสร้าง, รอหลีกขบวนรถ","due to Passing construction site, Wait for track cleared"
2025-09-18,ราชบุรี,Ratchaburi,-1,0,18:37,18:36,18:47,18:47,"เนื่องจากผ่านพื้นที่ก่อสร้าง, รอหลีกขบวนรถ","due to Passing construction site, Wait for track cleared"
2025-09-18,เพชรบุรี,Phetchaburi,-7,0,19:30,19:23,19:31,19:31,"เนื่องจากผ่านพื้นที่ก่อสร้าง, รอหลีกขบวนรถ","due to Passing construction site, Wait for track cleared"
2025-09-18,หัวหิน,Hua Hin,5,2,20:20,20:25,20:25,20:27,"เนื่องจากผ่านพื้นที่ก่อสร้าง, รอหลีกขบวนรถ","due to Passing construction site, Wait for track cleared"
2025-09-18,ประจวบคีรีขันธ์,Prachuap Khiri Khan,-6,0,21:40,21:34,21:41,21:41,"เนื่องจากผ่านพื้นที่ก่อสร้าง, รอหลีกขบวนรถ","due to Passing construction site, Wait for track cleared"
2025-09-18,ชุมพร,Chumphon,-2,0,23:55,23:53,00:05,00:05,"เนื่องจากผ่านพื้นที่ก่อสร้าง, รอหลีกขบวนรถ","due to Passing construction site, Wait for track cleared"
2025-09-18,สุราษฎร์ธานี,Surat Thani,53,53,02:20,03:13,02:23,03:16,"เนื่องจากผ่านพื้นที่ก่อสร้าง, รอหลีกขบวนรถ","due to Passing construction site, Wait for track cleared"
2025-09-18,ชุมทางทุ่งสง,Thung Song Junction,58,56,04:08,05:06,04:18,05:14,"เนื่องจากผ่านพื้นที่ก่อสร้าง, รอหลีกขบวนรถ","due to Passing construction site, Wait for track cleared"
2025-09-18,พัทลุง,Phatthalung,37,37,05:51,06:28,05:53,06:30,"เนื่องจากผ่านพื้นที่ก่อสร้าง, รอหลีกขบวนรถ","due to Passing construction site, Wait for track cleared"
2025-09-18,ชุมทางหาดใหญ่,Hat Yai Junction,32,32,07:05,07:37,07:05,07:37,"เนื่องจากผ่านพื้นที่ก่อสร้าง, รอหลีกขบวนรถ","due to Passing construction site, Wait for track cleared"
2025-09-19,กรุงเทพอภิวัฒน์,Bangkok (Krung Thep Aphiwat),-7,0,16:30,16:23,16:50,16:50,"เนื่องจากผ่านพื้นที่ก่อสร้าง, รอหลีกขบวนรถ","due to Passing construction site, Wait for track cleared"
2025-09-19,บางบำหรุ,Bang Bamru,0,0,17:01,17:01,17:02,17:02,"เนื่องจากผ่านพื้นที่ก่อสร้าง, รอหลีกขบวนรถ","due to Passing construction site, Wait for track cleared"
2025-09-19,ศาลายา,Sala Ya,0,0,17:22,17:22,17:23,17:23,"เนื่องจากผ่านพื้นที่ก่อสร้าง, รอหลีกขบวนรถ","due to Passing construction site, Wait for track cleared"
2025-09-19,นครปฐม,Nakhon Pathom,0,0,17:48,17:48,17:50,17:50,"เนื่องจากผ่านพื้นที่ก่อสร้าง, รอหลีกขบวนรถ","due to Passing construction site, Wait for track cleared"
2025-09-19,บ้านโป่ง,Ban Pong,1,1,18:08,18:09,18:09,18:10,"เนื่องจากผ่านพื้นที่ก่อสร้าง, รอหลีกขบวนรถ","due to Passing construction site, Wait for track cleared"
2025-09-19,ราชบุรี,Ratchaburi,0,0,18:37,18:37,18:47,18:47,"เนื่องจากผ่านพื้นที่ก่อสร้าง, รอหลีกขบวนรถ","due to Passing construction site, Wait for track cleared"
2025-09-19,เพชรบุรี,Phetchaburi,-3,0,19:30,19:27,19:31,19:31,"เนื่องจากผ่านพื้นที่ก่อสร้าง, รอหลีกขบวนรถ","due to Passing construction site, Wait for track cleared"
2025-09-19,หัวหิน,Hua Hin,3,2,20:20,20:23,20:25,20:27,"เนื่องจากผ่านพื้นที่ก่อสร้าง, รอหลีกขบวนรถ","due to Passing construction site, Wait for track cleared"
2025-09-19,ประจวบคีรีขันธ์,Prachuap Khiri Khan,-4,0,21:40,21:36,21:41,21:41,"เนื่องจากผ่านพื้นที่ก่อสร้าง, รอหลีกขบวนรถ","due to Passing construction site, Wait for track cleared"
2025-09-19,ชุมพร,Chumphon,9,8,23:55,00:04,00:05,00:13,"เนื่องจากผ่านพื้นที่ก่อสร้าง, รอหลีกขบวนรถ","due to Passing construction site, Wait for track cleared"
2025-09-19,สุราษฎร์ธานี,Surat Thani,78,78,02:20,03:38,02:23,03:41,"เนื่องจากผ่านพื้นที่ก่อสร้าง, รอหลีกขบวนรถ","due to Passing construction site, Wait for track cleared"
2025-09-19,ชุมทางทุ่งสง,Thung Song Junction,75,75,04:08,05:23,04:18,05:33,"เนื่องจากผ่านพื้นที่ก่อสร้าง, รอหลีกขบวนรถ","due to Passing construction site, Wait for track cleared"
2025-09-19,พัทลุง,Phatthalung,57,57,05:51,06:48,05:53,06:50,"เนื่องจากผ่านพื้นที่ก่อสร้าง, รอหลีกขบวนรถ","due to Passing construction site, Wait for track cleared"
2025-09-19,ชุมทางหาดใหญ่,Hat Yai Junction,51,51,07:05,07:56,07:05,07:56,"เนื่องจากผ่านพื้นที่ก่อสร้าง, รอหลีกขบวนรถ","due to Passing construction site, Wait for track cleared"
2025-09-20,กรุงเทพอภิวัฒน์,Bangkok (Krung Thep Aphiwat),-7,0,16:30,16:23,16:50,16:50,"เนื่องจากจุดสับรางขัดข้อง, ผ่านพื้นที่ก่อสร้าง, รอหลีกขบวนรถ","due to Switch malfunction, Passing construction site, Wait for track cleared"
2025-09-20,บางบำหรุ,Bang Bamru,0,0,17:01,17:01,17:02,17:02,"เนื่องจากจุดสับรางขัดข้อง, ผ่านพื้นที่ก่อสร้าง, รอหลีกขบวนรถ","due to Switch malfunction, Passing construction site, Wait for track cleared"
2025-09-20,ศาลายา,Sala Ya,0,0,17:22,17:22,17:23,17:23,"เนื่องจากจุดสับรางขัดข้อง, ผ่านพื้นที่ก่อสร้าง, รอหลีกขบวนรถ","due to Switch malfunction, Passing construction site, Wait for track cleared"
2025-09-20,นครปฐม,Nakhon Pathom,0,0,17:48,17:48,17:50,17:50,"เนื่องจากจุดสับรางขัดข้อง, ผ่านพื้นที่ก่อสร้าง, รอหลีกขบวนรถ","due to Switch malfunction, Passing construction site, Wait for track cleared"
2025-09-20,บ้านโป่ง,Ban Pong,1,2,18:08,18:09,18:09,18:11,"เนื่องจากจุดสับรางขัดข้อง, ผ่านพื้นที่ก่อสร้าง, รอหลีกขบวนรถ","due to Switch malfunction, Passing construction site, Wait for track cleared"
2025-09-20,ราชบุรี,Ratchaburi,-1,0,18:37,18:36,18:47,18:47,"เนื่องจากจุดสับรางขัดข้อง, ผ่านพื้นที่ก่อสร้าง, รอหลีกขบวนรถ","due to Switch malfunction, Passing construction site, Wait for track cleared"
2025-09-20,เพชรบุรี,Phetchaburi,-6,0,19:30,19:24,19:31,19:31,"เนื่องจากจุดสับรางขัดข้อง, ผ่านพื้นที่ก่อสร้าง, รอหลีกขบวนรถ","due to Switch malfunction, Passing construction site, Wait for track cleared"
2025-09-20,หัวหิน,Hua Hin,1,0,20:20,20:21,20:25,20:25,"เนื่องจากจุดสับรางขัดข้อง, ผ่านพื้นที่ก่อสร้าง, รอหลีกขบวนรถ","due to Switch malfunction, Passing construction site, Wait for track cleared"
2025-09-20,ประจวบคีรีขันธ์,Prachuap Khiri Khan,-11,0,21:40,21:29,21:41,21:41,"เนื่องจากจุดสับรางขัดข้อง, ผ่านพื้นที่ก่อสร้าง, รอหลีกขบวนรถ","due to Switch malfunction, Passing construction site, Wait for track cleared"
2025-09-20,ชุมพร,Chumphon,5,14,23:55,00:00,00:05,00:19,"เนื่องจากจุดสับรางขัดข้อง, ผ่านพื้นที่ก่อสร้าง, รอหลีกขบวนรถ","due to Switch malfunction, Passing construction site, Wait for track cleared"
2025-09-20,สุราษฎร์ธานี,Surat Thani,53,53,02:20,03:13,02:23,03:16,"เนื่องจากจุดสับรางขัดข้อง, ผ่านพื้นที่ก่อสร้าง, รอหลีกขบวนรถ","due to Switch malfunction, Passing construction site, Wait for track cleared"
2025-09-20,ชุมทางทุ่งสง,Thung Song Junction,57,54,04:08,05:05,04:18,05:12,"เนื่องจากจุดสับรางขัดข้อง, ผ่านพื้นที่ก่อสร้าง, รอหลีกขบวนรถ","due to Switch malfunction, Passing construction site, Wait for track cleared"
2025-09-20,พัทลุง,Phatthalung,39,39,05:51,06:30,05:53,06:32,"เนื่องจากจุดสับรางขัดข้อง, ผ่านพื้นที่ก่อสร้าง, รอหลีกขบวนรถ","due to Switch malfunction, Passing construction site, Wait for track cleared"
2025-09-20,ชุมทางหาดใหญ่,Hat Yai Junction,122,122,07:05,09:07,07:05,09:07,"เนื่องจากจุดสับรางขัดข้อง, ผ่านพื้นที่ก่อสร้าง, รอหลีกขบวนรถ","due to Switch malfunction, Passing construction site, Wait for track cleared"
2025-09-21,กรุงเทพอภิวัฒน์,Bangkok (Krung Thep Aphiwat),-21,0,16:30,16:09,16:50,16:50,,
2025-09-21,บางบำหรุ,Bang Bamru,0,0,17:01,17:01,17:02,17:02,,
2025-09-21,ศาลายา,Sala Ya,0,0,17:22,17:22,17:23,17:23,,
2025-09-21,นครปฐม,Nakhon Pathom,4,4,17:48,17:52,17:50,17:54,,
2025-09-21,บ้านโป่ง,Ban Pong,6,6,18:08,18:14,18:09,18:15,,
2025-09-21,ราชบุรี,Ratchaburi,2,0,18:37,18:39,18:47,18:47,,
2025-09-21,เพชรบุรี,Phetchaburi,-8,0,19:30,19:22,19:31,19:31,,
2025-09-21,หัวหิน,Hua Hin,13,11,20:20,20:33,20:25,20:36,,
2025-09-21,ประจวบคีรีขันธ์,Prachuap Khiri Khan,1,1,21:40,21:41,21:41,21:42,,
2025-09-21,ชุมพร,Chumphon,1,5,23:55,23:56,00:05,00:10,,
2025-09-21,สุราษฎร์ธานี,Surat Thani,33,33,02:20,02:53,02:23,02:56,,
2025-09-21,ชุมทางทุ่งสง,Thung Song Junction,32,30,04:08,04:40,04:18,04:48,,
2025-09-21,พัทลุง,Phatthalung,12,12,05:51,06:03,05:53,06:05,,
2025-09-21,ชุมทางหาดใหญ่,Hat Yai Junction,10,10,07:05,07:15,07:05,07:15,,
2025-09-22,กรุงเทพอภิวัฒน์,Bangkok (Krung Thep Aphiwat),-22,0,16:30,16:08,16:50,16:50,,
2025-09-22,บางบำหรุ,Bang Bamru,0,0,17:01,17:01,17:02,17:02,,
2025-09-22,ศาลายา,Sala Ya,-1,0,17:22,17:21,17:23,17:23,,
2025-09-22,นครปฐม,Nakhon Pathom,4,4,17:48,17:52,17:50,17:54,,
2025-09-22,บ้านโป่ง,Ban Pong,6,6,18:08,18:14,18:09,18:15,,
2025-09-22,ราชบุรี,Ratchaburi,6,0,18:37,18:43,18:47,18:47,,
2025-09-22,เพชรบุรี,Phetchaburi,-4,0,19:30,19:26,19:31,19:31,,
2025-09-22,หัวหิน,Hua Hin,16,15,20:20,20:36,20:25,20:40,,
2025-09-22,ประจวบคีรีขันธ์,Prachuap Khiri Khan,11,11,21:40,21:51,21:41,21:52,,
2025-09-22,ชุมพร,Chumphon,32,32,23:55,00:27,00:05,00:37,,
2025-09-22,สุราษฎร์ธานี,Surat Thani,26,26,02:20,02:46,02:23,02:49,,
2025-09-22,ชุมทางทุ่งสง,Thung Song Junction,24,24,04:08,04:32,04:18,04:42,,
2025-09-22,พัทลุง,Phatthalung,11,11,05:51,06:02,05:53,06:04,,
2025-09-22,ชุมทางหาดใหญ่,Hat Yai Junction,10,10,07:05,07:15,07:05,07:15,,
2025-09-23,กรุงเทพอภิวัฒน์,Bangkok (Krung Thep Aphiwat),-12,0,16:30,16:18,16:50,16:50,,
2025-09-23,บางบำหรุ,Bang Bamru,0,0,17:01,17:01,17:02,17:02,,
2025-09-23,ศาลายา,Sala Ya,0,0,17:22,17:22,17:23,17:23,,
2025-09-23,นครปฐม,Nakhon Pathom,0,0,17:48,17:48,17:50,17:50,,
2025-09-23,บ้านโป่ง,Ban Pong,2,2,18:08,18:10,18:09,18:11,,
2025-09-23,ราชบุรี,Ratchaburi,-2,0,18:37,18:35,18:47,18:47,,
2025-09-23,เพชรบุรี,Phetchaburi,-6,0,19:30,19:24,19:31,19:31,,
2025-09-23,หัวหิน,Hua Hin,5,3,20:20,20:25,20:25,20:28,,
2025-09-23,ประจวบคีรีขันธ์,Prachuap Khiri Khan,-5,0,21:40,21:35,21:41,21:41,,
2025-09-23,ชุมพร,Chumphon,27,30,23:55,00:22,00:05,00:35,,
2025-09-23,สุราษฎร์ธานี,Surat Thani,35,35,02:20,02:55,02:23,02:58,,
2025-09-23,ชุมทางทุ่งสง,Thung Song Junction,26,22,04:08,04:34,04:18,04:40,,
2025-09-23,พัทลุง,Phatthalung,4,4,05:51,05:55,05:53,05:57,,
2025-09-23,ชุมทางหาดใหญ่,Hat Yai Junction,3,3,07:05,07:08,07:05,07:08,,
2025-09-24,กรุงเทพอภิวัฒน์,Bangkok (Krung Thep Aphiwat),-21,0,16:30,16:09,16:50,16:50,,
2025-09-24,บางบำหรุ,Bang Bamru,0,0,17:01,17:01,17:02,17:02,,
2025-09-24,ศาลายา,Sala Ya,0,0,17:22,17:22,17:23,17:23,,
2025-09-24,นครปฐม,Nakhon Pathom,2,2,17:48,17:50,17:50,17:52,,
2025-09-24,บ้านโป่ง,Ban Pong,4,4,18:08,18:12,18:09,18:13,,
2025-09-24,ราชบุรี,Ratchaburi,3,0,18:37,18:40,18:47,18:47,,
2025-09-24,เพชรบุรี,Phetchaburi,-6,0,19:30,19:24,19:31,19:31,,
2025-09-24,หัวหิน,Hua Hin,11,9,20:20,20:31,20:25,20:34,,
2025-09-24,ประจวบคีรีขันธ์,Prachuap Khiri Khan,-3,0,21:40,21:37,21:41,21:41,,
2025-09-24,ชุมพร,Chumphon,4,17,23:55,23:59,00:05,00:22,,
2025-09-24,สุราษฎร์ธานี,Surat Thani,40,40,02:20,03:00,02:23,03:03,,
2025-09-24,ชุมทางทุ่งสง,Thung Song Junction,37,35,04:08,04:45,04:18,04:53,,
2025-09-24,พัทลุง,Phatthalung,20,20,05:51,06:11,05:53,06:13,,
2025-09-24,ชุมทางหาดใหญ่,Hat Yai Junction,17,17,07:05,07:22,07:05,07:22,,
2025-09-25,กรุงเทพอภิวัฒน์,Bangkok (Krung Thep Aphiwat),-11,0,16:30,16:19,16:50,16:50,,
2025-09-25,บางบำหรุ,Bang Bamru,0,0,17:01,17:01,17:02,17:02,,
2025-09-25,ศาลายา,Sala Ya,0,0,17:22,17:22,17:23,17:23,,
2025-09-25,นครปฐม,Nakhon Pathom,0,0,17:48,17:48,17:50,17:50,,
2025-09-25,บ้านโป่ง,Ban Pong,2,2,18:08,18:10,18:09,18:11,,
2025-09-25,ราชบุรี,Ratchaburi,0,0,18:37,18:37,18:47,18:47,,
2025-09-25,เพชรบุรี,Phetchaburi,-6,0,19:30,19:24,19:31,19:31,,
2025-09-25,หัวหิน,Hua Hin,8,7,20:20,20:28,20:25,20:32,,
2025-09-25,ประจวบคีรีขันธ์,Prachuap Khiri Khan,1,1,21:40,21:41,21:41,21:42,,
2025-09-25,ชุมพร,Chumphon,24,23,23:55,00:19,00:05,00:28,,
2025-09-25,สุราษฎร์ธานี,Surat Thani,28,28,02:20,02:48,02:23,02:51,,
2025-09-25,ชุมทางทุ่งสง,Thung Song Junction,18,17,04:08,04:26,04:18,04:35,,
2025-09-25,พัทลุง,Phatthalung,-2,0,05:51,05:49,05:53,05:53,,
2025-09-25,ชุมทางหาดใหญ่,Hat Yai Junction,3,3,07:05,07:08,07:05,07:08,,
2025-09-26,กรุงเทพอภิวัฒน์,Bangkok (Krung Thep Aphiwat),-9,0,16:30,16:21,16:50,16:50,,
2025-09-26,บางบำหรุ,Bang Bamru,0,0,17:01,17:01,17:02,17:02,,
2025-09-26,ศาลายา,Sala Ya,3,3,17:22,17:25,17:23,17:26,,
2025-09-26,นครปฐม,Nakhon Pathom,5,5,17:48,17:53,17:50,17:55,,
2025-09-26,บ้านโป่ง,Ban Pong,7,7,18:08,18:15,18:09,18:16,,
2025-09-26,ราชบุรี,Ratchaburi,6,0,18:37,18:43,18:47,18:47,,
2025-09-26,เพชรบุรี,Phetchaburi,-4,0,19:30,19:26,19:31,19:31,,
2025-09-26,หัวหิน,Hua Hin,6,5,20:20,20:26,20:25,20:30,,
2025-09-26,ประจวบคีรีขันธ์,Prachuap Khiri Khan,-3,0,21:40,21:37,21:41,21:41,,
2025-09-26,ชุมพร,Chumphon,2,7,23:55,23:57,00:05,00:12,,
2025-09-26,สุราษฎร์ธานี,Surat Thani,25,25,02:20,02:45,02:23,02:48,,
2025-09-26,ชุมทางทุ่งสง,Thung Song Junction,13,12,04:08,04:21,04:18,04:30,,
2025-09-26,พัทลุง,Phatthalung,0,0,05:51,05:51,05:53,05:53,,
2025-09-26,ชุมทางหาดใหญ่,Hat Yai Junction,0,0,07:05,07:05,07:05,07:05,,
2025-09-27,กรุงเทพอภิวัฒน์,Bangkok (Krung Thep Aphiwat),-12,0,16:30,16:18,16:50,16:50,,
2025-09-27,บางบำหรุ,Bang Bamru,1,1,17:01,17:02,17:02,17:03,,
2025-09-27,ศาลายา,Sala Ya,1,1,17:22,17:23,17:23,17:24,,
2025-09-27,นครปฐม,Nakhon Pathom,4,4,17:48,17:52,17:50,17:54,,
2025-09-27,บ้านโป่ง,Ban Pong,8,8,18:08,18:16,18:09,18:17,,
2025-09-27,ราชบุรี,Ratchaburi,5,0,18:37,18:42,18:47,18:47,,
2025-09-27,เพชรบุรี,Phetchaburi,-5,0,19:30,19:25,19:31,19:31,,
2025-09-27,หัวหิน,Hua Hin,12,10,20:20,20:32,20:25,20:35,,
2025-09-27,ประจวบคีรีขันธ์,Prachuap Khiri Khan,2,2,21:40,21:42,21:41,21:43,,
2025-09-27,ชุมพร,Chumphon,2,7,23:55,23:57,00:05,00:12,,
2025-09-27,สุราษฎร์ธานี,Surat Thani,36,36,02:20,02:56,02:23,02:59,,
2025-09-27,ชุมทางทุ่งสง,Thung Song Junction,49,49,04:08,04:57,04:18,05:07,,
2025-09-27,พัทลุง,Phatthalung,29,29,05:51,06:20,05:53,06:22,,
2025-09-27,ชุมทางหาดใหญ่,Hat Yai Junction,20,20,07:05,07:25,07:05,07:25,,
2025-09-28,กรุงเทพอภิวัฒน์,Bangkok (Krung Thep Aphiwat),-8,0,16:30,16:22,16:50,16:50,"เนื่องจากผ่านพื้นที่ก่อสร้าง, รอหลีกขบวนรถ","due to Passing construction site, Wait for track cleared"
2025-09-28,บางบำหรุ,Bang Bamru,0,0,17:01,17:01,17:02,17:02,"เนื่องจากผ่านพื้นที่ก่อสร้าง, รอหลีกขบวนรถ","due to Passing construction site, Wait for track cleared"
2025-09-28,ศาลายา,Sala Ya,0,0,17:22,17:22,17:23,17:23,"เนื่องจากผ่านพื้นที่ก่อสร้าง, รอหลีกขบวนรถ","due to Passing construction site, Wait for track cleared"
2025-09-28,นครปฐม,Nakhon Pathom,4,5,17:48,17:52,17:50,17:55,"เนื่องจากผ่านพื้นที่ก่อสร้าง, รอหลีกขบวนรถ","due to Passing construction site, Wait for track cleared"
2025-09-28,บ้านโป่ง,Ban Pong,6,7,18:08,18:14,18:09,18:16,"เนื่องจากผ่านพื้นที่ก่อสร้าง, รอหลีกขบวนรถ","due to Passing construction site, Wait for track cleared"
2025-09-28,ราชบุรี,Ratchaburi,7,0,18:37,18:44,18:47,18:47,"เนื่องจากผ่านพื้นที่ก่อสร้าง, รอหลีกขบวนรถ","due to Passing construction site, Wait for track cleared"
2025-09-28,เพชรบุรี,Phetchaburi,-2,0,19:30,19:28,19:31,19:31,"เนื่องจากผ่านพื้นที่ก่อสร้าง, รอหลีกขบวนรถ","due to Passing construction site, Wait for track cleared"
2025-09-28,หัวหิน,Hua Hin,9,6,20:20,20:29,20:25,20:31,"เนื่องจากผ่านพื้นที่ก่อสร้าง, รอหลีกขบวนรถ","due to Passing construction site, Wait for track cleared"
2025-09-28,ประจวบคีรีขันธ์,Prachuap Khiri Khan,0,3,21:40,21:40,21:41,21:44,"เนื่องจากผ่านพื้นที่ก่อสร้าง, รอหลีกขบวนรถ","due to Passing construction site, Wait for track cleared"
2025-09-28,ชุมพร,Chumphon,10,10,23:55,00:05,00:05,00:15,"เนื่องจากผ่านพื้นที่ก่อสร้าง, รอหลีกขบวนรถ","due to Passing construction site, Wait for track cleared"
2025-09-28,สุราษฎร์ธานี,Surat Thani,54,54,02:20,03:14,02:23,03:17,"เนื่องจากผ่านพื้นที่ก่อสร้าง, รอหลีกขบวนรถ","due to Passing construction site, Wait for track cleared"
2025-09-28,ชุมทางทุ่งสง,Thung Song Junction,50,44,04:08,04:58,04:18,05:02,"เนื่องจากผ่านพื้นที่ก่อสร้าง, รอหลีกขบวนรถ","due to Passing construction site, Wait for track cleared"
2025-09-28,พัทลุง,Phatthalung,33,33,05:51,06:24,05:53,06:26,"เนื่องจากผ่านพื้นที่ก่อสร้าง, รอหลีกขบวนรถ","due to Passing construction site, Wait for track cleared"
2025-09-28,ชุมทางหาดใหญ่,Hat Yai Junction,37,37,07:05,07:42,07:05,07:42,"เนื่องจากผ่านพื้นที่ก่อสร้าง, รอหลีกขบวนรถ","due to Passing construction site, Wait for track cleared"
2025-09-29,กรุงเทพอภิวัฒน์,Bangkok (Krung Thep Aphiwat),-10,0,16:30,16:20,16:50,16:50,,
2025-09-29,บางบำหรุ,Bang Bamru,0,0,17:01,17:01,17:02,17:02,,
2025-09-29,ศาลายา,Sala Ya,0,0,17:22,17:22,17:23,17:23,,
2025-09-29,นครปฐม,Nakhon Pathom,2,2,17:48,17:50,17:50,17:52,,
2025-09-29,บ้านโป่ง,Ban Pong,1,1,18:08,18:09,18:09,18:10,,
2025-09-29,ราชบุรี,Ratchaburi,-2,0,18:37,18:35,18:47,18:47,,
2025-09-29,เพชรบุรี,Phetchaburi,-8,0,19:30,19:22,19:31,19:31,,
2025-09-29,หัวหิน,Hua Hin,7,7,20:20,20:27,20:25,20:32,,
2025-09-29,ประจวบคีรีขันธ์,Prachuap Khiri Khan,-2,0,21:40,21:38,21:41,21:41,,
2025-09-29,ชุมพร,Chumphon,10,9,23:55,00:05,00:05,00:14,,
2025-09-29,สุราษฎร์ธานี,Surat Thani,24,24,02:20,02:44,02:23,02:47,,
2025-09-29,ชุมทางทุ่งสง,Thung Song Junction,18,17,04:08,04:26,04:18,04:35,,
2025-09-29,พัทลุง,Phatthalung,0,0,05:51,05:51,05:53,05:53,,
2025-09-29,ชุมทางหาดใหญ่,Hat Yai Junction,0,0,07:05,07:05,07:05,07:05,,
2025-09-30,กรุงเทพอภิวัฒน์,Bangkok (Krung Thep Aphiwat),-20,0,16:30,16:10,16:50,16:50,,
2025-09-30,บางบำหรุ,Bang Bamru,0,0,17:01,17:01,17:02,17:02,,
2025-09-30,ศาลายา,Sala Ya,0,0,17:22,17:22,17:23,17:23,,
2025-09-30,นครปฐม,Nakhon Pathom,0,0,17:48,17:48,17:50,17:50,,
2025-09-30,บ้านโป่ง,Ban Pong,1,2,18:08,18:09,18:09,18:11,,
2025-09-30,ราชบุรี,Ratchaburi,0,0,18:37,18:37,18:47,18:47,,
2025-09-30,เพชรบุรี,Phetchaburi,-6,0,19:30,19:24,19:31,19:31,,
2025-09-30,หัวหิน,Hua Hin,8,6,20:20,20:28,20:25,20:31,,
2025-09-30,ประจวบคีรีขันธ์,Prachuap Khiri Khan,-4,0,21:40,21:36,21:41,21:41,,
2025-09-30,ชุมพร,Chumphon,7,14,23:55,00:02,00:05,00:19,,
2025-09-30,สุราษฎร์ธานี,Surat Thani,45,45,02:20,03:05,02:23,03:08,,
2025-09-30,ชุมทางทุ่งสง,Thung Song Junction,48,46,04:08,04:56,04:18,05:04,,
2025-09-30,พัทลุง,Phatthalung,26,26,05:51,06:17,05:53,06:19,,
2025-09-30,ชุมทางหาดใหญ่,Hat Yai Junction,17,17,07:05,07:22,07:05,07:22,,
2025-10-01,กรุงเทพอภิวัฒน์,Bangkok (Krung Thep Aphiwat),-11,0,16:30,16:19,16:50,16:50,,
2025-10-01,บางบำหรุ,Bang Bamru,0,0,17:01,17:01,17:02,17:02,,
2025-10-01,ศาลายา,Sala Ya,0,1,17:22,17:22,17:23,17:24,,
2025-10-01,นครปฐม,Nakhon Pathom,2,2,17:48,17:50,17:50,17:52,,
2025-10-01,บ้านโป่ง,Ban Pong,4,4,18:08,18:12,18:09,18:13,,
2025-10-01,ราชบุรี,Ratchaburi,0,0,18:37,18:37,18:47,18:47,,
2025-10-01,เพชรบุรี,Phetchaburi,-9,0,19:30,19:21,19:31,19:31,,
2025-10-01,หัวหิน,Hua Hin,5,3,20:20,20:25,20:25,20:28,,
2025-10-01,ประจวบคีรีขันธ์,Prachuap Khiri Khan,-9,0,21:40,21:31,21:41,21:41,,
2025-10-01,ชุมพร,Chumphon,0,2,23:55,23:55,00:05,00:07,,
2025-10-01,สุราษฎร์ธานี,Surat Thani,42,42,02:20,03:02,02:23,03:05,,
2025-10-01,ชุมทางทุ่งสง,Thung Song Junction,39,36,04:08,04:47,04:18,04:54,,
2025-10-01,พัทลุง,Phatthalung,15,15,05:51,06:06,05:53,06:08,,
2025-10-01,ชุมทางหาดใหญ่,Hat Yai Junction,10,10,07:05,07:15,07:05,07:15,,
2025-10-02,กรุงเทพอภิวัฒน์,Bangkok (Krung Thep Aphiwat),-11,0,16:30,16:19,16:50,16:50,"เนื่องจากผ่านพื้นที่ก่อสร้าง, รอหลีกขบวนรถ","due to Passing construction site, Wait for track cleared"
2025-10-02,บางบำหรุ,Bang Bamru,0,0,17:01,17:01,17:02,17:02,"เนื่องจากผ่านพื้นที่ก่อสร้าง, รอหลีกขบวนรถ","due to Passing construction site, Wait for track cleared"
2025-10-02,ศาลายา,Sala Ya,0,2,17:22,17:22,17:23,17:25,"เนื่องจากผ่านพื้นที่ก่อสร้าง, รอหลีกขบวนรถ","due to Passing construction site, Wait for track cleared"
2025-10-02,นครปฐม,Nakhon Pathom,3,3,17:48,17:51,17:50,17:53,"เนื่องจากผ่านพื้นที่ก่อสร้าง, รอหลีกขบวนรถ","due to Passing construction site, Wait for track cleared"
2025-10-02,บ้านโป่ง,Ban Pong,3,3,18:08,18:11,18:09,18:12,"เนื่องจากผ่านพื้นที่ก่อสร้าง, รอหลีกขบวนรถ","due to Passing construction site, Wait for track cleared"
2025-10-02,ราชบุรี,Ratchaburi,3,0,18:37,18:40,18:47,18:47,"เนื่องจากผ่านพื้นที่ก่อสร้าง, รอหลีกขบวนรถ","due to Passing construction site, Wait for track cleared"
2025-10-02,เพชรบุรี,Phetchaburi,-2,0,19:30,19:28,19:31,19:31,"เนื่องจากผ่านพื้นที่ก่อสร้าง, รอหลีกขบวนรถ","due to Passing construction site, Wait for track cleared"
2025-10-02,หัวหิน,Hua Hin,7,5,20:20,20:27,20:25,20:30,"เนื่องจากผ่านพื้นที่ก่อสร้าง, รอหลีกขบวนรถ","due to Passing construction site, Wait for track cleared"
2025-10-02,ประจวบคีรีขันธ์,Prachuap Khiri Khan,-3,0,21:40,21:37,21:41,21:41,"เนื่องจากผ่านพื้นที่ก่อสร้าง, รอหลีกขบวนรถ","due to Passing construction site, Wait for track cleared"
2025-10-02,ชุมพร,Chumphon,3,3,23:55,23:58,00:05,00:08,"เนื่องจากผ่านพื้นที่ก่อสร้าง, รอหลีกขบวนรถ","due to Passing construction site, Wait for track cleared"
2025-10-02,สุราษฎร์ธานี,Surat Thani,59,61,02:20,03:19,02:23,03:24,"เนื่องจากผ่านพื้นที่ก่อสร้าง, รอหลีกขบวนรถ","due to Passing construction site, Wait for track cleared"
2025-10-02,ชุมทางทุ่งสง,Thung Song Junction,64,62,04:08,05:12,04:18,05:20,"เนื่องจากผ่านพื้นที่ก่อสร้าง, รอหลีกขบวนรถ","due to Passing construction site, Wait for track cleared"
2025-10-02,พัทลุง,Phatthalung,44,44,05:51,06:35,05:53,06:37,"เนื่องจากผ่านพื้นที่ก่อสร้าง, รอหลีกขบวนรถ","due to Passing construction site, Wait for track cleared"
2025-10-02,ชุมทางหาดใหญ่,Hat Yai Junction,44,44,07:05,07:49,07:05,07:49,"เนื่องจากผ่านพื้นที่ก่อสร้าง, รอหลีกขบวนรถ","due to Passing construction site, Wait for track cleared"
2025-10-03,กรุงเทพอภิวัฒน์,Bangkok (Krung Thep Aphiwat),-5,0,16:30,16:25,16:50,16:50,,
2025-10-03,บางบำหรุ,Bang Bamru,0,0,17:01,17:01,17:02,17:02,,
2025-10-03,ศาลายา,Sala Ya,1,1,17:22,17:23,17:23,17:24,,
2025-10-03,นครปฐม,Nakhon Pathom,2,2,17:48,17:50,17:50,17:52,,
2025-10-03,บ้านโป่ง,Ban Pong,1,1,18:08,18:09,18:09,18:10,,
2025-10-03,ราชบุรี,Ratchaburi,-2,0,18:37,18:35,18:47,18:47,,
2025-10-03,เพชรบุรี,Phetchaburi,-6,0,19:30,19:24,19:31,19:31,,
2025-10-03,หัวหิน,Hua Hin,8,6,20:20,20:28,20:25,20:31,,
2025-10-03,ประจวบคีรีขันธ์,Prachuap Khiri Khan,-5,0,21:40,21:35,21:41,21:41,,
2025-10-03,ชุมพร,Chumphon,2,6,23:55,23:57,00:05,00:11,,
2025-10-03,สุราษฎร์ธานี,Surat Thani,32,32,02:20,02:52,02:23,02:55,,
2025-10-03,ชุมทางทุ่งสง,Thung Song Junction,25,23,04:08,04:33,04:18,04:41,,
2025-10-03,พัทลุง,Phatthalung,0,0,05:51,05:51,05:53,05:53,,
2025-10-03,ชุมทางหาดใหญ่,Hat Yai Junction,0,0,07:05,07:05,07:05,07:05,,
2025-10-04,กรุงเทพอภิวัฒน์,Bangkok (Krung Thep Aphiwat),-10,0,16:30,16:20,16:50,16:50,เนื่องจากผ่านพื้นที่ก่อสร้าง,due to Passing construction site
2025-10-04,บางบำหรุ,Bang Bamru,0,4,17:01,17:01,17:02,17:06,เนื่องจากผ่านพื้นที่ก่อสร้าง,due to Passing construction site
2025-10-04,ศาลายา,Sala Ya,6,6,17:22,17:28,17:23,17:29,เนื่องจากผ่านพื้นที่ก่อสร้าง,due to Passing construction site
2025-10-04,นครปฐม,Nakhon Pathom,8,8,17:48,17:56,17:50,17:58,เนื่องจากผ่านพื้นที่ก่อสร้าง,due to Passing construction site
2025-10-04,บ้านโป่ง,Ban Pong,8,8,18:08,18:16,18:09,18:17,เนื่องจากผ่านพื้นที่ก่อสร้าง,due to Passing construction site
2025-10-04,ราชบุรี,Ratchaburi,6,0,18:37,18:43,18:47,18:47,เนื่องจากผ่านพื้นที่ก่อสร้าง,due to Passing construction site
2025-10-04,เพชรบุรี,Phetchaburi,-5,0,19:30,19:25,19:31,19:31,เนื่องจากผ่านพื้นที่ก่อสร้าง,due to Passing construction site
2025-10-04,หัวหิน,Hua Hin,10,8,20:20,20:30,20:25,20:33,เนื่องจากผ่านพื้นที่ก่อสร้าง,due to Passing construction site
2025-10-04,ประจวบคีรีขันธ์,Prachuap Khiri Khan,41,41,21:40,22:21,21:41,22:22,เนื่องจากผ่านพื้นที่ก่อสร้าง,due to Passing construction site
2025-10-04,ชุมพร,Chumphon,57,57,23:55,00:52,00:05,01:02,เนื่องจากผ่านพื้นที่ก่อสร้าง,due to Passing construction site
2025-10-04,สุราษฎร์ธานี,Surat Thani,63,63,02:20,03:23,02:23,03:26,เนื่องจากผ่านพื้นที่ก่อสร้าง,due to Passing construction site
2025-10-04,ชุมทางทุ่งสง,Thung Song Junction,57,56,04:08,05:05,04:18,05:14,เนื่องจากผ่านพื้นที่ก่อสร้าง,due to Passing construction site
2025-10-04,พัทลุง,Phatthalung,37,37,05:51,06:28,05:53,06:30,เนื่องจากผ่านพื้นที่ก่อสร้าง,due to Passing construction site
2025-10-04,ชุมทางหาดใหญ่,Hat Yai Junction,37,37,07:05,07:42,07:05,07:42,เนื่องจากผ่านพื้นที่ก่อสร้าง,due to Passing construction site
2025-10-05,กรุงเทพอภิวัฒน์,Bangkok (Krung Thep Aphiwat),-11,0,16:30,16:19,16:50,16:50,"เนื่องจากผ่านพื้นที่ก่อสร้าง, รอเปิดทาง, รอหลีกขบวนรถ","due to Passing construction site, Wait for track cleared, Wait for track cleared"
2025-10-05,บางบำหรุ,Bang Bamru,0,0,17:01,17:01,17:02,17:02,"เนื่องจากผ่านพื้นที่ก่อสร้าง, รอเปิดทาง, รอหลีกขบวนรถ","due to Passing construction site, Wait for track cleared, Wait for track cleared"
2025-10-05,ศาลายา,Sala Ya,0,0,17:22,17:22,17:23,17:23,"เนื่องจากผ่านพื้นที่ก่อสร้าง, รอเปิดทาง, รอหลีกขบวนรถ","due to Passing construction site, Wait for track cleared, Wait for track cleared"
2025-10-05,นครปฐม,Nakhon Pathom,0,0,17:48,17:48,17:50,17:50,"เนื่องจากผ่านพื้นที่ก่อสร้าง, รอเปิดทาง, รอหลีกขบวนรถ","due to Passing construction site, Wait for track cleared, Wait for track cleared"
2025-10-05,บ้านโป่ง,Ban Pong,0,0,18:08,18:08,18:09,18:09,"เนื่องจากผ่านพื้นที่ก่อสร้าง, รอเปิดทาง, รอหลีกขบวนรถ","due to Passing construction site, Wait for track cleared, Wait for track cleared"
2025-10-05,ราชบุรี,Ratchaburi,-2,0,18:37,18:35,18:47,18:47,"เนื่องจากผ่านพื้นที่ก่อสร้าง, รอเปิดทาง, รอหลีกขบวนรถ","due to Passing construction site, Wait for track cleared, Wait for track cleared"
2025-10-05,เพชรบุรี,Phetchaburi,-7,0,19:30,19:23,19:31,19:31,"เนื่องจากผ่านพื้นที่ก่อสร้าง, รอเปิดทาง, รอหลีกขบวนรถ","due to Passing construction site, Wait for track cleared, Wait for track cleared"
2025-10-05,หัวหิน,Hua Hin,7,5,20:20,20:27,20:25,20:30,"เนื่องจากผ่านพื้นที่ก่อสร้าง, รอเปิดทาง, รอหลีกขบวนรถ","due to Passing construction site, Wait for track cleared, Wait for track cleared"
2025-10-05,ประจวบคีรีขันธ์,Prachuap Khiri Khan,-4,0,21:40,21:36,21:41,21:41,"เนื่องจากผ่านพื้นที่ก่อสร้าง, รอเปิดทาง, รอหลีกขบวนรถ","due to Passing construction site, Wait for track cleared, Wait for track cleared"
2025-10-05,ชุมพร,Chumphon,3,5,23:55,23:58,00:05,00:10,"เนื่องจากผ่านพื้นที่ก่อสร้าง, รอเปิดทาง, รอหลีกขบวนรถ","due to Passing construction site, Wait for track cleared, Wait for track cleared"
2025-10-05,สุราษฎร์ธานี,Surat Thani,30,30,02:20,02:50,02:23,02:53,"เนื่องจากผ่านพื้นที่ก่อสร้าง, รอเปิดทาง, รอหลีกขบวนรถ","due to Passing construction site, Wait for track cleared, Wait for track cleared"
2025-10-05,ชุมทางทุ่งสง,Thung Song Junction,50,50,04:08,04:58,04:18,05:08,"เนื่องจากผ่านพื้นที่ก่อสร้าง, รอเปิดทาง, รอหลีกขบวนรถ","due to Passing construction site, Wait for track cleared, Wait for track cleared"
2025-10-05,พัทลุง,Phatthalung,32,32,05:51,06:23,05:53,06:25,"เนื่องจากผ่านพื้นที่ก่อสร้าง, รอเปิดทาง, รอหลีกขบวนรถ","due to Passing construction site, Wait for track cleared, Wait for track cleared"
2025-10-05,ชุมทางหาดใหญ่,Hat Yai Junction,43,43,07:05,07:48,07:05,07:48,"เนื่องจากผ่านพื้นที่ก่อสร้าง, รอเปิดทาง, รอหลีกขบวนรถ","due to Passing construction site, Wait for track cleared, Wait for track cleared"
2025-10-06,กรุงเทพอภิวัฒน์,Bangkok (Krung Thep Aphiwat),-9,0,16:30,16:21,16:50,16:50,,
2025-10-06,บางบำหรุ,Bang Bamru,0,0,17:01,17:01,17:02,17:02,,
2025-10-06,ศาลายา,Sala Ya,0,0,17:22,17:22,17:23,17:23,,
2025-10-06,นครปฐม,Nakhon Pathom,3,3,17:48,17:51,17:50,17:53,,
2025-10-06,บ้านโป่ง,Ban Pong,5,5,18:08,18:13,18:09,18:14,,
2025-10-06,ราชบุรี,Ratchaburi,4,0,18:37,18:41,18:47,18:47,,
2025-10-06,เพชรบุรี,Phetchaburi,-4,0,19:30,19:26,19:31,19:31,,
2025-10-06,หัวหิน,Hua Hin,6,5,20:20,20:26,20:25,20:30,,
2025-10-06,ประจวบคีรีขันธ์,Prachuap Khiri Khan,-4,0,21:40,21:36,21:41,21:41,,
2025-10-06,ชุมพร,Chumphon,8,8,23:55,00:03,00:05,00:13,,
2025-10-06,สุราษฎร์ธานี,Surat Thani,31,31,02:20,02:51,02:23,02:54,,
2025-10-06,ชุมทางทุ่งสง,Thung Song Junction,26,26,04:08,04:34,04:18,04:44,,
2025-10-06,พัทลุง,Phatthalung,7,7,05:51,05:58,05:53,06:00,,
2025-10-06,ชุมทางหาดใหญ่,Hat Yai Junction,5,5,07:05,07:10,07:05,07:10,,
2025-10-07,กรุงเทพอภิวัฒน์,Bangkok (Krung Thep Aphiwat),-11,0,16:30,16:19,16:50,16:50,เนื่องจากผ่านพื้นที่ก่อสร้าง,due to Passing construction site
2025-10-07,บางบำหรุ,Bang Bamru,0,0,17:01,17:01,17:02,17:02,เนื่องจากผ่านพื้นที่ก่อสร้าง,due to Passing construction site
2025-10-07,ศาลายา,Sala Ya,0,1,17:22,17:22,17:23,17:24,เนื่องจากผ่านพื้นที่ก่อสร้าง,due to Passing construction site
2025-10-07,นครปฐม,Nakhon Pathom,5,5,17:48,17:53,17:50,17:55,เนื่องจากผ่านพื้นที่ก่อสร้าง,due to Passing construction site
2025-10-07,บ้านโป่ง,Ban Pong,4,4,18:08,18:12,18:09,18:13,เนื่องจากผ่านพื้นที่ก่อสร้าง,due to Passing construction site
2025-10-07,ราชบุรี,Ratchaburi,0,0,18:37,18:37,18:47,18:47,เนื่องจากผ่านพื้นที่ก่อสร้าง,due to Passing construction site
2025-10-07,เพชรบุรี,Phetchaburi,-7,0,19:30,19:23,19:31,19:31,เนื่องจากผ่านพื้นที่ก่อสร้าง,due to Passing construction site
2025-10-07,หัวหิน,Hua Hin,13,11,20:20,20:33,20:25,20:36,เนื่องจากผ่านพื้นที่ก่อสร้าง,due to Passing construction site
2025-10-07,ประจวบคีรีขันธ์,Prachuap Khiri Khan,6,6,21:40,21:46,21:41,21:47,เนื่องจากผ่านพื้นที่ก่อสร้าง,due to Passing construction site
2025-10-07,ชุมพร,Chumphon,57,59,23:55,00:52,00:05,01:04,เนื่องจากผ่านพื้นที่ก่อสร้าง,due to Passing construction site
2025-10-07,สุราษฎร์ธานี,Surat Thani,69,69,02:20,03:29,02:23,03:32,เนื่องจากผ่านพื้นที่ก่อสร้าง,due to Passing construction site
2025-10-07,ชุมทางทุ่งสง,Thung Song Junction,68,68,04:08,05:16,04:18,05:26,เนื่องจากผ่านพื้นที่ก่อสร้าง,due to Passing construction site
2025-10-07,พัทลุง,Phatthalung,49,49,05:51,06:40,05:53,06:42,เนื่องจากผ่านพื้นที่ก่อสร้าง,due to Passing construction site
2025-10-07,ชุมทางหาดใหญ่,Hat Yai Junction,50,50,07:05,07:55,07:05,07:55,เนื่องจากผ่านพื้นที่ก่อสร้าง,due to Passing construction site
2025-10-08,กรุงเทพอภิวัฒน์,Bangkok (Krung Thep Aphiwat),-9,0,16:30,16:21,16:50,16:50,"เนื่องจากผ่านพื้นที่ก่อสร้าง, รอหลีกขบวนรถ","due to Passing construction site, Wait for track cleared"
2025-10-08,บางบำหรุ,Bang Bamru,0,0,17:01,17:01,17:02,17:02,"เนื่องจากผ่านพื้นที่ก่อสร้าง, รอหลีกขบวนรถ","due to Passing construction site, Wait for track cleared"
2025-10-08,ศาลายา,Sala Ya,0,1,17:22,17:22,17:23,17:24,"เนื่องจากผ่านพื้นที่ก่อสร้าง, รอหลีกขบวนรถ","due to Passing construction site, Wait for track cleared"
2025-10-08,นครปฐม,Nakhon Pathom,2,2,17:48,17:50,17:50,17:52,"เนื่องจากผ่านพื้นที่ก่อสร้าง, รอหลีกขบวนรถ","due to Passing construction site, Wait for track cleared"
2025-10-08,บ้านโป่ง,Ban Pong,2,2,18:08,18:10,18:09,18:11,"เนื่องจากผ่านพื้นที่ก่อสร้าง, รอหลีกขบวนรถ","due to Passing construction site, Wait for track cleared"
2025-10-08,ราชบุรี,Ratchaburi,-2,0,18:37,18:35,18:47,18:47,"เนื่องจากผ่านพื้นที่ก่อสร้าง, รอหลีกขบวนรถ","due to Passing construction site, Wait for track cleared"
2025-10-08,เพชรบุรี,Phetchaburi,-7,0,19:30,19:23,19:31,19:31,"เนื่องจากผ่านพื้นที่ก่อสร้าง, รอหลีกขบวนรถ","due to Passing construction site, Wait for track cleared"
2025-10-08,หัวหิน,Hua Hin,3,1,20:20,20:23,20:25,20:26,"เนื่องจากผ่านพื้นที่ก่อสร้าง, รอหลีกขบวนรถ","due to Passing construction site, Wait for track cleared"
2025-10-08,ประจวบคีรีขันธ์,Prachuap Khiri Khan,13,19,21:40,21:53,21:41,22:00,"เนื่องจากผ่านพื้นที่ก่อสร้าง, รอหลีกขบวนรถ","due to Passing construction site, Wait for track cleared"
2025-10-08,ชุมพร,Chumphon,34,34,23:55,00:29,00:05,00:39,"เนื่องจากผ่านพื้นที่ก่อสร้าง, รอหลีกขบวนรถ","due to Passing construction site, Wait for track cleared"
2025-10-08,สุราษฎร์ธานี,Surat Thani,43,47,02:20,03:03,02:23,03:10,"เนื่องจากผ่านพื้นที่ก่อสร้าง, รอหลีกขบวนรถ","due to Passing construction site, Wait for track cleared"
2025-10-08,ชุมทางทุ่งสง,Thung Song Junction,53,53,04:08,05:01,04:18,05:11,"เนื่องจากผ่านพื้นที่ก่อสร้าง, รอหลีกขบวนรถ","due to Passing construction site, Wait for track cleared"
2025-10-08,พัทลุง,Phatthalung,33,33,05:51,06:24,05:53,06:26,"เนื่องจากผ่านพื้นที่ก่อสร้าง, รอหลีกขบวนรถ","due to Passing construction site, Wait for track cleared"
2025-10-08,ชุมทางหาดใหญ่,Hat Yai Junction,25,25,07:05,07:30,07:05,07:30,"เนื่องจากผ่านพื้นที่ก่อสร้าง, รอหลีกขบวนรถ","due to Passing construction site, Wait for track cleared"
2025-10-09,กรุงเทพอภิวัฒน์,Bangkok (Krung Thep Aphiwat),2,0,16:30,16:32,16:50,16:50,,
2025-10-09,บางบำหรุ,Bang Bamru,0,0,17:01,17:01,17:02,17:02,,
2025-10-09,ศาลายา,Sala Ya,0,0,17:22,17:22,17:23,17:23,,
2025-10-09,นครปฐม,Nakhon Pathom,0,0,17:48,17:48,17:50,17:50,,
2025-10-09,บ้านโป่ง,Ban Pong,0,0,18:08,18:08,18:09,18:09,,
2025-10-09,ราชบุรี,Ratchaburi,-1,0,18:37,18:36,18:47,18:47,,
2025-10-09,เพชรบุรี,Phetchaburi,-6,0,19:30,19:24,19:31,19:31,,
2025-10-09,หัวหิน,Hua Hin,9,8,20:20,20:29,20:25,20:33,,
2025-10-09,ประจวบคีรีขันธ์,Prachuap Khiri Khan,0,0,21:40,21:40,21:41,21:41,,
2025-10-09,ชุมพร,Chumphon,6,11,23:55,00:01,00:05,00:16,,
2025-10-09,สุราษฎร์ธานี,Surat Thani,9,9,02:20,02:29,02:23,02:32,,
2025-10-09,ชุมทางทุ่งสง,Thung Song Junction,0,0,04:08,04:08,04:18,04:18,,
2025-10-09,พัทลุง,Phatthalung,0,0,05:51,05:51,05:53,05:53,,
2025-10-09,ชุมทางหาดใหญ่,Hat Yai Junction,-3,-3,07:05,07:02,07:05,07:02,,
2025-10-10,กรุงเทพอภิวัฒน์,Bangkok (Krung Thep Aphiwat),-21,0,16:30,16:09,16:50,16:50,,
2025-10-10,บางบำหรุ,Bang Bamru,1,1,17:01,17:02,17:02,17:03,,
2025-10-10,ศาลายา,Sala Ya,0,0,17:22,17:22,17:23,17:23,,
2025-10-10,นครปฐม,Nakhon Pathom,3,3,17:48,17:51,17:50,17:53,,
2025-10-10,บ้านโป่ง,Ban Pong,5,5,18:08,18:13,18:09,18:14,,
2025-10-10,ราชบุรี,Ratchaburi,2,0,18:37,18:39,18:47,18:47,,
2025-10-10,เพชรบุรี,Phetchaburi,-5,0,19:30,19:25,19:31,19:31,,
2025-10-10,หัวหิน,Hua Hin,10,10,20:20,20:30,20:25,20:35,,
2025-10-10,ประจวบคีรีขันธ์,Prachuap Khiri Khan,2,2,21:40,21:42,21:41,21:43,,
2025-10-10,ชุมพร,Chumphon,8,8,23:55,00:03,00:05,00:13,,
2025-10-10,สุราษฎร์ธานี,Surat Thani,36,36,02:20,02:56,02:23,02:59,,
2025-10-10,ชุมทางทุ่งสง,Thung Song Junction,30,30,04:08,04:38,04:18,04:48,,
2025-10-10,พัทลุง,Phatthalung,13,13,05:51,06:04,05:53,06:06,,
2025-10-10,ชุมทางหาดใหญ่,Hat Yai Junction,8,8,07:05,07:13,07:05,07:13,,
2025-10-11,กรุงเทพอภิวัฒน์,Bangkok (Krung Thep Aphiwat),-12,0,16:30,16:18,16:50,16:50,,
2025-10-11,บางบำหรุ,Bang Bamru,0,0,17:01,17:01,17:02,17:02,,
2025-10-11,ศาลายา,Sala Ya,0,1,17:22,17:22,17:23,17:24,,
2025-10-11,นครปฐม,Nakhon Pathom,3,3,17:48,17:51,17:50,17:53,,
2025-10-11,บ้านโป่ง,Ban Pong,6,6,18:08,18:14,18:09,18:15,,
2025-10-11,ราชบุรี,Ratchaburi,5,0,18:37,18:42,18:47,18:47,,
2025-10-11,เพชรบุรี,Phetchaburi,-5,0,19:30,19:25,19:31,19:31,,
2025-10-11,หัวหิน,Hua Hin,12,10,20:20,20:32,20:25,20:35,,
2025-10-11,ประจวบคีรีขันธ์,Prachuap Khiri Khan,0,0,21:40,21:40,21:41,21:41,,
2025-10-11,ชุมพร,Chumphon,5,6,23:55,00:00,00:05,00:11,,
2025-10-11,สุราษฎร์ธานี,Surat Thani,38,38,02:20,02:58,02:23,03:01,,
2025-10-11,ชุมทางทุ่งสง,Thung Song Junction,34,32,04:08,04:42,04:18,04:50,,
2025-10-11,พัทลุง,Phatthalung,12,12,05:51,06:03,05:53,06:05,,
2025-10-11,ชุมทางหาดใหญ่,Hat Yai Junction,7,7,07:05,07:12,07:05,07:12,,
2025-10-12,กรุงเทพอภิวัฒน์,Bangkok (Krung Thep Aphiwat),-23,0,16:30,16:07,16:50,16:50,,
2025-10-12,บางบำหรุ,Bang Bamru,0,0,17:01,17:01,17:02,17:02,,
2025-10-12,ศาลายา,Sala Ya,0,2,17:22,17:22,17:23,17:25,,
2025-10-12,นครปฐม,Nakhon Pathom,3,3,17:48,17:51,17:50,17:53,,
2025-10-12,บ้านโป่ง,Ban Pong,3,3,18:08,18:11,18:09,18:12,,
2025-10-12,ราชบุรี,Ratchaburi,0,0,18:37,18:37,18:47,18:47,,
2025-10-12,เพชรบุรี,Phetchaburi,-5,0,19:30,19:25,19:31,19:31,,
2025-10-12,หัวหิน,Hua Hin,11,9,20:20,20:31,20:25,20:34,,
2025-10-12,ประจวบคีรีขันธ์,Prachuap Khiri Khan,-4,0,21:40,21:36,21:41,21:41,,
2025-10-12,ชุมพร,Chumphon,14,14,23:55,00:09,00:05,00:19,,
2025-10-12,สุราษฎร์ธานี,Surat Thani,39,39,02:20,02:59,02:23,03:02,,
2025-10-12,ชุมทางทุ่งสง,Thung Song Junction,45,43,04:08,04:53,04:18,05:01,,
2025-10-12,พัทลุง,Phatthalung,29,29,05:51,06:20,05:53,06:22,,
2025-10-12,ชุมทางหาดใหญ่,Hat Yai Junction,20,20,07:05,07:25,07:05,07:25,,
2025-10-13,กรุงเทพอภิวัฒน์,Bangkok (Krung Thep Aphiwat),-11,0,16:30,16:19,16:50,16:50,เนื่องจากผ่านพื้นที่ก่อสร้าง,due to Passing construction site
2025-10-13,บางบำหรุ,Bang Bamru,0,0,17:01,17:01,17:02,17:02,เนื่องจากผ่านพื้นที่ก่อสร้าง,due to Passing construction site
2025-10-13,ศาลายา,Sala Ya,0,0,17:22,17:22,17:23,17:23,เนื่องจากผ่านพื้นที่ก่อสร้าง,due to Passing construction site
2025-10-13,นครปฐม,Nakhon Pathom,1,1,17:48,17:49,17:50,17:51,เนื่องจากผ่านพื้นที่ก่อสร้าง,due to Passing construction site
2025-10-13,บ้านโป่ง,Ban Pong,176,176,18:08,21:04,18:09,21:05,เนื่องจากผ่านพื้นที่ก่อสร้าง,due to Passing construction site
2025-10-13,ราชบุรี,Ratchaburi,173,166,18:37,21:30,18:47,21:33,เนื่องจากผ่านพื้นที่ก่อสร้าง,due to Passing construction site
2025-10-13,เพชรบุรี,Phetchaburi,157,157,19:30,22:07,19:31,22:08,เนื่องจากผ่านพื้นที่ก่อสร้าง,due to Passing construction site
2025-10-13,หัวหิน,Hua Hin,164,161,20:20,23:04,20:25,23:06,เนื่องจากผ่านพื้นที่ก่อสร้าง,due to Passing construction site
2025-10-13,ประจวบคีรีขันธ์,Prachuap Khiri Khan,152,152,21:40,00:12,21:41,00:13,เนื่องจากผ่านพื้นที่ก่อสร้าง,due to Passing construction site
2025-10-13,ชุมพร,Chumphon,166,166,23:55,02:41,00:05,02:51,เนื่องจากผ่านพื้นที่ก่อสร้าง,due to Passing construction site
2025-10-13,สุราษฎร์ธานี,Surat Thani,171,171,02:20,05:11,02:23,05:14,เนื่องจากผ่านพื้นที่ก่อสร้าง,due to Passing construction site
2025-10-13,ชุมทางทุ่งสง,Thung Song Junction,162,160,04:08,06:50,04:18,06:58,เนื่องจากผ่านพื้นที่ก่อสร้าง,due to Passing construction site
2025-10-13,พัทลุง,Phatthalung,136,136,05:51,08:07,05:53,08:09,เนื่องจากผ่านพื้นที่ก่อสร้าง,due to Passing construction site
2025-10-13,ชุมทางหาดใหญ่,Hat Yai Junction,125,125,07:05,09:10,07:05,09:10,เนื่องจากผ่านพื้นที่ก่อสร้าง,due to Passing construction site
2025-10-14,กรุงเทพอภิวัฒน์,Bangkok (Krung Thep Aphiwat),-12,0,16:30,16:18,16:50,16:50,"เนื่องจากผ่านพื้นที่ก่อสร้าง, รอเปิดทาง, รอหลีกขบวนรถ","due to Passing construction site, Wait for track cleared, Wait for track cleared"
2025-10-14,บางบำหรุ,Bang Bamru,0,0,17:01,17:01,17:02,17:02,"เนื่องจากผ่านพื้นที่ก่อสร้าง, รอเปิดทาง, รอหลีกขบวนรถ","due to Passing construction site, Wait for track cleared, Wait for track cleared"
2025-10-14,ศาลายา,Sala Ya,0,0,17:22,17:22,17:23,17:23,"เนื่องจากผ่านพื้นที่ก่อสร้าง, รอเปิดทาง, รอหลีกขบวนรถ","due to Passing construction site, Wait for track cleared, Wait for track cleared"
2025-10-14,นครปฐม,Nakhon Pathom,2,2,17:48,17:50,17:50,17:52,"เนื่องจากผ่านพื้นที่ก่อสร้าง, รอเปิดทาง, รอหลีกขบวนรถ","due to Passing construction site, Wait for track cleared, Wait for track cleared"
2025-10-14,บ้านโป่ง,Ban Pong,2,2,18:08,18:10,18:09,18:11,"เนื่องจากผ่านพื้นที่ก่อสร้าง, รอเปิดทาง, รอหลีกขบวนรถ","due to Passing construction site, Wait for track cleared, Wait for track cleared"
2025-10-14,ราชบุรี,Ratchaburi,-2,0,18:37,18:35,18:47,18:47,"เนื่องจากผ่านพื้นที่ก่อสร้าง, รอเปิดทาง, รอหลีกขบวนรถ","due to Passing construction site, Wait for track cleared, Wait for track cleared"
2025-10-14,เพชรบุรี,Phetchaburi,-7,0,19:30,19:23,19:31,19:31,"เนื่องจากผ่านพื้นที่ก่อสร้าง, รอเปิดทาง, รอหลีกขบวนรถ","due to Passing construction site, Wait for track cleared, Wait for track cleared"
2025-10-14,หัวหิน,Hua Hin,-3,0,20:20,20:17,20:25,20:25,"เนื่องจากผ่านพื้นที่ก่อสร้าง, รอเปิดทาง, รอหลีกขบวนรถ","due to Passing construction site, Wait for track cleared, Wait for track cleared"
2025-10-14,ประจวบคีรีขันธ์,Prachuap Khiri Khan,14,25,21:40,21:54,21:41,22:06,"เนื่องจากผ่านพื้นที่ก่อสร้าง, รอเปิดทาง, รอหลีกขบวนรถ","due to Passing construction site, Wait for track cleared, Wait for track cleared"
2025-10-14,ชุมพร,Chumphon,41,41,23:55,00:36,00:05,00:46,"เนื่องจากผ่านพื้นที่ก่อสร้าง, รอเปิดทาง, รอหลีกขบวนรถ","due to Passing construction site, Wait for track cleared, Wait for track cleared"
2025-10-14,สุราษฎร์ธานี,Surat Thani,75,75,02:20,03:35,02:23,03:38,"เนื่องจากผ่านพื้นที่ก่อสร้าง, รอเปิดทาง, รอหลีกขบวนรถ","due to Passing construction site, Wait for track cleared, Wait for track cleared"
2025-10-14,ชุมทางทุ่งสง,Thung Song Junction,74,72,04:08,05:22,04:18,05:30,"เนื่องจากผ่านพื้นที่ก่อสร้าง, รอเปิดทาง, รอหลีกขบวนรถ","due to Passing construction site, Wait for track cleared, Wait for track cleared"
2025-10-14,พัทลุง,Phatthalung,56,56,05:51,06:47,05:53,06:49,"เนื่องจากผ่านพื้นที่ก่อสร้าง, รอเปิดทาง, รอหลีกขบวนรถ","due to Passing construction site, Wait for track cleared, Wait for track cleared"
2025-10-14,ชุมทางหาดใหญ่,Hat Yai Junction,52,52,07:05,07:57,07:05,07:57,"เนื่องจากผ่านพื้นที่ก่อสร้าง, รอเปิดทาง, รอหลีกขบวนรถ","due to Passing construction site, Wait for track cleared, Wait for track cleared"
2025-10-15,กรุงเทพอภิวัฒน์,Bangkok (Krung Thep Aphiwat),-11,0,16:30,16:19,16:50,16:50,,
2025-10-15,บางบำหรุ,Bang Bamru,0,0,17:01,17:01,17:02,17:02,,
2025-10-15,ศาลายา,Sala Ya,0,0,17:22,17:22,17:23,17:23,,
2025-10-15,นครปฐม,Nakhon Pathom,2,2,17:48,17:50,17:50,17:52,,
2025-10-15,บ้านโป่ง,Ban Pong,4,4,18:08,18:12,18:09,18:13,,
2025-10-15,ราชบุรี,Ratchaburi,0,0,18:37,18:37,18:47,18:47,,
2025-10-15,เพชรบุรี,Phetchaburi,-8,0,19:30,19:22,19:31,19:31,,
2025-10-15,หัวหิน,Hua Hin,7,7,20:20,20:27,20:25,20:32,,
2025-10-15,ประจวบคีรีขันธ์,Prachuap Khiri Khan,-2,0,21:40,21:38,21:41,21:41,,
2025-10-15,ชุมพร,Chumphon,2,2,23:55,23:57,00:05,00:07,,
2025-10-15,สุราษฎร์ธานี,Surat Thani,30,30,02:20,02:50,02:23,02:53,,
2025-10-15,ชุมทางทุ่งสง,Thung Song Junction,21,20,04:08,04:29,04:18,04:38,,
2025-10-15,พัทลุง,Phatthalung,0,0,05:51,05:51,05:53,05:53,,
2025-10-15,ชุมทางหาดใหญ่,Hat Yai Junction,0,0,07:05,07:05,07:05,07:05,,
2025-10-16,กรุงเทพอภิวัฒน์,Bangkok (Krung Thep Aphiwat),-9,0,16:30,16:21,16:50,16:50,,
2025-10-16,บางบำหรุ,Bang Bamru,0,0,17:01,17:01,17:02,17:02,,
2025-10-16,ศาลายา,Sala Ya,0,0,17:22,17:22,17:23,17:23,,
2025-10-16,นครปฐม,Nakhon Pathom,2,2,17:48,17:50,17:50,17:52,,
2025-10-16,บ้านโป่ง,Ban Pong,4,4,18:08,18:12,18:09,18:13,,
2025-10-16,ราชบุรี,Ratchaburi,3,0,18:37,18:40,18:47,18:47,,
2025-10-16,เพชรบุรี,Phetchaburi,-1,0,19:30,19:29,19:31,19:31,,
2025-10-16,หัวหิน,Hua Hin,2,0,20:20,20:22,20:25,20:25,,
2025-10-16,ประจวบคีรีขันธ์,Prachuap Khiri Khan,-10,0,21:40,21:30,21:41,21:41,,
2025-10-16,ชุมพร,Chumphon,-7,0,23:55,23:48,00:05,00:05,,
2025-10-16,สุราษฎร์ธานี,Surat Thani,38,38,02:20,02:58,02:23,03:01,,
2025-10-16,ชุมทางทุ่งสง,Thung Song Junction,31,31,04:08,04:39,04:18,04:49,,
2025-10-16,พัทลุง,Phatthalung,12,12,05:51,06:03,05:53,06:05,,
2025-10-16,ชุมทางหาดใหญ่,Hat Yai Junction,5,5,07:05,07:10,07:05,07:10,,
2025-10-17,กรุงเทพอภิวัฒน์,Bangkok (Krung Thep Aphiwat),48,38,16:30,17:18,16:50,17:28,,
2025-10-17,บางบำหรุ,Bang Bamru,37,39,17:01,17:38,17:02,17:41,,
2025-10-17,ศาลายา,Sala Ya,40,40,17:22,18:02,17:23,18:03,,
2025-10-17,นครปฐม,Nakhon Pathom,39,39,17:48,18:27,17:50,18:29,,
2025-10-17,บ้านโป่ง,Ban Pong,39,39,18:08,18:47,18:09,18:48,,
2025-10-17,ราชบุรี,Ratchaburi,38,32,18:37,19:15,18:47,19:19,,
2025-10-17,เพชรบุรี,Phetchaburi,26,26,19:30,19:56,19:31,19:57,,
2025-10-17,หัวหิน,Hua Hin,24,22,20:20,20:44,20:25,20:47,,
2025-10-17,ประจวบคีรีขันธ์,Prachuap Khiri Khan,8,8,21:40,21:48,21:41,21:49,,
2025-10-17,ชุมพร,Chumphon,11,12,23:55,00:06,00:05,00:17,,
2025-10-17,สุราษฎร์ธานี,Surat Thani,55,55,02:20,03:15,02:23,03:18,,
2025-10-17,ชุมทางทุ่งสง,Thung Song Junction,51,51,04:08,04:59,04:18,05:09,,
2025-10-17,พัทลุง,Phatthalung,30,30,05:51,06:21,05:53,06:23,,
2025-10-17,ชุมทางหาดใหญ่,Hat Yai Junction,17,17,07:05,07:22,07:05,07:22,,
2025-10-18,กรุงเทพอภิวัฒน์,Bangkok (Krung Thep Aphiwat),-10,0,16:30,16:20,16:50,16:50,,
2025-10-18,บางบำหรุ,Bang Bamru,1,1,17:01,17:02,17:02,17:03,,
2025-10-18,ศาลายา,Sala Ya,0,0,17:22,17:22,17:23,17:23,,
2025-10-18,นครปฐม,Nakhon Pathom,6,6,17:48,17:54,17:50,17:56,,
2025-10-18,บ้านโป่ง,Ban Pong,10,11,18:08,18:18,18:09,18:20,,
2025-10-18,ราชบุรี,Ratchaburi,13,6,18:37,18:50,18:47,18:53,,
2025-10-18,เพชรบุรี,Phetchaburi,0,0,19:30,19:30,19:31,19:31,,
2025-10-18,หัวหิน,Hua Hin,8,7,20:20,20:28,20:25,20:32,,
2025-10-18,ประจวบคีรีขันธ์,Prachuap Khiri Khan,-3,0,21:40,21:37,21:41,21:41,,
2025-10-18,ชุมพร,Chumphon,0,0,23:55,23:55,00:05,00:05,,
2025-10-18,สุราษฎร์ธานี,Surat Thani,40,40,02:20,03:00,02:23,03:03,,
2025-10-18,ชุมทางทุ่งสง,Thung Song Junction,36,36,04:08,04:44,04:18,04:54,,
2025-10-18,พัทลุง,Phatthalung,17,17,05:51,06:08,05:53,06:10,,
2025-10-18,ชุมทางหาดใหญ่,Hat Yai Junction,15,15,07:05,07:20,07:05,07:20,,
2025-10-19,กรุงเทพอภิวัฒน์,Bangkok (Krung Thep Aphiwat),-10,0,16:30,16:20,16:50,16:50,,
2025-10-19,บางบำหรุ,Bang Bamru,0,0,17:01,17:01,17:02,17:02,,
2025-10-19,ศาลายา,Sala Ya,0,0,17:22,17:22,17:23,17:23,,
2025-10-19,นครปฐม,Nakhon Pathom,1,1,17:48,17:49,17:50,17:51,,
2025-10-19,บ้านโป่ง,Ban Pong,1,1,18:08,18:09,18:09,18:10,,
2025-10-19,ราชบุรี,Ratchaburi,-3,0,18:37,18:34,18:47,18:47,,
2025-10-19,เพชรบุรี,Phetchaburi,-10,0,19:30,19:20,19:31,19:31,,
2025-10-19,หัวหิน,Hua Hin,9,7,20:20,20:29,20:25,20:32,,
2025-10-19,ประจวบคีรีขันธ์,Prachuap Khiri Khan,-7,0,21:40,21:33,21:41,21:41,,
2025-10-19,ชุมพร,Chumphon,-12,0,23:55,23:43,00:05,00:05,,
2025-10-19,สุราษฎร์ธานี,Surat Thani,26,26,02:20,02:46,02:23,02:49,,
2025-10-19,ชุมทางทุ่งสง,Thung Song Junction,20,20,04:08,04:28,04:18,04:38,,
2025-10-19,พัทลุง,Phatthalung,0,0,05:51,05:51,05:53,05:53,,
2025-10-19,ชุมทางหาดใหญ่,Hat Yai Junction,3,3,07:05,07:08,07:05,07:08,,
2025-10-20,กรุงเทพอภิวัฒน์,Bangkok (Krung Thep Aphiwat),-11,0,16:30,16:19,16:50,16:50,,
2025-10-20,บางบำหรุ,Bang Bamru,0,0,17:01,17:01,17:02,17:02,,
2025-10-20,ศาลายา,Sala Ya,0,0,17:22,17:22,17:23,17:23,,
2025-10-20,นครปฐม,Nakhon Pathom,2,2,17:48,17:50,17:50,17:52,,
2025-10-20,บ้านโป่ง,Ban Pong,2,2,18:08,18:10,18:09,18:11,,
2025-10-20,ราชบุรี,Ratchaburi,0,0,18:37,18:37,18:47,18:47,,
2025-10-20,เพชรบุรี,Phetchaburi,-8,0,19:30,19:22,19:31,19:31,,
2025-10-20,หัวหิน,Hua Hin,11,9,20:20,20:31,20:25,20:34,,
2025-10-20,ประจวบคีรีขันธ์,Prachuap Khiri Khan,2,2,21:40,21:42,21:41,21:43,,
2025-10-20,ชุมพร,Chumphon,14,14,23:55,00:09,00:05,00:19,,
2025-10-20,สุราษฎร์ธานี,Surat Thani,47,47,02:20,03:07,02:23,03:10,,
2025-10-20,ชุมทางทุ่งสง,Thung Song Junction,34,33,04:08,04:42,04:18,04:51,,
2025-10-20,พัทลุง,Phatthalung,9,9,05:51,06:00,05:53,06:02,,
2025-10-20,ชุมทางหาดใหญ่,Hat Yai Junction,0,0,07:05,07:05,07:05,07:05,,
2025-10-21,กรุงเทพอภิวัฒน์,Bangkok (Krung Thep Aphiwat),-9,0,16:30,16:21,16:50,16:50,,
2025-10-21,บางบำหรุ,Bang Bamru,0,0,17:01,17:01,17:02,17:02,,
2025-10-21,ศาลายา,Sala Ya,0,0,17:22,17:22,17:23,17:23,,
2025-10-21,นครปฐม,Nakhon Pathom,1,1,17:48,17:49,17:50,17:51,,
2025-10-21,บ้านโป่ง,Ban Pong,3,3,18:08,18:11,18:09,18:12,,
2025-10-21,ราชบุรี,Ratchaburi,0,0,18:37,18:37,18:47,18:47,,
2025-10-21,เพชรบุรี,Phetchaburi,-4,0,19:30,19:26,19:31,19:31,,
2025-10-21,หัวหิน,Hua Hin,5,4,20:20,20:25,20:25,20:29,,
2025-10-21,ประจวบคีรีขันธ์,Prachuap Khiri Khan,0,0,21:40,21:40,21:41,21:41,,
2025-10-21,ชุมพร,Chumphon,20,20,23:55,00:15,00:05,00:25,,
2025-10-21,สุราษฎร์ธานี,Surat Thani,47,47,02:20,03:07,02:23,03:10,,
2025-10-21,ชุมทางทุ่งสง,Thung Song Junction,51,51,04:08,04:59,04:18,05:09,,
2025-10-21,พัทลุง,Phatthalung,31,31,05:51,06:22,05:53,06:24,,
2025-10-21,ชุมทางหาดใหญ่,Hat Yai Junction,17,17,07:05,07:22,07:05,07:22,,
2025-10-22,กรุงเทพอภิวัฒน์,Bangkok (Krung Thep Aphiwat),-20,5,16:30,16:10,16:50,16:55,,
2025-10-22,บางบำหรุ,Bang Bamru,5,5,17:01,17:06,17:02,17:07,,
2025-10-22,ศาลายา,Sala Ya,2,2,17:22,17:24,17:23,17:25,,
2025-10-22,นครปฐม,Nakhon Pathom,0,0,17:48,17:48,17:50,17:50,,
2025-10-22,บ้านโป่ง,Ban Pong,0,0,18:08,18:08,18:09,18:09,,
2025-10-22,ราชบุรี,Ratchaburi,-3,0,18:37,18:34,18:47,18:47,,
2025-10-22,เพชรบุรี,Phetchaburi,-5,0,19:30,19:25,19:31,19:31,,
2025-10-22,หัวหิน,Hua Hin,5,6,20:20,20:25,20:25,20:31,,
2025-10-22,ประจวบคีรีขันธ์,Prachuap Khiri Khan,-9,0,21:40,21:31,21:41,21:41,,
2025-10-22,ชุมพร,Chumphon,-10,0,23:55,23:45,00:05,00:05,,
2025-10-22,สุราษฎร์ธานี,Surat Thani,35,35,02:20,02:55,02:23,02:58,,
2025-10-22,ชุมทางทุ่งสง,Thung Song Junction,22,22,04:08,04:30,04:18,04:40,,
2025-10-22,พัทลุง,Phatthalung,4,4,05:51,05:55,05:53,05:57,,
2025-10-22,ชุมทางหาดใหญ่,Hat Yai Junction,0,0,07:05,07:05,07:05,07:05,,
2025-10-23,กรุงเทพอภิวัฒน์,Bangkok (Krung Thep Aphiwat),-10,0,16:30,16:20,16:50,16:50,,
2025-10-23,บางบำหรุ,Bang Bamru,0,0,17:01,17:01,17:02,17:02,,
2025-10-23,ศาลายา,Sala Ya,0,0,17:22,17:22,17:23,17:23,,
2025-10-23,นครปฐม,Nakhon Pathom,4,4,17:48,17:52,17:50,17:54,,
2025-10-23,บ้านโป่ง,Ban Pong,7,7,18:08,18:15,18:09,18:16,,
2025-10-23,ราชบุรี,Ratchaburi,6,0,18:37,18:43,18:47,18:47,,
2025-10-23,เพชรบุรี,Phetchaburi,-3,0,19:30,19:27,19:31,19:31,,
2025-10-23,หัวหิน,Hua Hin,16,16,20:20,20:36,20:25,20:41,,
2025-10-23,ประจวบคีรีขันธ์,Prachuap Khiri Khan,7,7,21:40,21:47,21:41,21:48,,
2025-10-23,ชุมพร,Chumphon,13,25,23:55,00:08,00:05,00:30,,
2025-10-23,สุราษฎร์ธานี,Surat Thani,43,43,02:20,03:03,02:23,03:06,,
2025-10-23,ชุมทางทุ่งสง,Thung Song Junction,33,33,04:08,04:41,04:18,04:51,,
2025-10-23,พัทลุง,Phatthalung,14,14,05:51,06:05,05:53,06:07,,
2025-10-23,ชุมทางหาดใหญ่,Hat Yai Junction,7,7,07:05,07:12,07:05,07:12,,
2025-10-24,กรุงเทพอภิวัฒน์,Bangkok (Krung Thep Aphiwat),-10,0,16:30,16:20,16:50,16:50,,
2025-10-24,บางบำหรุ,Bang Bamru,0,0,17:01,17:01,17:02,17:02,,
2025-10-24,ศาลายา,Sala Ya,0,0,17:22,17:22,17:23,17:23,,
2025-10-24,นครปฐม,Nakhon Pathom,0,0,17:48,17:48,17:50,17:50,,
2025-10-24,บ้านโป่ง,Ban Pong,2,2,18:08,18:10,18:09,18:11,,
2025-10-24,ราชบุรี,Ratchaburi,1,0,18:37,18:38,18:47,18:47,,
2025-10-24,เพชรบุรี,Phetchaburi,-5,0,19:30,19:25,19:31,19:31,,
2025-10-24,หัวหิน,Hua Hin,1,0,20:20,20:21,20:25,20:25,,
2025-10-24,ประจวบคีรีขันธ์,Prachuap Khiri Khan,-11,0,21:40,21:29,21:41,21:41,,
2025-10-24,ชุมพร,Chumphon,11,9,23:55,00:06,00:05,00:14,,
2025-10-24,สุราษฎร์ธานี,Surat Thani,48,48,02:20,03:08,02:23,03:11,,
2025-10-24,ชุมทางทุ่งสง,Thung Song Junction,37,35,04:08,04:45,04:18,04:53,,
2025-10-24,พัทลุง,Phatthalung,23,23,05:51,06:14,05:53,06:16,,
2025-10-24,ชุมทางหาดใหญ่,Hat Yai Junction,17,17,07:05,07:22,07:05,07:22,,
2025-10-25,กรุงเทพอภิวัฒน์,Bangkok (Krung Thep Aphiwat),-9,0,16:30,16:21,16:50,16:50,,
2025-10-25,บางบำหรุ,Bang Bamru,0,0,17:01,17:01,17:02,17:02,,
2025-10-25,ศาลายา,Sala Ya,0,0,17:22,17:22,17:23,17:23,,
2025-10-25,นครปฐม,Nakhon Pathom,2,2,17:48,17:50,17:50,17:52,,
2025-10-25,บ้านโป่ง,Ban Pong,2,2,18:08,18:10,18:09,18:11,,
2025-10-25,ราชบุรี,Ratchaburi,-1,0,18:37,18:36,18:47,18:47,,
2025-10-25,เพชรบุรี,Phetchaburi,-8,0,19:30,19:22,19:31,19:31,,
2025-10-25,หัวหิน,Hua Hin,4,2,20:20,20:24,20:25,20:27,,
2025-10-25,ประจวบคีรีขันธ์,Prachuap Khiri Khan,-10,0,21:40,21:30,21:41,21:41,,
2025-10-25,ชุมพร,Chumphon,2,14,23:55,23:57,00:05,00:19,,
2025-10-25,สุราษฎร์ธานี,Surat Thani,51,51,02:20,03:11,02:23,03:14,,
2025-10-25,ชุมทางทุ่งสง,Thung Song Junction,52,52,04:08,05:00,04:18,05:10,,
2025-10-25,พัทลุง,Phatthalung,24,24,05:51,06:15,05:53,06:17,,
2025-10-25,ชุมทางหาดใหญ่,Hat Yai Junction,11,11,07:05,07:16,07:05,07:16,,
2025-10-26,กรุงเทพอภิวัฒน์,Bangkok (Krung Thep Aphiwat),-11,0,16:30,16:19,16:50,16:50,,
2025-10-26,บางบำหรุ,Bang Bamru,0,0,17:01,17:01,17:02,17:02,,
2025-10-26,ศาลายา,Sala Ya,0,0,17:22,17:22,17:23,17:23,,
2025-10-26,นครปฐม,Nakhon Pathom,2,2,17:48,17:50,17:50,17:52,,
2025-10-26,บ้านโป่ง,Ban Pong,3,3,18:08,18:11,18:09,18:12,,
2025-10-26,ราชบุรี,Ratchaburi,0,0,18:37,18:37,18:47,18:47,,
2025-10-26,เพชรบุรี,Phetchaburi,-8,0,19:30,19:22,19:31,19:31,,
2025-10-26,หัวหิน,Hua Hin,2,0,20:20,20:22,20:25,20:25,,
2025-10-26,ประจวบคีรีขันธ์,Prachuap Khiri Khan,-7,0,21:40,21:33,21:41,21:41,,
2025-10-26,ชุมพร,Chumphon,0,0,23:55,23:55,00:05,00:05,,
2025-10-26,สุราษฎร์ธานี,Surat Thani,33,33,02:20,02:53,02:23,02:56,,
2025-10-26,ชุมทางทุ่งสง,Thung Song Junction,28,26,04:08,04:36,04:18,04:44,,
2025-10-26,พัทลุง,Phatthalung,12,12,05:51,06:03,05:53,06:05,,
2025-10-26,ชุมทางหาดใหญ่,Hat Yai Junction,10,10,07:05,07:15,07:05,07:15,,
2025-10-27,กรุงเทพอภิวัฒน์,Bangkok (Krung Thep Aphiwat),-10,0,16:30,16:20,16:50,16:50,,
2025-10-27,บางบำหรุ,Bang Bamru,0,0,17:01,17:01,17:02,17:02,,
2025-10-27,ศาลายา,Sala Ya,0,0,17:22,17:22,17:23,17:23,,
2025-10-27,นครปฐม,Nakhon Pathom,0,0,17:48,17:48,17:50,17:50,,
2025-10-27,บ้านโป่ง,Ban Pong,2,2,18:08,18:10,18:09,18:11,,
2025-10-27,ราชบุรี,Ratchaburi,-3,0,18:37,18:34,18:47,18:47,,
2025-10-27,เพชรบุรี,Phetchaburi,-8,0,19:30,19:22,19:31,19:31,,
2025-10-27,หัวหิน,Hua Hin,8,6,20:20,20:28,20:25,20:31,,
2025-10-27,ประจวบคีรีขันธ์,Prachuap Khiri Khan,-8,0,21:40,21:32,21:41,21:41,,
2025-10-27,ชุมพร,Chumphon,-7,0,23:55,23:48,00:05,00:05,,
2025-10-27,สุราษฎร์ธานี,Surat Thani,67,67,02:20,03:27,02:23,03:30,,
2025-10-27,ชุมทางทุ่งสง,Thung Song Junction,53,51,04:08,05:01,04:18,05:09,,
2025-10-27,พัทลุง,Phatthalung,27,27,05:51,06:18,05:53,06:20,,
2025-10-27,ชุมทางหาดใหญ่,Hat Yai Junction,18,18,07:05,07:23,07:05,07:23,,
2025-10-28,กรุงเทพอภิวัฒน์,Bangkok (Krung Thep Aphiwat),-11,0,16:30,16:19,16:50,16:50,"เนื่องจากผ่านพื้นที่ก่อสร้าง, รอหลีกขบวนรถ","due to Passing construction site, Wait for track cleared"
2025-10-28,บางบำหรุ,Bang Bamru,0,0,17:01,17:01,17:02,17:02,"เนื่องจากผ่านพื้นที่ก่อสร้าง, รอหลีกขบวนรถ","due to Passing construction site, Wait for track cleared"
2025-10-28,ศาลายา,Sala Ya,0,0,17:22,17:22,17:23,17:23,"เนื่องจากผ่านพื้นที่ก่อสร้าง, รอหลีกขบวนรถ","due to Passing construction site, Wait for track cleared"
2025-10-28,นครปฐม,Nakhon Pathom,0,0,17:48,17:48,17:50,17:50,"เนื่องจากผ่านพื้นที่ก่อสร้าง, รอหลีกขบวนรถ","due to Passing construction site, Wait for track cleared"
2025-10-28,บ้านโป่ง,Ban Pong,0,0,18:08,18:08,18:09,18:09,"เนื่องจากผ่านพื้นที่ก่อสร้าง, รอหลีกขบวนรถ","due to Passing construction site, Wait for track cleared"
2025-10-28,ราชบุรี,Ratchaburi,-4,0,18:37,18:33,18:47,18:47,"เนื่องจากผ่านพื้นที่ก่อสร้าง, รอหลีกขบวนรถ","due to Passing construction site, Wait for track cleared"
2025-10-28,เพชรบุรี,Phetchaburi,-9,0,19:30,19:21,19:31,19:31,"เนื่องจากผ่านพื้นที่ก่อสร้าง, รอหลีกขบวนรถ","due to Passing construction site, Wait for track cleared"
2025-10-28,หัวหิน,Hua Hin,2,0,20:20,20:22,20:25,20:25,"เนื่องจากผ่านพื้นที่ก่อสร้าง, รอหลีกขบวนรถ","due to Passing construction site, Wait for track cleared"
2025-10-28,ประจวบคีรีขันธ์,Prachuap Khiri Khan,-6,0,21:40,21:34,21:41,21:41,"เนื่องจากผ่านพื้นที่ก่อสร้าง, รอหลีกขบวนรถ","due to Passing construction site, Wait for track cleared"
2025-10-28,ชุมพร,Chumphon,2,5,23:55,23:57,00:05,00:10,"เนื่องจากผ่านพื้นที่ก่อสร้าง, รอหลีกขบวนรถ","due to Passing construction site, Wait for track cleared"
2025-10-28,สุราษฎร์ธานี,Surat Thani,52,52,02:20,03:12,02:23,03:15,"เนื่องจากผ่านพื้นที่ก่อสร้าง, รอหลีกขบวนรถ","due to Passing construction site, Wait for track cleared"
2025-10-28,ชุมทางทุ่งสง,Thung Song Junction,54,51,04:08,05:02,04:18,05:09,"เนื่องจากผ่านพื้นที่ก่อสร้าง, รอหลีกขบวนรถ","due to Passing construction site, Wait for track cleared"
2025-10-28,พัทลุง,Phatthalung,34,34,05:51,06:25,05:53,06:27,"เนื่องจากผ่านพื้นที่ก่อสร้าง, รอหลีกขบวนรถ","due to Passing construction site, Wait for track cleared"
2025-10-28,ชุมทางหาดใหญ่,Hat Yai Junction,30,30,07:05,07:35,07:05,07:35,"เนื่องจากผ่านพื้นที่ก่อสร้าง, รอหลีกขบวนรถ","due to Passing construction site, Wait for track cleared"
2025-10-29,กรุงเทพอภิวัฒน์,Bangkok (Krung Thep Aphiwat),-11,0,16:30,16:19,16:50,16:50,"เนื่องจากผ่านพื้นที่ก่อสร้าง, รอหลีกขบวนรถ","due to Passing construction site, Wait for track cleared"
2025-10-29,บางบำหรุ,Bang Bamru,0,2,17:01,17:01,17:02,17:04,"เนื่องจากผ่านพื้นที่ก่อสร้าง, รอหลีกขบวนรถ","due to Passing construction site, Wait for track cleared"
2025-10-29,ศาลายา,Sala Ya,0,1,17:22,17:22,17:23,17:24,"เนื่องจากผ่านพื้นที่ก่อสร้าง, รอหลีกขบวนรถ","due to Passing construction site, Wait for track cleared"
2025-10-29,นครปฐม,Nakhon Pathom,4,4,17:48,17:52,17:50,17:54,"เนื่องจากผ่านพื้นที่ก่อสร้าง, รอหลีกขบวนรถ","due to Passing construction site, Wait for track cleared"
2025-10-29,บ้านโป่ง,Ban Pong,4,4,18:08,18:12,18:09,18:13,"เนื่องจากผ่านพื้นที่ก่อสร้าง, รอหลีกขบวนรถ","due to Passing construction site, Wait for track cleared"
2025-10-29,ราชบุรี,Ratchaburi,0,0,18:37,18:37,18:47,18:47,"เนื่องจากผ่านพื้นที่ก่อสร้าง, รอหลีกขบวนรถ","due to Passing construction site, Wait for track cleared"
2025-10-29,เพชรบุรี,Phetchaburi,-8,0,19:30,19:22,19:31,19:31,"เนื่องจากผ่านพื้นที่ก่อสร้าง, รอหลีกขบวนรถ","due to Passing construction site, Wait for track cleared"
2025-10-29,หัวหิน,Hua Hin,9,7,20:20,20:29,20:25,20:32,"เนื่องจากผ่านพื้นที่ก่อสร้าง, รอหลีกขบวนรถ","due to Passing construction site, Wait for track cleared"
2025-10-29,ประจวบคีรีขันธ์,Prachuap Khiri Khan,1,1,21:40,21:41,21:41,21:42,"เนื่องจากผ่านพื้นที่ก่อสร้าง, รอหลีกขบวนรถ","due to Passing construction site, Wait for track cleared"
2025-10-29,ชุมพร,Chumphon,12,14,23:55,00:07,00:05,00:19,"เนื่องจากผ่านพื้นที่ก่อสร้าง, รอหลีกขบวนรถ","due to Passing construction site, Wait for track cleared"
2025-10-29,สุราษฎร์ธานี,Surat Thani,55,55,02:20,03:15,02:23,03:18,"เนื่องจากผ่านพื้นที่ก่อสร้าง, รอหลีกขบวนรถ","due to Passing construction site, Wait for track cleared"
2025-10-29,ชุมทางทุ่งสง,Thung Song Junction,50,48,04:08,04:58,04:18,05:06,"เนื่องจากผ่านพื้นที่ก่อสร้าง, รอหลีกขบวนรถ","due to Passing construction site, Wait for track cleared"
2025-10-29,พัทลุง,Phatthalung,31,31,05:51,06:22,05:53,06:24,"เนื่องจากผ่านพื้นที่ก่อสร้าง, รอหลีกขบวนรถ","due to Passing construction site, Wait for track cleared"
2025-10-29,ชุมทางหาดใหญ่,Hat Yai Junction,35,35,07:05,07:40,07:05,07:40,"เนื่องจากผ่านพื้นที่ก่อสร้าง, รอหลีกขบวนรถ","due to Passing construction site, Wait for track cleared"
2025-10-30,กรุงเทพอภิวัฒน์,Bangkok (Krung Thep Aphiwat),-10,0,16:30,16:20,16:50,16:50,,
2025-10-30,บางบำหรุ,Bang Bamru,0,0,17:01,17:01,17:02,17:02,,
2025-10-30,ศาลายา,Sala Ya,0,0,17:22,17:22,17:23,17:23,,
2025-10-30,นครปฐม,Nakhon Pathom,1,1,17:48,17:49,17:50,17:51,,
2025-10-30,บ้านโป่ง,Ban Pong,0,0,18:08,18:08,18:09,18:09,,
2025-10-30,ราชบุรี,Ratchaburi,-2,0,18:37,18:35,18:47,18:47,,
2025-10-30,เพชรบุรี,Phetchaburi,-7,0,19:30,19:23,19:31,19:31,,
2025-10-30,หัวหิน,Hua Hin,6,3,20:20,20:26,20:25,20:28,,
2025-10-30,ประจวบคีรีขันธ์,Prachuap Khiri Khan,-8,0,21:40,21:32,21:41,21:41,,
2025-10-30,ชุมพร,Chumphon,-4,4,23:55,23:51,00:05,00:09,,
2025-10-30,สุราษฎร์ธานี,Surat Thani,39,39,02:20,02:59,02:23,03:02,,
2025-10-30,ชุมทางทุ่งสง,Thung Song Junction,41,39,04:08,04:49,04:18,04:57,,
2025-10-30,พัทลุง,Phatthalung,21,21,05:51,06:12,05:53,06:14,,
2025-10-30,ชุมทางหาดใหญ่,Hat Yai Junction,17,17,07:05,07:22,07:05,07:22,,
2025-10-31,กรุงเทพอภิวัฒน์,Bangkok (Krung Thep Aphiwat),-10,0,16:30,16:20,16:50,16:50,"เนื่องจากผ่านพื้นที่ก่อสร้าง, รอหลีกขบวนรถ","due to Passing construction site, Wait for track cleared"
2025-10-31,บางบำหรุ,Bang Bamru,0,0,17:01,17:01,17:02,17:02,"เนื่องจากผ่านพื้นที่ก่อสร้าง, รอหลีกขบวนรถ","due to Passing construction site, Wait for track cleared"
2025-10-31,ศาลายา,Sala Ya,0,0,17:22,17:22,17:23,17:23,"เนื่องจากผ่านพื้นที่ก่อสร้าง, รอหลีกขบวนรถ","due to Passing construction site, Wait for track cleared"
2025-10-31,นครปฐม,Nakhon Pathom,0,0,17:48,17:48,17:50,17:50,"เนื่องจากผ่านพื้นที่ก่อสร้าง, รอหลีกขบวนรถ","due to Passing construction site, Wait for track cleared"
2025-10-31,บ้านโป่ง,Ban Pong,2,2,18:08,18:10,18:09,18:11,"เนื่องจากผ่านพื้นที่ก่อสร้าง, รอหลีกขบวนรถ","due to Passing construction site, Wait for track cleared"
2025-10-31,ราชบุรี,Ratchaburi,0,0,18:37,18:37,18:47,18:47,"เนื่องจากผ่านพื้นที่ก่อสร้าง, รอหลีกขบวนรถ","due to Passing construction site, Wait for track cleared"
2025-10-31,เพชรบุรี,Phetchaburi,-4,0,19:30,19:26,19:31,19:31,"เนื่องจากผ่านพื้นที่ก่อสร้าง, รอหลีกขบวนรถ","due to Passing construction site, Wait for track cleared"
2025-10-31,หัวหิน,Hua Hin,2,2,20:20,20:22,20:25,20:27,"เนื่องจากผ่านพื้นที่ก่อสร้าง, รอหลีกขบวนรถ","due to Passing construction site, Wait for track cleared"
2025-10-31,ประจวบคีรีขันธ์,Prachuap Khiri Khan,-8,0,21:40,21:32,21:41,21:41,"เนื่องจากผ่านพื้นที่ก่อสร้าง, รอหลีกขบวนรถ","due to Passing construction site, Wait for track cleared"
2025-10-31,ชุมพร,Chumphon,3,6,23:55,23:58,00:05,00:11,"เนื่องจากผ่านพื้นที่ก่อสร้าง, รอหลีกขบวนรถ","due to Passing construction site, Wait for track cleared"
2025-10-31,สุราษฎร์ธานี,Surat Thani,59,59,02:20,03:19,02:23,03:22,"เนื่องจากผ่านพื้นที่ก่อสร้าง, รอหลีกขบวนรถ","due to Passing construction site, Wait for track cleared"
2025-10-31,ชุมทางทุ่งสง,Thung Song Junction,55,54,04:08,05:03,04:18,05:12,"เนื่องจากผ่านพื้นที่ก่อสร้าง, รอหลีกขบวนรถ","due to Passing construction site, Wait for track cleared"
2025-10-31,พัทลุง,Phatthalung,34,34,05:51,06:25,05:53,06:27,"เนื่องจากผ่านพื้นที่ก่อสร้าง, รอหลีกขบวนรถ","due to Passing construction site, Wait for track cleared"
2025-10-31,ชุมทางหาดใหญ่,Hat Yai Junction,30,30,07:05,07:35,07:05,07:35,"เนื่องจากผ่านพื้นที่ก่อสร้าง, รอหลีกขบวนรถ","due to Passing construction site, Wait for track cleared"
2025-11-01,กรุงเทพอภิวัฒน์,Bangkok (Krung Thep Aphiwat),-11,0,16:30,16:19,16:50,16:50,"เนื่องจากผ่านพื้นที่ก่อสร้าง, รอหลีกขบวนรถ","due to Passing construction site, Wait for track cleared"
2025-11-01,บางบำหรุ,Bang Bamru,1,1,17:01,17:02,17:02,17:03,"เนื่องจากผ่านพื้นที่ก่อสร้าง, รอหลีกขบวนรถ","due to Passing construction site, Wait for track cleared"
2025-11-01,ศาลายา,Sala Ya,1,1,17:22,17:23,17:23,17:24,"เนื่องจากผ่านพื้นที่ก่อสร้าง, รอหลีกขบวนรถ","due to Passing construction site, Wait for track cleared"
2025-11-01,นครปฐม,Nakhon Pathom,6,6,17:48,17:54,17:50,17:56,"เนื่องจากผ่านพื้นที่ก่อสร้าง, รอหลีกขบวนรถ","due to Passing construction site, Wait for track cleared"
2025-11-01,บ้านโป่ง,Ban Pong,7,7,18:08,18:15,18:09,18:16,"เนื่องจากผ่านพื้นที่ก่อสร้าง, รอหลีกขบวนรถ","due to Passing construction site, Wait for track cleared"
2025-11-01,ราชบุรี,Ratchaburi,7,0,18:37,18:44,18:47,18:47,"เนื่องจากผ่านพื้นที่ก่อสร้าง, รอหลีกขบวนรถ","due to Passing construction site, Wait for track cleared"
2025-11-01,เพชรบุรี,Phetchaburi,-2,0,19:30,19:28,19:31,19:31,"เนื่องจากผ่านพื้นที่ก่อสร้าง, รอหลีกขบวนรถ","due to Passing construction site, Wait for track cleared"
2025-11-01,หัวหิน,Hua Hin,15,13,20:20,20:35,20:25,20:38,"เนื่องจากผ่านพื้นที่ก่อสร้าง, รอหลีกขบวนรถ","due to Passing construction site, Wait for track cleared"
2025-11-01,ประจวบคีรีขันธ์,Prachuap Khiri Khan,9,9,21:40,21:49,21:41,21:50,"เนื่องจากผ่านพื้นที่ก่อสร้าง, รอหลีกขบวนรถ","due to Passing construction site, Wait for track cleared"
2025-11-01,ชุมพร,Chumphon,19,19,23:55,00:14,00:05,00:24,"เนื่องจากผ่านพื้นที่ก่อสร้าง, รอหลีกขบวนรถ","due to Passing construction site, Wait for track cleared"
2025-11-01,สุราษฎร์ธานี,Surat Thani,55,54,02:20,03:15,02:23,03:17,"เนื่องจากผ่านพื้นที่ก่อสร้าง, รอหลีกขบวนรถ","due to Passing construction site, Wait for track cleared"
2025-11-01,ชุมทางทุ่งสง,Thung Song Junction,52,52,04:08,05:00,04:18,05:10,"เนื่องจากผ่านพื้นที่ก่อสร้าง, รอหลีกขบวนรถ","due to Passing construction site, Wait for track cleared"
2025-11-01,พัทลุง,Phatthalung,37,37,05:51,06:28,05:53,06:30,"เนื่องจากผ่านพื้นที่ก่อสร้าง, รอหลีกขบวนรถ","due to Passing construction site, Wait for track cleared"
2025-11-01,ชุมทางหาดใหญ่,Hat Yai Junction,34,34,07:05,07:39,07:05,07:39,"เนื่องจากผ่านพื้นที่ก่อสร้าง, รอหลีกขบวนรถ","due to Passing construction site, Wait for track cleared"
2025-11-02,กรุงเทพอภิวัฒน์,Bangkok (Krung Thep Aphiwat),-11,0,16:30,16:19,16:50,16:50,,
2025-11-02,บางบำหรุ,Bang Bamru,0,0,17:01,17:01,17:02,17:02,,
2025-11-02,ศาลายา,Sala Ya,0,0,17:22,17:22,17:23,17:23,,
2025-11-02,นครปฐม,Nakhon Pathom,1,1,17:48,17:49,17:50,17:51,,
2025-11-02,บ้านโป่ง,Ban Pong,1,1,18:08,18:09,18:09,18:10,,
2025-11-02,ราชบุรี,Ratchaburi,0,0,18:37,18:37,18:47,18:47,,
2025-11-02,เพชรบุรี,Phetchaburi,-6,0,19:30,19:24,19:31,19:31,,
2025-11-02,หัวหิน,Hua Hin,7,5,20:20,20:27,20:25,20:30,,
2025-11-02,ประจวบคีรีขันธ์,Prachuap Khiri Khan,-7,0,21:40,21:33,21:41,21:41,,
2025-11-02,ชุมพร,Chumphon,-9,10,23:55,23:46,00:05,00:15,,
2025-11-02,สุราษฎร์ธานี,Surat Thani,41,41,02:20,03:01,02:23,03:04,,
2025-11-02,ชุมทางทุ่งสง,Thung Song Junction,39,37,04:08,04:47,04:18,04:55,,
2025-11-02,พัทลุง,Phatthalung,16,16,05:51,06:07,05:53,06:09,,
2025-11-02,ชุมทางหาดใหญ่,Hat Yai Junction,15,15,07:05,07:20,07:05,07:20,,
2025-11-03,กรุงเทพอภิวัฒน์,Bangkok (Krung Thep Aphiwat),-22,0,16:30,16:08,16:50,16:50,,
2025-11-03,บางบำหรุ,Bang Bamru,0,0,17:01,17:01,17:02,17:02,,
2025-11-03,ศาลายา,Sala Ya,0,0,17:22,17:22,17:23,17:23,,
2025-11-03,นครปฐม,Nakhon Pathom,3,3,17:48,17:51,17:50,17:53,,
2025-11-03,บ้านโป่ง,Ban Pong,4,4,18:08,18:12,18:09,18:13,,
2025-11-03,ราชบุรี,Ratchaburi,2,0,18:37,18:39,18:47,18:47,,
2025-11-03,เพชรบุรี,Phetchaburi,-6,0,19:30,19:24,19:31,19:31,,
2025-11-03,หัวหิน,Hua Hin,9,8,20:20,20:29,20:25,20:33,,
2025-11-03,ประจวบคีรีขันธ์,Prachuap Khiri Khan,-5,0,21:40,21:35,21:41,21:41,,
2025-11-03,ชุมพร,Chumphon,-10,0,23:55,23:45,00:05,00:05,,
2025-11-03,สุราษฎร์ธานี,Surat Thani,29,29,02:20,02:49,02:23,02:52,,
2025-11-03,ชุมทางทุ่งสง,Thung Song Junction,19,19,04:08,04:27,04:18,04:37,,
2025-11-03,พัทลุง,Phatthalung,0,0,05:51,05:51,05:53,05:53,,
2025-11-03,ชุมทางหาดใหญ่,Hat Yai Junction,0,0,07:05,07:05,07:05,07:05,,
2025-11-04,กรุงเทพอภิวัฒน์,Bangkok (Krung Thep Aphiwat),-8,0,16:30,16:22,16:50,16:50,,
2025-11-04,บางบำหรุ,Bang Bamru,0,0,17:01,17:01,17:02,17:02,,
2025-11-04,ศาลายา,Sala Ya,0,0,17:22,17:22,17:23,17:23,,
2025-11-04,นครปฐม,Nakhon Pathom,2,2,17:48,17:50,17:50,17:52,,
2025-11-04,บ้านโป่ง,Ban Pong,2,2,18:08,18:10,18:09,18:11,,
2025-11-04,ราชบุรี,Ratchaburi,0,0,18:37,18:37,18:47,18:47,,
2025-11-04,เพชรบุรี,Phetchaburi,-6,0,19:30,19:24,19:31,19:31,,
2025-11-04,หัวหิน,Hua Hin,8,6,20:20,20:28,20:25,20:31,,
2025-11-04,ประจวบคีรีขันธ์,Prachuap Khiri Khan,-1,0,21:40,21:39,21:41,21:41,,
2025-11-04,ชุมพร,Chumphon,6,12,23:55,00:01,00:05,00:17,,
2025-11-04,สุราษฎร์ธานี,Surat Thani,47,47,02:20,03:07,02:23,03:10,,
2025-11-04,ชุมทางทุ่งสง,Thung Song Junction,43,42,04:08,04:51,04:18,05:00,,
2025-11-04,พัทลุง,Phatthalung,22,22,05:51,06:13,05:53,06:15,,
2025-11-04,ชุมทางหาดใหญ่,Hat Yai Junction,18,18,07:05,07:23,07:05,07:23,,
2025-11-05,กรุงเทพอภิวัฒน์,Bangkok (Krung Thep Aphiwat),-9,0,16:30,16:21,16:50,16:50,"เนื่องจากผ่านพื้นที่ก่อสร้าง, รอหลีกขบวนรถ, เหตุขัดข้องจากผู้โดยสาร","due to Passing construction site, Wait for track cleared, Passenger issue"
2025-11-05,บางบำหรุ,Bang Bamru,1,1,17:01,17:02,17:02,17:03,"เนื่องจากผ่านพื้นที่ก่อสร้าง, รอหลีกขบวนรถ, เหตุขัดข้องจากผู้โดยสาร","due to Passing construction site, Wait for track cleared, Passenger issue"
2025-11-05,ศาลายา,Sala Ya,0,0,17:22,17:22,17:23,17:23,"เนื่องจากผ่านพื้นที่ก่อสร้าง, รอหลีกขบวนรถ, เหตุขัดข้องจากผู้โดยสาร","due to Passing construction site, Wait for track cleared, Passenger issue"
2025-11-05,นครปฐม,Nakhon Pathom,7,7,17:48,17:55,17:50,17:57,"เนื่องจากผ่านพื้นที่ก่อสร้าง, รอหลีกขบวนรถ, เหตุขัดข้องจากผู้โดยสาร","due to Passing construction site, Wait for track cleared, Passenger issue"
2025-11-05,บ้านโป่ง,Ban Pong,9,9,18:08,18:17,18:09,18:18,"เนื่องจากผ่านพื้นที่ก่อสร้าง, รอหลีกขบวนรถ, เหตุขัดข้องจากผู้โดยสาร","due to Passing construction site, Wait for track cleared, Passenger issue"
2025-11-05,ราชบุรี,Ratchaburi,10,3,18:37,18:47,18:47,18:50,"เนื่องจากผ่านพื้นที่ก่อสร้าง, รอหลีกขบวนรถ, เหตุขัดข้องจากผู้โดยสาร","due to Passing construction site, Wait for track cleared, Passenger issue"
2025-11-05,เพชรบุรี,Phetchaburi,0,0,19:30,19:30,19:31,19:31,"เนื่องจากผ่านพื้นที่ก่อสร้าง, รอหลีกขบวนรถ, เหตุขัดข้องจากผู้โดยสาร","due to Passing construction site, Wait for track cleared, Passenger issue"
2025-11-05,หัวหิน,Hua Hin,23,21,20:20,20:43,20:25,20:46,"เนื่องจากผ่านพื้นที่ก่อสร้าง, รอหลีกขบวนรถ, เหตุขัดข้องจากผู้โดยสาร","due to Passing construction site, Wait for track cleared, Passenger issue"
2025-11-05,ประจวบคีรีขันธ์,Prachuap Khiri Khan,9,9,21:40,21:49,21:41,21:50,"เนื่องจากผ่านพื้นที่ก่อสร้าง, รอหลีกขบวนรถ, เหตุขัดข้องจากผู้โดยสาร","due to Passing construction site, Wait for track cleared, Passenger issue"
2025-11-05,ชุมพร,Chumphon,14,14,23:55,00:09,00:05,00:19,"เนื่องจากผ่านพื้นที่ก่อสร้าง, รอหลีกขบวนรถ, เหตุขัดข้องจากผู้โดยสาร","due to Passing construction site, Wait for track cleared, Passenger issue"
2025-11-05,สุราษฎร์ธานี,Surat Thani,37,42,02:20,02:57,02:23,03:05,"เนื่องจากผ่านพื้นที่ก่อสร้าง, รอหลีกขบวนรถ, เหตุขัดข้องจากผู้โดยสาร","due to Passing construction site, Wait for track cleared, Passenger issue"
2025-11-05,ชุมทางทุ่งสง,Thung Song Junction,35,40,04:08,04:43,04:18,04:58,"เนื่องจากผ่านพื้นที่ก่อสร้าง, รอหลีกขบวนรถ, เหตุขัดข้องจากผู้โดยสาร","due to Passing construction site, Wait for track cleared, Passenger issue"
2025-11-05,พัทลุง,Phatthalung,33,33,05:51,06:24,05:53,06:26,"เนื่องจากผ่านพื้นที่ก่อสร้าง, รอหลีกขบวนรถ, เหตุขัดข้องจากผู้โดยสาร","due to Passing construction site, Wait for track cleared, Passenger issue"
2025-11-05,ชุมทางหาดใหญ่,Hat Yai Junction,26,26,07:05,07:31,07:05,07:31,"เนื่องจากผ่านพื้นที่ก่อสร้าง, รอหลีกขบวนรถ, เหตุขัดข้องจากผู้โดยสาร","due to Passing construction site, Wait for track cleared, Passenger issue"
2025-11-06,กรุงเทพอภิวัฒน์,Bangkok (Krung Thep Aphiwat),-10,0,16:30,16:20,16:50,16:50,เนื่องจากผ่านพื้นที่ก่อสร้าง,due to Passing construction site
2025-11-06,บางบำหรุ,Bang Bamru,0,0,17:01,17:01,17:02,17:02,เนื่องจากผ่านพื้นที่ก่อสร้าง,due to Passing construction site
2025-11-06,ศาลายา,Sala Ya,0,0,17:22,17:22,17:23,17:23,เนื่องจากผ่านพื้นที่ก่อสร้าง,due to Passing construction site
2025-11-06,นครปฐม,Nakhon Pathom,2,2,17:48,17:50,17:50,17:52,เนื่องจากผ่านพื้นที่ก่อสร้าง,due to Passing construction site
2025-11-06,บ้านโป่ง,Ban Pong,3,3,18:08,18:11,18:09,18:12,เนื่องจากผ่านพื้นที่ก่อสร้าง,due to Passing construction site
2025-11-06,ราชบุรี,Ratchaburi,0,0,18:37,18:37,18:47,18:47,เนื่องจากผ่านพื้นที่ก่อสร้าง,due to Passing construction site
2025-11-06,เพชรบุรี,Phetchaburi,-8,0,19:30,19:22,19:31,19:31,เนื่องจากผ่านพื้นที่ก่อสร้าง,due to Passing construction site
2025-11-06,หัวหิน,Hua Hin,8,6,20:20,20:28,20:25,20:31,เนื่องจากผ่านพื้นที่ก่อสร้าง,due to Passing construction site
2025-11-06,ประจวบคีรีขันธ์,Prachuap Khiri Khan,1,5,21:40,21:41,21:41,21:46,เนื่องจากผ่านพื้นที่ก่อสร้าง,due to Passing construction site
2025-11-06,ชุมพร,Chumphon,15,30,23:55,00:10,00:05,00:35,เนื่องจากผ่านพื้นที่ก่อสร้าง,due to Passing construction site
2025-11-06,สุราษฎร์ธานี,Surat Thani,51,53,02:20,03:11,02:23,03:16,เนื่องจากผ่านพื้นที่ก่อสร้าง,due to Passing construction site
2025-11-06,ชุมทางทุ่งสง,Thung Song Junction,54,53,04:08,05:02,04:18,05:11,เนื่องจากผ่านพื้นที่ก่อสร้าง,due to Passing construction site
2025-11-06,พัทลุง,Phatthalung,35,35,05:51,06:26,05:53,06:28,เนื่องจากผ่านพื้นที่ก่อสร้าง,due to Passing construction site
2025-11-06,ชุมทางหาดใหญ่,Hat Yai Junction,32,32,07:05,07:37,07:05,07:37,เนื่องจากผ่านพื้นที่ก่อสร้าง,due to Passing construction site
2025-11-07,กรุงเทพอภิวัฒน์,Bangkok (Krung Thep Aphiwat),-10,0,16:30,16:20,16:50,16:50,"เนื่องจากผ่านพื้นที่ก่อสร้าง, รอหลีกขบวนรถ","due to Passing construction site, Wait for track cleared"
2025-11-07,บางบำหรุ,Bang Bamru,0,0,17:01,17:01,17:02,17:02,"เนื่องจากผ่านพื้นที่ก่อสร้าง, รอหลีกขบวนรถ","due to Passing construction site, Wait for track cleared"
2025-11-07,ศาลายา,Sala Ya,0,0,17:22,17:22,17:23,17:23,"เนื่องจากผ่านพื้นที่ก่อสร้าง, รอหลีกขบวนรถ","due to Passing construction site, Wait for track cleared"
2025-11-07,นครปฐม,Nakhon Pathom,2,2,17:48,17:50,17:50,17:52,"เนื่องจากผ่านพื้นที่ก่อสร้าง, รอหลีกขบวนรถ","due to Passing construction site, Wait for track cleared"
2025-11-07,บ้านโป่ง,Ban Pong,2,2,18:08,18:10,18:09,18:11,"เนื่องจากผ่านพื้นที่ก่อสร้าง, รอหลีกขบวนรถ","due to Passing construction site, Wait for track cleared"
2025-11-07,ราชบุรี,Ratchaburi,0,0,18:37,18:37,18:47,18:47,"เนื่องจากผ่านพื้นที่ก่อสร้าง, รอหลีกขบวนรถ","due to Passing construction site, Wait for track cleared"
2025-11-07,เพชรบุรี,Phetchaburi,-6,0,19:30,19:24,19:31,19:31,"เนื่องจากผ่านพื้นที่ก่อสร้าง, รอหลีกขบวนรถ","due to Passing construction site, Wait for track cleared"
2025-11-07,หัวหิน,Hua Hin,9,8,20:20,20:29,20:25,20:33,"เนื่องจากผ่านพื้นที่ก่อสร้าง, รอหลีกขบวนรถ","due to Passing construction site, Wait for track cleared"
2025-11-07,ประจวบคีรีขันธ์,Prachuap Khiri Khan,2,2,21:40,21:42,21:41,21:43,"เนื่องจากผ่านพื้นที่ก่อสร้าง, รอหลีกขบวนรถ","due to Passing construction site, Wait for track cleared"
2025-11-07,ชุมพร,Chumphon,4,11,23:55,23:59,00:05,00:16,"เนื่องจากผ่านพื้นที่ก่อสร้าง, รอหลีกขบวนรถ","due to Passing construction site, Wait for track cleared"
2025-11-07,สุราษฎร์ธานี,Surat Thani,53,52,02:20,03:13,02:23,03:15,"เนื่องจากผ่านพื้นที่ก่อสร้าง, รอหลีกขบวนรถ","due to Passing construction site, Wait for track cleared"
2025-11-07,ชุมทางทุ่งสง,Thung Song Junction,47,47,04:08,04:55,04:18,05:05,"เนื่องจากผ่านพื้นที่ก่อสร้าง, รอหลีกขบวนรถ","due to Passing construction site, Wait for track cleared"
2025-11-07,พัทลุง,Phatthalung,33,33,05:51,06:24,05:53,06:26,"เนื่องจากผ่านพื้นที่ก่อสร้าง, รอหลีกขบวนรถ","due to Passing construction site, Wait for track cleared"
2025-11-07,ชุมทางหาดใหญ่,Hat Yai Junction,31,31,07:05,07:36,07:05,07:36,"เนื่องจากผ่านพื้นที่ก่อสร้าง, รอหลีกขบวนรถ","due to Passing construction site, Wait for track cleared"
2025-11-08,กรุงเทพอภิวัฒน์,Bangkok (Krung Thep Aphiwat),-10,0,16:30,16:20,16:50,16:50,,
2025-11-08,บางบำหรุ,Bang Bamru,0,0,17:01,17:01,17:02,17:02,,
2025-11-08,ศาลายา,Sala Ya,0,0,17:22,17:22,17:23,17:23,,
2025-11-08,นครปฐม,Nakhon Pathom,-2,0,17:48,17:46,17:50,17:50,,
2025-11-08,บ้านโป่ง,Ban Pong,0,0,18:08,18:08,18:09,18:09,,
2025-11-08,ราชบุรี,Ratchaburi,-4,0,18:37,18:33,18:47,18:47,,
2025-11-08,เพชรบุรี,Phetchaburi,-8,0,19:30,19:22,19:31,19:31,,
2025-11-08,หัวหิน,Hua Hin,0,0,20:20,20:20,20:25,20:25,,
2025-11-08,ประจวบคีรีขันธ์,Prachuap Khiri Khan,-6,0,21:40,21:34,21:41,21:41,,
2025-11-08,ชุมพร,Chumphon,7,11,23:55,00:02,00:05,00:16,,
2025-11-08,สุราษฎร์ธานี,Surat Thani,50,50,02:20,03:10,02:23,03:13,,
2025-11-08,ชุมทางทุ่งสง,Thung Song Junction,45,45,04:08,04:53,04:18,05:03,,
2025-11-08,พัทลุง,Phatthalung,26,26,05:51,06:17,05:53,06:19,,
2025-11-08,ชุมทางหาดใหญ่,Hat Yai Junction,20,20,07:05,07:25,07:05,07:25,,
2025-11-09,กรุงเทพอภิวัฒน์,Bangkok (Krung Thep Aphiwat),-9,0,16:30,16:21,16:50,16:50,,
2025-11-09,บางบำหรุ,Bang Bamru,0,0,17:01,17:01,17:02,17:02,,
2025-11-09,ศาลายา,Sala Ya,0,0,17:22,17:22,17:23,17:23,,
2025-11-09,นครปฐม,Nakhon Pathom,2,2,17:48,17:50,17:50,17:52,,
2025-11-09,บ้านโป่ง,Ban Pong,4,4,18:08,18:12,18:09,18:13,,
2025-11-09,ราชบุรี,Ratchaburi,0,0,18:37,18:37,18:47,18:47,,
2025-11-09,เพชรบุรี,Phetchaburi,-9,0,19:30,19:21,19:31,19:31,,
2025-11-09,หัวหิน,Hua Hin,10,8,20:20,20:30,20:25,20:33,,
2025-11-09,ประจวบคีรีขันธ์,Prachuap Khiri Khan,-3,0,21:40,21:37,21:41,21:41,,
2025-11-09,ชุมพร,Chumphon,8,10,23:55,00:03,00:05,00:15,,
2025-11-09,สุราษฎร์ธานี,Surat Thani,41,41,02:20,03:01,02:23,03:04,,
2025-11-09,ชุมทางทุ่งสง,Thung Song Junction,35,35,04:08,04:43,04:18,04:53,,
2025-11-09,พัทลุง,Phatthalung,20,20,05:51,06:11,05:53,06:13,,
2025-11-09,ชุมทางหาดใหญ่,Hat Yai Junction,13,13,07:05,07:18,07:05,07:18,,
2025-11-10,กรุงเทพอภิวัฒน์,Bangkok (Krung Thep Aphiwat),-11,0,16:30,16:19,16:50,16:50,"เนื่องจากผ่านพื้นที่ก่อสร้าง, รอหลีกขบวนรถ","due to Passing construction site, Wait for track cleared"
2025-11-10,บางบำหรุ,Bang Bamru,0,0,17:01,17:01,17:02,17:02,"เนื่องจากผ่านพื้นที่ก่อสร้าง, รอหลีกขบวนรถ","due to Passing construction site, Wait for track cleared"
2025-11-10,ศาลายา,Sala Ya,1,1,17:22,17:23,17:23,17:24,"เนื่องจากผ่านพื้นที่ก่อสร้าง, รอหลีกขบวนรถ","due to Passing construction site, Wait for track cleared"
2025-11-10,นครปฐม,Nakhon Pathom,4,4,17:48,17:52,17:50,17:54,"เนื่องจากผ่านพื้นที่ก่อสร้าง, รอหลีกขบวนรถ","due to Passing construction site, Wait for track cleared"
2025-11-10,บ้านโป่ง,Ban Pong,5,5,18:08,18:13,18:09,18:14,"เนื่องจากผ่านพื้นที่ก่อสร้าง, รอหลีกขบวนรถ","due to Passing construction site, Wait for track cleared"
2025-11-10,ราชบุรี,Ratchaburi,0,0,18:37,18:37,18:47,18:47,"เนื่องจากผ่านพื้นที่ก่อสร้าง, รอหลีกขบวนรถ","due to Passing construction site, Wait for track cleared"
2025-11-10,เพชรบุรี,Phetchaburi,-5,0,19:30,19:25,19:31,19:31,"เนื่องจากผ่านพื้นที่ก่อสร้าง, รอหลีกขบวนรถ","due to Passing construction site, Wait for track cleared"
2025-11-10,หัวหิน,Hua Hin,11,9,20:20,20:31,20:25,20:34,"เนื่องจากผ่านพื้นที่ก่อสร้าง, รอหลีกขบวนรถ","due to Passing construction site, Wait for track cleared"
2025-11-10,ประจวบคีรีขันธ์,Prachuap Khiri Khan,-1,0,21:40,21:39,21:41,21:41,"เนื่องจากผ่านพื้นที่ก่อสร้าง, รอหลีกขบวนรถ","due to Passing construction site, Wait for track cleared"
2025-11-10,ชุมพร,Chumphon,15,15,23:55,00:10,00:05,00:20,"เนื่องจากผ่านพื้นที่ก่อสร้าง, รอหลีกขบวนรถ","due to Passing construction site, Wait for track cleared"
2025-11-10,สุราษฎร์ธานี,Surat Thani,50,50,02:20,03:10,02:23,03:13,"เนื่องจากผ่านพื้นที่ก่อสร้าง, รอหลีกขบวนรถ","due to Passing construction site, Wait for track cleared"
2025-11-10,ชุมทางทุ่งสง,Thung Song Junction,54,54,04:08,05:02,04:18,05:12,"เนื่องจากผ่านพื้นที่ก่อสร้าง, รอหลีกขบวนรถ","due to Passing construction site, Wait for track cleared"
2025-11-10,พัทลุง,Phatthalung,35,35,05:51,06:26,05:53,06:28,"เนื่องจากผ่านพื้นที่ก่อสร้าง, รอหลีกขบวนรถ","due to Passing construction site, Wait for track cleared"
2025-11-10,ชุมทางหาดใหญ่,Hat Yai Junction,26,26,07:05,07:31,07:05,07:31,"เนื่องจากผ่านพื้นที่ก่อสร้าง, รอหลีกขบวนรถ","due to Passing construction site, Wait for track cleared"
2025-11-11,กรุงเทพอภิวัฒน์,Bangkok (Krung Thep Aphiwat),-12,0,16:30,16:18,16:50,16:50,,
2025-11-11,บางบำหรุ,Bang Bamru,0,0,17:01,17:01,17:02,17:02,,
2025-11-11,ศาลายา,Sala Ya,0,0,17:22,17:22,17:23,17:23,,
2025-11-11,นครปฐม,Nakhon Pathom,2,2,17:48,17:50,17:50,17:52,,
2025-11-11,บ้านโป่ง,Ban Pong,4,4,18:08,18:12,18:09,18:13,,
2025-11-11,ราชบุรี,Ratchaburi,3,0,18:37,18:40,18:47,18:47,,
2025-11-11,เพชรบุรี,Phetchaburi,-7,0,19:30,19:23,19:31,19:31,,
2025-11-11,หัวหิน,Hua Hin,10,8,20:20,20:30,20:25,20:33,,
2025-11-11,ประจวบคีรีขันธ์,Prachuap Khiri Khan,-3,0,21:40,21:37,21:41,21:41,,
2025-11-11,ชุมพร,Chumphon,-5,0,23:55,23:50,00:05,00:05,,
2025-11-11,สุราษฎร์ธานี,Surat Thani,27,27,02:20,02:47,02:23,02:50,,
2025-11-11,ชุมทางทุ่งสง,Thung Song Junction,13,13,04:08,04:21,04:18,04:31,,
2025-11-11,พัทลุง,Phatthalung,0,0,05:51,05:51,05:53,05:53,,
2025-11-11,ชุมทางหาดใหญ่,Hat Yai Junction,7,7,07:05,07:12,07:05,07:12,,
2025-11-12,กรุงเทพอภิวัฒน์,Bangkok (Krung Thep Aphiwat),-9,0,16:30,16:21,16:50,16:50,,
2025-11-12,บางบำหรุ,Bang Bamru,0,0,17:01,17:01,17:02,17:02,,
2025-11-12,ศาลายา,Sala Ya,0,0,17:22,17:22,17:23,17:23,,
2025-11-12,นครปฐม,Nakhon Pathom,2,2,17:48,17:50,17:50,17:52,,
2025-11-12,บ้านโป่ง,Ban Pong,3,3,18:08,18:11,18:09,18:12,,
2025-11-12,ราชบุรี,Ratchaburi,0,0,18:37,18:37,18:47,18:47,,
2025-11-12,เพชรบุรี,Phetchaburi,-5,0,19:30,19:25,19:31,19:31,,
2025-11-12,หัวหิน,Hua Hin,14,13,20:20,20:34,20:25,20:38,,
2025-11-12,ประจวบคีรีขันธ์,Prachuap Khiri Khan,0,0,21:40,21:40,21:41,21:41,,
2025-11-12,ชุมพร,Chumphon,15,17,23:55,00:10,00:05,00:22,,
2025-11-12,สุราษฎร์ธานี,Surat Thani,54,54,02:20,03:14,02:23,03:17,,
2025-11-12,ชุมทางทุ่งสง,Thung Song Junction,43,43,04:08,04:51,04:18,05:01,,
2025-11-12,พัทลุง,Phatthalung,25,25,05:51,06:16,05:53,06:18,,
2025-11-12,ชุมทางหาดใหญ่,Hat Yai Junction,19,19,07:05,07:24,07:05,07:24,,
2025-11-13,กรุงเทพอภิวัฒน์,Bangkok (Krung Thep Aphiwat),-9,0,16:30,16:21,16:50,16:50,,
2025-11-13,บางบำหรุ,Bang Bamru,0,0,17:01,17:01,17:02,17:02,,
2025-11-13,ศาลายา,Sala Ya,0,0,17:22,17:22,17:23,17:23,,
2025-11-13,นครปฐม,Nakhon Pathom,4,4,17:48,17:52,17:50,17:54,,
2025-11-13,บ้านโป่ง,Ban Pong,8,8,18:08,18:16,18:09,18:17,,
2025-11-13,ราชบุรี,Ratchaburi,5,0,18:37,18:42,18:47,18:47,,
2025-11-13,เพชรบุรี,Phetchaburi,-5,0,19:30,19:25,19:31,19:31,,
2025-11-13,หัวหิน,Hua Hin,13,11,20:20,20:33,20:25,20:36,,
2025-11-13,ประจวบคีรีขันธ์,Prachuap Khiri Khan,5,5,21:40,21:45,21:41,21:46,,
2025-11-13,ชุมพร,Chumphon,15,15,23:55,00:10,00:05,00:20,,
2025-11-13,สุราษฎร์ธานี,Surat Thani,56,56,02:20,03:16,02:23,03:19,,
2025-11-13,ชุมทางทุ่งสง,Thung Song Junction,48,46,04:08,04:56,04:18,05:04,,
2025-11-13,พัทลุง,Phatthalung,25,25,05:51,06:16,05:53,06:18,,
2025-11-13,ชุมทางหาดใหญ่,Hat Yai Junction,20,20,07:05,07:25,07:05,07:25,,
2025-11-14,กรุงเทพอภิวัฒน์,Bangkok (Krung Thep Aphiwat),-10,0,16:30,16:20,16:50,16:50,,
2025-11-14,บางบำหรุ,Bang Bamru,0,0,17:01,17:01,17:02,17:02,,
2025-11-14,ศาลายา,Sala Ya,0,0,17:22,17:22,17:23,17:23,,
2025-11-14,นครปฐม,Nakhon Pathom,2,2,17:48,17:50,17:50,17:52,,
2025-11-14,บ้านโป่ง,Ban Pong,0,0,18:08,18:08,18:09,18:09,,
2025-11-14,ราชบุรี,Ratchaburi,-4,0,18:37,18:33,18:47,18:47,,
2025-11-14,เพชรบุรี,Phetchaburi,-9,0,19:30,19:21,19:31,19:31,,
2025-11-14,หัวหิน,Hua Hin,16,13,20:20,20:36,20:25,20:38,,
2025-11-14,ประจวบคีรีขันธ์,Prachuap Khiri Khan,-1,0,21:40,21:39,21:41,21:41,,
2025-11-14,ชุมพร,Chumphon,0,0,23:55,23:55,00:05,00:05,,
2025-11-14,สุราษฎร์ธานี,Surat Thani,30,30,02:20,02:50,02:23,02:53,,
2025-11-14,ชุมทางทุ่งสง,Thung Song Junction,20,18,04:08,04:28,04:18,04:36,,
2025-11-14,พัทลุง,Phatthalung,0,2,05:51,05:51,05:53,05:55,,
2025-11-14,ชุมทางหาดใหญ่,Hat Yai Junction,0,0,07:05,07:05,07:05,07:05,,
2025-11-15,กรุงเทพอภิวัฒน์,Bangkok (Krung Thep Aphiwat),-6,0,16:30,16:24,16:50,16:50,,
2025-11-15,บางบำหรุ,Bang Bamru,0,0,17:01,17:01,17:02,17:02,,
2025-11-15,ศาลายา,Sala Ya,0,0,17:22,17:22,17:23,17:23,,
2025-11-15,นครปฐม,Nakhon Pathom,2,2,17:48,17:50,17:50,17:52,,
2025-11-15,บ้านโป่ง,Ban Pong,2,2,18:08,18:10,18:09,18:11,,
2025-11-15,ราชบุรี,Ratchaburi,-2,0,18:37,18:35,18:47,18:47,,
2025-11-15,เพชรบุรี,Phetchaburi,-8,0,19:30,19:22,19:31,19:31,,
2025-11-15,หัวหิน,Hua Hin,10,8,20:20,20:30,20:25,20:33,,
2025-11-15,ประจวบคีรีขันธ์,Prachuap Khiri Khan,-3,0,21:40,21:37,21:41,21:41,,
2025-11-15,ชุมพร,Chumphon,1,0,23:55,23:56,00:05,00:05,,
2025-11-15,สุราษฎร์ธานี,Surat Thani,31,31,02:20,02:51,02:23,02:54,,
2025-11-15,ชุมทางทุ่งสง,Thung Song Junction,25,21,04:08,04:33,04:18,04:39,,
2025-11-15,พัทลุง,Phatthalung,0,0,05:51,05:51,05:53,05:53,,
2025-11-15,ชุมทางหาดใหญ่,Hat Yai Junction,-9,-9,07:05,06:56,07:05,06:56,,
2025-11-16,กรุงเทพอภิวัฒน์,Bangkok (Krung Thep Aphiwat),-10,0,16:30,16:20,16:50,16:50,,
2025-11-16,บางบำหรุ,Bang Bamru,0,0,17:01,17:01,17:02,17:02,,
2025-11-16,ศาลายา,Sala Ya,0,0,17:22,17:22,17:23,17:23,,
2025-11-16,นครปฐม,Nakhon Pathom,0,0,17:48,17:48,17:50,17:50,,
2025-11-16,บ้านโป่ง,Ban Pong,0,0,18:08,18:08,18:09,18:09,,
2025-11-16,ราชบุรี,Ratchaburi,-2,0,18:37,18:35,18:47,18:47,,
2025-11-16,เพชรบุรี,Phetchaburi,-7,0,19:30,19:23,19:31,19:31,,
2025-11-16,หัวหิน,Hua Hin,2,0,20:20,20:22,20:25,20:25,,
2025-11-16,ประจวบคีรีขันธ์,Prachuap Khiri Khan,-7,0,21:40,21:33,21:41,21:41,,
2025-11-16,ชุมพร,Chumphon,17,17,23:55,00:12,00:05,00:22,,
2025-11-16,สุราษฎร์ธานี,Surat Thani,45,45,02:20,03:05,02:23,03:08,,
2025-11-16,ชุมทางทุ่งสง,Thung Song Junction,40,39,04:08,04:48,04:18,04:57,,
2025-11-16,พัทลุง,Phatthalung,24,24,05:51,06:15,05:53,06:17,,
2025-11-16,ชุมทางหาดใหญ่,Hat Yai Junction,20,20,07:05,07:25,07:05,07:25,,
2025-11-17,กรุงเทพอภิวัฒน์,Bangkok (Krung Thep Aphiwat),-11,0,16:30,16:19,16:50,16:50,,
2025-11-17,บางบำหรุ,Bang Bamru,0,0,17:01,17:01,17:02,17:02,,
2025-11-17,ศาลายา,Sala Ya,2,2,17:22,17:24,17:23,17:25,,
2025-11-17,นครปฐม,Nakhon Pathom,8,8,17:48,17:56,17:50,17:58,,
2025-11-17,บ้านโป่ง,Ban Pong,10,10,18:08,18:18,18:09,18:19,,
2025-11-17,ราชบุรี,Ratchaburi,7,0,18:37,18:44,18:47,18:47,,
2025-11-17,เพชรบุรี,Phetchaburi,-5,0,19:30,19:25,19:31,19:31,,
2025-11-17,หัวหิน,Hua Hin,23,21,20:20,20:43,20:25,20:46,,
2025-11-17,ประจวบคีรีขันธ์,Prachuap Khiri Khan,12,12,21:40,21:52,21:41,21:53,,
2025-11-17,ชุมพร,Chumphon,22,22,23:55,00:17,00:05,00:27,,
2025-11-17,สุราษฎร์ธานี,Surat Thani,39,39,02:20,02:59,02:23,03:02,,
2025-11-17,ชุมทางทุ่งสง,Thung Song Junction,32,32,04:08,04:40,04:18,04:50,,
2025-11-17,พัทลุง,Phatthalung,6,6,05:51,05:57,05:53,05:59,,
2025-11-17,ชุมทางหาดใหญ่,Hat Yai Junction,0,0,07:05,07:05,07:05,07:05,,
2025-11-18,กรุงเทพอภิวัฒน์,Bangkok (Krung Thep Aphiwat),-12,0,16:30,16:18,16:50,16:50,,
2025-11-18,บางบำหรุ,Bang Bamru,0,0,17:01,17:01,17:02,17:02,,
2025-11-18,ศาลายา,Sala Ya,0,0,17:22,17:22,17:23,17:23,,
2025-11-18,นครปฐม,Nakhon Pathom,1,1,17:48,17:49,17:50,17:51,,
2025-11-18,บ้านโป่ง,Ban Pong,2,2,18:08,18:10,18:09,18:11,,
2025-11-18,ราชบุรี,Ratchaburi,0,0,18:37,18:37,18:47,18:47,,
2025-11-18,เพชรบุรี,Phetchaburi,-7,0,19:30,19:23,19:31,19:31,,
2025-11-18,หัวหิน,Hua Hin,5,3,20:20,20:25,20:25,20:28,,
2025-11-18,ประจวบคีรีขันธ์,Prachuap Khiri Khan,-3,0,21:40,21:37,21:41,21:41,,
2025-11-18,ชุมพร,Chumphon,2,2,23:55,23:57,00:05,00:07,,
2025-11-18,สุราษฎร์ธานี,Surat Thani,25,25,02:20,02:45,02:23,02:48,,
2025-11-18,ชุมทางทุ่งสง,Thung Song Junction,20,20,04:08,04:28,04:18,04:38,,
2025-11-18,พัทลุง,Phatthalung,3,3,05:51,05:54,05:53,05:56,,
2025-11-18,ชุมทางหาดใหญ่,Hat Yai Junction,6,6,07:05,07:11,07:05,07:11,,
2025-11-19,กรุงเทพอภิวัฒน์,Bangkok (Krung Thep Aphiwat),-8,0,16:30,16:22,16:50,16:50,เนื่องจากผ่านพื้นที่ก่อสร้าง,due to Passing construction site
2025-11-19,บางบำหรุ,Bang Bamru,0,0,17:01,17:01,17:02,17:02,เนื่องจากผ่านพื้นที่ก่อสร้าง,due to Passing construction site
2025-11-19,ศาลายา,Sala Ya,0,0,17:22,17:22,17:23,17:23,เนื่องจากผ่านพื้นที่ก่อสร้าง,due to Passing construction site
2025-11-19,นครปฐม,Nakhon Pathom,0,0,17:48,17:48,17:50,17:50,เนื่องจากผ่านพื้นที่ก่อสร้าง,due to Passing construction site
2025-11-19,บ้านโป่ง,Ban Pong,0,0,18:08,18:08,18:09,18:09,เนื่องจากผ่านพื้นที่ก่อสร้าง,due to Passing construction site
2025-11-19,ราชบุรี,Ratchaburi,-4,0,18:37,18:33,18:47,18:47,เนื่องจากผ่านพื้นที่ก่อสร้าง,due to Passing construction site
2025-11-19,เพชรบุรี,Phetchaburi,-9,0,19:30,19:21,19:31,19:31,เนื่องจากผ่านพื้นที่ก่อสร้าง,due to Passing construction site
2025-11-19,หัวหิน,Hua Hin,14,12,20:20,20:34,20:25,20:37,เนื่องจากผ่านพื้นที่ก่อสร้าง,due to Passing construction site
2025-11-19,ประจวบคีรีขันธ์,Prachuap Khiri Khan,2,2,21:40,21:42,21:41,21:43,เนื่องจากผ่านพื้นที่ก่อสร้าง,due to Passing construction site
2025-11-19,ชุมพร,Chumphon,11,11,23:55,00:06,00:05,00:16,เนื่องจากผ่านพื้นที่ก่อสร้าง,due to Passing construction site
2025-11-19,สุราษฎร์ธานี,Surat Thani,51,51,02:20,03:11,02:23,03:14,เนื่องจากผ่านพื้นที่ก่อสร้าง,due to Passing construction site
2025-11-19,ชุมทางทุ่งสง,Thung Song Junction,51,50,04:08,04:59,04:18,05:08,เนื่องจากผ่านพื้นที่ก่อสร้าง,due to Passing construction site
2025-11-19,พัทลุง,Phatthalung,35,35,05:51,06:26,05:53,06:28,เนื่องจากผ่านพื้นที่ก่อสร้าง,due to Passing construction site
2025-11-19,ชุมทางหาดใหญ่,Hat Yai Junction,30,30,07:05,07:35,07:05,07:35,เนื่องจากผ่านพื้นที่ก่อสร้าง,due to Passing construction site
2025-11-20,กรุงเทพอภิวัฒน์,Bangkok (Krung Thep Aphiwat),-11,0,16:30,16:19,16:50,16:50,,
2025-11-20,บางบำหรุ,Bang Bamru,0,0,17:01,17:01,17:02,17:02,,
2025-11-20,ศาลายา,Sala Ya,0,0,17:22,17:22,17:23,17:23,,
2025-11-20,นครปฐม,Nakhon Pathom,0,0,17:48,17:48,17:50,17:50,,
2025-11-20,บ้านโป่ง,Ban Pong,0,0,18:08,18:08,18:09,18:09,,
2025-11-20,ราชบุรี,Ratchaburi,0,0,18:37,18:37,18:47,18:47,,
2025-11-20,เพชรบุรี,Phetchaburi,-6,0,19:30,19:24,19:31,19:31,,
2025-11-20,หัวหิน,Hua Hin,17,15,20:20,20:37,20:25,20:40,,
2025-11-20,ประจวบคีรีขันธ์,Prachuap Khiri Khan,1,1,21:40,21:41,21:41,21:42,,
2025-11-20,ชุมพร,Chumphon,16,16,23:55,00:11,00:05,00:21,,
2025-11-20,สุราษฎร์ธานี,Surat Thani,33,33,02:20,02:53,02:23,02:56,,
2025-11-20,ชุมทางทุ่งสง,Thung Song Junction,34,34,04:08,04:42,04:18,04:52,,
2025-11-20,พัทลุง,Phatthalung,23,23,05:51,06:14,05:53,06:16,,
2025-11-20,ชุมทางหาดใหญ่,Hat Yai Junction,20,20,07:05,07:25,07:05,07:25,,
2025-11-21,กรุงเทพอภิวัฒน์,Bangkok (Krung Thep Aphiwat),-11,0,16:30,16:19,16:50,16:50,"เนื่องจากผ่านพื้นที่ก่อสร้าง, รอหลีกขบวนรถ","due to Passing construction site, Wait for track cleared"
2025-11-21,บางบำหรุ,Bang Bamru,0,0,17:01,17:01,17:02,17:02,"เนื่องจากผ่านพื้นที่ก่อสร้าง, รอหลีกขบวนรถ","due to Passing construction site, Wait for track cleared"
2025-11-21,ศาลายา,Sala Ya,0,0,17:22,17:22,17:23,17:23,"เนื่องจากผ่านพื้นที่ก่อสร้าง, รอหลีกขบวนรถ","due to Passing construction site, Wait for track cleared"
2025-11-21,นครปฐม,Nakhon Pathom,4,4,17:48,17:52,17:50,17:54,"เนื่องจากผ่านพื้นที่ก่อสร้าง, รอหลีกขบวนรถ","due to Passing construction site, Wait for track cleared"
2025-11-21,บ้านโป่ง,Ban Pong,7,7,18:08,18:15,18:09,18:16,"เนื่องจากผ่านพื้นที่ก่อสร้าง, รอหลีกขบวนรถ","due to Passing construction site, Wait for track cleared"
2025-11-21,ราชบุรี,Ratchaburi,5,0,18:37,18:42,18:47,18:47,"เนื่องจากผ่านพื้นที่ก่อสร้าง, รอหลีกขบวนรถ","due to Passing construction site, Wait for track cleared"
2025-11-21,เพชรบุรี,Phetchaburi,-4,0,19:30,19:26,19:31,19:31,"เนื่องจากผ่านพื้นที่ก่อสร้าง, รอหลีกขบวนรถ","due to Passing construction site, Wait for track cleared"
2025-11-21,หัวหิน,Hua Hin,17,15,20:20,20:37,20:25,20:40,"เนื่องจากผ่านพื้นที่ก่อสร้าง, รอหลีกขบวนรถ","due to Passing construction site, Wait for track cleared"
2025-11-21,ประจวบคีรีขันธ์,Prachuap Khiri Khan,6,6,21:40,21:46,21:41,21:47,"เนื่องจากผ่านพื้นที่ก่อสร้าง, รอหลีกขบวนรถ","due to Passing construction site, Wait for track cleared"
2025-11-21,ชุมพร,Chumphon,6,8,23:55,00:01,00:05,00:13,"เนื่องจากผ่านพื้นที่ก่อสร้าง, รอหลีกขบวนรถ","due to Passing construction site, Wait for track cleared"
2025-11-21,สุราษฎร์ธานี,Surat Thani,35,35,02:20,02:55,02:23,02:58,"เนื่องจากผ่านพื้นที่ก่อสร้าง, รอหลีกขบวนรถ","due to Passing construction site, Wait for track cleared"
2025-11-21,ชุมทางทุ่งสง,Thung Song Junction,32,36,04:08,04:40,04:18,04:54,"เนื่องจากผ่านพื้นที่ก่อสร้าง, รอหลีกขบวนรถ","due to Passing construction site, Wait for track cleared"
2025-11-21,พัทลุง,Phatthalung,23,23,05:51,06:14,05:53,06:14,"เนื่องจากผ่านพื้นที่ก่อสร้าง, รอหลีกขบวนรถ","due to Passing construction site, Wait for track cleared"
2025-11-21,ชุมทางหาดใหญ่,Hat Yai Junction,0,0,07:05,,07:05,,"เนื่องจากผ่านพื้นที่ก่อสร้าง, รอหลีกขบวนรถ","due to Passing construction site, Wait for track cleared"
2025-11-22,กรุงเทพอภิวัฒน์,Bangkok (Krung Thep Aphiwat),0,0,16:30,,16:50,,,
2025-11-22,บางบำหรุ,Bang Bamru,0,0,17:01,,17:02,,,
2025-11-22,ศาลายา,Sala Ya,0,0,17:22,,17:23,,,
2025-11-22,นครปฐม,Nakhon Pathom,0,0,17:48,,17:50,,,
2025-11-22,บ้านโป่ง,Ban Pong,0,0,18:08,,18:09,,,
2025-11-22,ราชบุรี,Ratchaburi,0,0,18:37,,18:47,,,
2025-11-22,เพชรบุรี,Phetchaburi,0,0,19:30,,19:31,,,
2025-11-22,หัวหิน,Hua Hin,0,0,20:20,,20:25,,,
2025-11-22,ประจวบคีรีขันธ์,Prachuap Khiri Khan,0,0,21:40,,21:41,,,
2025-11-22,ชุมพร,Chumphon,0,0,23:55,,00:05,,,
2025-11-22,สุราษฎร์ธานี,Surat Thani,0,0,02:20,,02:23,,,
2025-11-22,ชุมทางทุ่งสง,Thung Song Junction,0,0,04:08,,04:18,,,
2025-11-22,พัทลุง,Phatthalung,0,0,05:51,,05:53,,,
2025-11-22,ชุมทางหาดใหญ่,Hat Yai Junction,0,0,07:05,,07:05,,,
2025-11-23,กรุงเทพอภิวัฒน์,Bangkok (Krung Thep Aphiwat),0,0,16:30,,16:50,,,
2025-11-23,บางบำหรุ,Bang Bamru,0,0,17:01,,17:02,,,
2025-11-23,ศาลายา,Sala Ya,0,0,17:22,,17:23,,,
2025-11-23,นครปฐม,Nakhon Pathom,0,0,17:48,,17:50,,,
2025-11-23,บ้านโป่ง,Ban Pong,0,0,18:08,,18:09,,,
2025-11-23,ราชบุรี,Ratchaburi,0,0,18:37,,18:47,,,
2025-11-23,เพชรบุรี,Phetchaburi,0,0,19:30,,19:31,,,
2025-11-23,หัวหิน,Hua Hin,0,0,20:20,,20:25,,,
2025-11-23,ประจวบคีรีขันธ์,Prachuap Khiri Khan,0,0,21:40,,21:41,,,
2025-11-23,ชุมพร,Chumphon,0,0,23:55,,00:05,,,
2025-11-23,สุราษฎร์ธานี,Surat Thani,0,0,02:20,,02:23,,,
2025-11-23,ชุมทางทุ่งสง,Thung Song Junction,0,0,04:08,,04:18,,,
2025-11-23,พัทลุง,Phatthalung,0,0,05:51,,05:53,,,
2025-11-23,ชุมทางหาดใหญ่,Hat Yai Junction,0,0,07:05,,07:05,,,
2025-11-24,กรุงเทพอภิวัฒน์,Bangkok (Krung Thep Aphiwat),0,0,16:30,,16:50,,,
2025-11-24,บางบำหรุ,Bang Bamru,0,0,17:01,,17:02,,,
2025-11-24,ศาลายา,Sala Ya,0,0,17:22,,17:23,,,
2025-11-24,นครปฐม,Nakhon Pathom,0,0,17:48,,17:50,,,
2025-11-24,บ้านโป่ง,Ban Pong,0,0,18:08,,18:09,,,
2025-11-24,ราชบุรี,Ratchaburi,0,0,18:37,,18:47,,,
2025-11-24,เพชรบุรี,Phetchaburi,0,0,19:30,,19:31,,,
2025-11-24,หัวหิน,Hua Hin,0,0,20:20,,20:25,,,
2025-11-24,ประจวบคีรีขันธ์,Prachuap Khiri Khan,0,0,21:40,,21:41,,,
2025-11-24,ชุมพร,Chumphon,0,0,23:55,,00:05,,,
2025-11-24,สุราษฎร์ธานี,Surat Thani,0,0,02:20,,02:23,,,
2025-11-24,ชุมทางทุ่งสง,Thung Song Junction,0,0,04:08,,04:18,,,
2025-11-24,พัทลุง,Phatthalung,0,0,05:51,,05:53,,,
2025-11-24,ชุมทางหาดใหญ่,Hat Yai Junction,0,0,07:05,,07:05,,,
2025-11-25,กรุงเทพอภิวัฒน์,Bangkok (Krung Thep Aphiwat),0,0,16:30,,16:50,,,
2025-11-25,บางบำหรุ,Bang Bamru,0,0,17:01,,17:02,,,
2025-11-25,ศาลายา,Sala Ya,0,0,17:22,,17:23,,,
2025-11-25,นครปฐม,Nakhon Pathom,0,0,17:48,,17:50,,,
2025-11-25,บ้านโป่ง,Ban Pong,0,0,18:08,,18:09,,,
2025-11-25,ราชบุรี,Ratchaburi,0,0,18:37,,18:47,,,
2025-11-25,เพชรบุรี,Phetchaburi,0,0,19:30,,19:31,,,
2025-11-25,หัวหิน,Hua Hin,0,0,20:20,,20:25,,,
2025-11-25,ประจวบคีรีขันธ์,Prachuap Khiri Khan,0,0,21:40,,21:41,,,
2025-11-25,ชุมพร,Chumphon,0,0,23:55,,00:05,,,
2025-11-25,สุราษฎร์ธานี,Surat Thani,0,0,02:20,,02:23,,,
2025-11-25,ชุมทางทุ่งสง,Thung Song Junction,0,0,04:08,,04:18,,,
2025-11-25,พัทลุง,Phatthalung,0,0,05:51,,05:53,,,
2025-11-25,ชุมทางหาดใหญ่,Hat Yai Junction,0,0,07:05,,07:05,,,
2025-11-26,กรุงเทพอภิวัฒน์,Bangkok (Krung Thep Aphiwat),0,0,16:30,,16:50,,,
2025-11-26,บางบำหรุ,Bang Bamru,0,0,17:01,,17:02,,,
2025-11-26,ศาลายา,Sala Ya,0,0,17:22,,17:23,,,
2025-11-26,นครปฐม,Nakhon Pathom,0,0,17:48,,17:50,,,
2025-11-26,บ้านโป่ง,Ban Pong,0,0,18:08,,18:09,,,
2025-11-26,ราชบุรี,Ratchaburi,0,0,18:37,,18:47,,,
2025-11-26,เพชรบุรี,Phetchaburi,0,0,19:30,,19:31,,,
2025-11-26,หัวหิน,Hua Hin,0,0,20:20,,20:25,,,
2025-11-26,ประจวบคีรีขันธ์,Prachuap Khiri Khan,0,0,21:40,,21:41,,,
2025-11-26,ชุมพร,Chumphon,0,0,23:55,,00:05,,,
2025-11-26,สุราษฎร์ธานี,Surat Thani,0,0,02:20,,02:23,,,
2025-11-26,ชุมทางทุ่งสง,Thung Song Junction,0,0,04:08,,04:18,,,
2025-11-26,พัทลุง,Phatthalung,0,0,05:51,,05:53,,,
2025-11-26,ชุมทางหาดใหญ่,Hat Yai Junction,0,0,07:05,,07:05,,,
2025-11-27,กรุงเทพอภิวัฒน์,Bangkok (Krung Thep Aphiwat),0,0,16:30,,16:50,,,
2025-11-27,บางบำหรุ,Bang Bamru,0,0,17:01,,17:02,,,
2025-11-27,ศาลายา,Sala Ya,0,0,17:22,,17:23,,,
2025-11-27,นครปฐม,Nakhon Pathom,0,0,17:48,,17:50,,,
2025-11-27,บ้านโป่ง,Ban Pong,0,0,18:08,,18:09,,,
2025-11-27,ราชบุรี,Ratchaburi,0,0,18:37,,18:47,,,
2025-11-27,เพชรบุรี,Phetchaburi,0,0,19:30,,19:31,,,
2025-11-27,หัวหิน,Hua Hin,0,0,20:20,,20:25,,,
2025-11-27,ประจวบคีรีขันธ์,Prachuap Khiri Khan,0,0,21:40,,21:41,,,
2025-11-27,ชุมพร,Chumphon,0,0,23:55,,00:05,,,
2025-11-27,สุราษฎร์ธานี,Surat Thani,0,0,02:20,,02:23,,,
2025-11-27,ชุมทางทุ่งสง,Thung Song Junction,0,0,04:08,,04:18,,,
2025-11-27,พัทลุง,Phatthalung,0,0,05:51,,05:53,,,
2025-11-27,ชุมทางหาดใหญ่,Hat Yai Junction,0,0,07:05,,07:05,,,
2025-11-28,กรุงเทพอภิวัฒน์,Bangkok (Krung Thep Aphiwat),0,0,16:30,,16:50,,,
2025-11-28,บางบำหรุ,Bang Bamru,0,0,17:01,,17:02,,,
2025-11-28,ศาลายา,Sala Ya,0,0,17:22,,17:23,,,
2025-11-28,นครปฐม,Nakhon Pathom,0,0,17:48,,17:50,,,
2025-11-28,บ้านโป่ง,Ban Pong,0,0,18:08,,18:09,,,
2025-11-28,ราชบุรี,Ratchaburi,0,0,18:37,,18:47,,,
2025-11-28,เพชรบุรี,Phetchaburi,0,0,19:30,,19:31,,,
2025-11-28,หัวหิน,Hua Hin,0,0,20:20,,20:25,,,
2025-11-28,ประจวบคีรีขันธ์,Prachuap Khiri Khan,0,0,21:40,,21:41,,,
2025-11-28,ชุมพร,Chumphon,0,0,23:55,,00:05,,,
2025-11-28,สุราษฎร์ธานี,Surat Thani,0,0,02:20,,02:23,,,
2025-11-28,ชุมทางทุ่งสง,Thung Song Junction,0,0,04:08,,04:18,,,
2025-11-28,พัทลุง,Phatthalung,0,0,05:51,,05:53,,,
2025-11-28,ชุมทางหาดใหญ่,Hat Yai Junction,0,0,07:05,,07:05,,,
2025-11-29,กรุงเทพอภิวัฒน์,Bangkok (Krung Thep Aphiwat),0,0,16:30,,16:50,,,
2025-11-29,บางบำหรุ,Bang Bamru,0,0,17:01,,17:02,,,
2025-11-29,ศาลายา,Sala Ya,0,0,17:22,,17:23,,,
2025-11-29,นครปฐม,Nakhon Pathom,0,0,17:48,,17:50,,,
2025-11-29,บ้านโป่ง,Ban Pong,0,0,18:08,,18:09,,,
2025-11-29,ราชบุรี,Ratchaburi,0,0,18:37,,18:47,,,
2025-11-29,เพชรบุรี,Phetchaburi,0,0,19:30,,19:31,,,
2025-11-29,หัวหิน,Hua Hin,0,0,20:20,,20:25,,,
2025-11-29,ประจวบคีรีขันธ์,Prachuap Khiri Khan,0,0,21:40,,21:41,,,
2025-11-29,ชุมพร,Chumphon,0,0,23:55,,00:05,,,
2025-11-29,สุราษฎร์ธานี,Surat Thani,0,0,02:20,,02:23,,,
2025-11-29,ชุมทางทุ่งสง,Thung Song Junction,0,0,04:08,,04:18,,,
2025-11-29,พัทลุง,Phatthalung,0,0,05:51,,05:53,,,
2025-11-29,ชุมทางหาดใหญ่,Hat Yai Junction,0,0,07:05,,07:05,,,
2025-11-30,กรุงเทพอภิวัฒน์,Bangkok (Krung Thep Aphiwat),0,0,16:30,,16:50,,,
2025-11-30,บางบำหรุ,Bang Bamru,0,0,17:01,,17:02,,,
2025-11-30,ศาลายา,Sala Ya,0,0,17:22,,17:23,,,
2025-11-30,นครปฐม,Nakhon Pathom,0,0,17:48,,17:50,,,
2025-11-30,บ้านโป่ง,Ban Pong,0,0,18:08,,18:09,,,
2025-11-30,ราชบุรี,Ratchaburi,0,0,18:37,,18:47,,,
2025-11-30,เพชรบุรี,Phetchaburi,0,0,19:30,,19:31,,,
2025-11-30,หัวหิน,Hua Hin,0,0,20:20,,20:25,,,
2025-11-30,ประจวบคีรีขันธ์,Prachuap Khiri Khan,0,0,21:40,,21:41,,,
2025-11-30,ชุมพร,Chumphon,0,0,23:55,,00:05,,,
2025-11-30,สุราษฎร์ธานี,Surat Thani,0,0,02:20,,02:23,,,
2025-11-30,ชุมทางทุ่งสง,Thung Song Junction,0,0,04:08,,04:18,,,
2025-11-30,พัทลุง,Phatthalung,0,0,05:51,,05:53,,,
2025-11-30,ชุมทางหาดใหญ่,Hat Yai Junction,0,0,07:05,,07:05,,,
2025-12-01,กรุงเทพอภิวัฒน์,Bangkok (Krung Thep Aphiwat),0,0,16:30,,16:50,,,
2025-12-01,บางบำหรุ,Bang Bamru,0,0,17:01,,17:02,,,
2025-12-01,ศาลายา,Sala Ya,0,0,17:22,,17:23,,,
2025-12-01,นครปฐม,Nakhon Pathom,0,0,17:48,,17:50,,,
2025-12-01,บ้านโป่ง,Ban Pong,0,0,18:08,,18:09,,,
2025-12-01,ราชบุรี,Ratchaburi,0,0,18:37,,18:47,,,
2025-12-01,เพชรบุรี,Phetchaburi,0,0,19:30,,19:31,,,
2025-12-01,หัวหิน,Hua Hin,0,0,20:20,,20:25,,,
2025-12-01,ประจวบคีรีขันธ์,Prachuap Khiri Khan,0,0,21:40,,21:41,,,
2025-12-01,ชุมพร,Chumphon,0,0,23:55,,00:05,,,
2025-12-01,สุราษฎร์ธานี,Surat Thani,0,0,02:20,,02:23,,,
2025-12-01,ชุมทางทุ่งสง,Thung Song Junction,0,0,04:08,,04:18,,,
2025-12-01,พัทลุง,Phatthalung,0,0,05:51,,05:53,,,
2025-12-01,ชุมทางหาดใหญ่,Hat Yai Junction,0,0,07:05,,07:05,,,
2025-12-02,กรุงเทพอภิวัฒน์,Bangkok (Krung Thep Aphiwat),0,0,16:30,,16:50,,,
2025-12-02,บางบำหรุ,Bang Bamru,0,0,17:01,,17:02,,,
2025-12-02,ศาลายา,Sala Ya,0,0,17:22,,17:23,,,
2025-12-02,นครปฐม,Nakhon Pathom,0,0,17:48,,17:50,,,
2025-12-02,บ้านโป่ง,Ban Pong,0,0,18:08,,18:09,,,
2025-12-02,ราชบุรี,Ratchaburi,0,0,18:37,,18:47,,,
2025-12-02,เพชรบุรี,Phetchaburi,0,0,19:30,,19:31,,,
2025-12-02,หัวหิน,Hua Hin,0,0,20:20,,20:25,,,
2025-12-02,ประจวบคีรีขันธ์,Prachuap Khiri Khan,0,0,21:40,,21:41,,,
2025-12-02,ชุมพร,Chumphon,0,0,23:55,,00:05,,,
2025-12-02,สุราษฎร์ธานี,Surat Thani,0,0,02:20,,02:23,,,
2025-12-02,ชุมทางทุ่งสง,Thung Song Junction,0,0,04:08,,04:18,,,
2025-12-02,พัทลุง,Phatthalung,0,0,05:51,,05:53,,,
2025-12-02,ชุมทางหาดใหญ่,Hat Yai Junction,0,0,07:05,,07:05,,,
2025-12-03,กรุงเทพอภิวัฒน์,Bangkok (Krung Thep Aphiwat),0,0,16:30,,16:50,,,
2025-12-03,บางบำหรุ,Bang Bamru,0,0,17:01,,17:02,,,
2025-12-03,ศาลายา,Sala Ya,0,0,17:22,,17:23,,,
2025-12-03,นครปฐม,Nakhon Pathom,0,0,17:48,,17:50,,,
2025-12-03,บ้านโป่ง,Ban Pong,0,0,18:08,,18:09,,,
2025-12-03,ราชบุรี,Ratchaburi,0,0,18:37,,18:47,,,
2025-12-03,เพชรบุรี,Phetchaburi,0,0,19:30,,19:31,,,
2025-12-03,หัวหิน,Hua Hin,0,0,20:20,,20:25,,,
2025-12-03,ประจวบคีรีขันธ์,Prachuap Khiri Khan,0,0,21:40,,21:41,,,
2025-12-03,ชุมพร,Chumphon,0,0,23:55,,00:05,,,
2025-12-03,สุราษฎร์ธานี,Surat Thani,0,0,02:20,,02:23,,,
2025-12-03,ชุมทางทุ่งสง,Thung Song Junction,0,0,04:08,,04:18,,,
2025-12-03,พัทลุง,Phatthalung,0,0,05:51,,05:53,,,
2025-12-03,ชุมทางหาดใหญ่,Hat Yai Junction,0,0,07:05,,07:05,,,
2025-12-04,กรุงเทพอภิวัฒน์,Bangkok (Krung Thep Aphiwat),0,0,16:30,,16:50,,,
2025-12-04,บางบำหรุ,Bang Bamru,0,0,17:01,,17:02,,,
2025-12-04,ศาลายา,Sala Ya,0,0,17:22,,17:23,,,
2025-12-04,นครปฐม,Nakhon Pathom,0,0,17:48,,17:50,,,
2025-12-04,บ้านโป่ง,Ban Pong,0,0,18:08,,18:09,,,
2025-12-04,ราชบุรี,Ratchaburi,0,0,18:37,,18:47,,,
2025-12-04,เพชรบุรี,Phetchaburi,0,0,19:30,,19:31,,,
2025-12-04,หัวหิน,Hua Hin,0,0,20:20,,20:25,,,
2025-12-04,ประจวบคีรีขันธ์,Prachuap Khiri Khan,0,0,21:40,,21:41,,,
2025-12-04,ชุมพร,Chumphon,0,0,23:55,,00:05,,,
2025-12-04,สุราษฎร์ธานี,Surat Thani,0,0,02:20,,02:23,,,
2025-12-04,ชุมทางทุ่งสง,Thung Song Junction,0,0,04:08,,04:18,,,
2025-12-04,พัทลุง,Phatthalung,0,0,05:51,,05:53,,,
2025-12-04,ชุมทางหาดใหญ่,Hat Yai Junction,0,0,07:05,,07:05,,,
2025-12-05,กรุงเทพอภิวัฒน์,Bangkok (Krung Thep Aphiwat),0,0,16:30,,16:50,,,
2025-12-05,บางบำหรุ,Bang Bamru,0,0,17:01,,17:02,,,
2025-12-05,ศาลายา,Sala Ya,0,0,17:22,,17:23,,,
2025-12-05,นครปฐม,Nakhon Pathom,0,0,17:48,,17:50,,,
2025-12-05,บ้านโป่ง,Ban Pong,0,0,18:08,,18:09,,,
2025-12-05,ราชบุรี,Ratchaburi,0,0,18:37,,18:47,,,
2025-12-05,เพชรบุรี,Phetchaburi,0,0,19:30,,19:31,,,
2025-12-05,หัวหิน,Hua Hin,0,0,20:20,,20:25,,,
2025-12-05,ประจวบคีรีขันธ์,Prachuap Khiri Khan,0,0,21:40,,21:41,,,
2025-12-05,ชุมพร,Chumphon,0,0,23:55,,00:05,,,
2025-12-05,สุราษฎร์ธานี,Surat Thani,0,0,02:20,,02:23,,,
2025-12-05,ชุมทางทุ่งสง,Thung Song Junction,0,0,04:08,,04:18,,,
2025-12-05,พัทลุง,Phatthalung,0,0,05:51,,05:53,,,
2025-12-05,ชุมทางหาดใหญ่,Hat Yai Junction,0,0,07:05,,07:05,,,
2025-12-06,กรุงเทพอภิวัฒน์,Bangkok (Krung Thep Aphiwat),0,0,16:30,,16:50,,,
2025-12-06,บางบำหรุ,Bang Bamru,0,0,17:01,,17:02,,,
2025-12-06,ศาลายา,Sala Ya,0,0,17:22,,17:23,,,
2025-12-06,นครปฐม,Nakhon Pathom,0,0,17:48,,17:50,,,
2025-12-06,บ้านโป่ง,Ban Pong,0,0,18:08,,18:09,,,
2025-12-06,ราชบุรี,Ratchaburi,0,0,18:37,,18:47,,,
2025-12-06,เพชรบุรี,Phetchaburi,0,0,19:30,,19:31,,,
2025-12-06,หัวหิน,Hua Hin,0,0,20:20,,20:25,,,
2025-12-06,ประจวบคีรีขันธ์,Prachuap Khiri Khan,0,0,21:40,,21:41,,,
2025-12-06,ชุมพร,Chumphon,0,0,23:55,,00:05,,,
2025-12-06,สุราษฎร์ธานี,Surat Thani,0,0,02:20,,02:23,,,
2025-12-06,ชุมทางทุ่งสง,Thung Song Junction,0,0,04:08,,04:18,,,
2025-12-06,พัทลุง,Phatthalung,0,0,05:51,,05:53,,,
2025-12-06,ชุมทางหาดใหญ่,Hat Yai Junction,0,0,07:05,,07:05,,,
2025-12-07,กรุงเทพอภิวัฒน์,Bangkok (Krung Thep Aphiwat),-11,0,16:30,16:19,16:50,16:50,เนื่องจากผ่านพื้นที่ก่อสร้าง,due to Passing construction site
2025-12-07,บางบำหรุ,Bang Bamru,0,0,17:01,17:01,17:02,17:02,เนื่องจากผ่านพื้นที่ก่อสร้าง,due to Passing construction site
2025-12-07,ศาลายา,Sala Ya,0,0,17:22,17:22,17:23,17:23,เนื่องจากผ่านพื้นที่ก่อสร้าง,due to Passing construction site
2025-12-07,นครปฐม,Nakhon Pathom,0,0,17:48,17:48,17:50,17:50,เนื่องจากผ่านพื้นที่ก่อสร้าง,due to Passing construction site
2025-12-07,บ้านโป่ง,Ban Pong,1,1,18:08,18:09,18:09,18:10,เนื่องจากผ่านพื้นที่ก่อสร้าง,due to Passing construction site
2025-12-07,ราชบุรี,Ratchaburi,-3,0,18:37,18:34,18:47,18:47,เนื่องจากผ่านพื้นที่ก่อสร้าง,due to Passing construction site
2025-12-07,เพชรบุรี,Phetchaburi,-9,0,19:30,19:21,19:31,19:31,เนื่องจากผ่านพื้นที่ก่อสร้าง,due to Passing construction site
2025-12-07,หัวหิน,Hua Hin,10,8,20:20,20:30,20:25,20:33,เนื่องจากผ่านพื้นที่ก่อสร้าง,due to Passing construction site
2025-12-07,ประจวบคีรีขันธ์,Prachuap Khiri Khan,4,4,21:40,21:44,21:41,21:45,เนื่องจากผ่านพื้นที่ก่อสร้าง,due to Passing construction site
2025-12-07,ชุมพร,Chumphon,18,17,23:55,00:13,00:05,00:22,เนื่องจากผ่านพื้นที่ก่อสร้าง,due to Passing construction site
2025-12-07,สุราษฎร์ธานี,Surat Thani,40,40,02:20,03:00,02:23,03:03,เนื่องจากผ่านพื้นที่ก่อสร้าง,due to Passing construction site
2025-12-07,ชุมทางทุ่งสง,Thung Song Junction,34,32,04:08,04:42,04:18,04:50,เนื่องจากผ่านพื้นที่ก่อสร้าง,due to Passing construction site
2025-12-07,พัทลุง,Phatthalung,19,19,05:51,06:10,05:53,06:12,เนื่องจากผ่านพื้นที่ก่อสร้าง,due to Passing construction site
2025-12-07,ชุมทางหาดใหญ่,Hat Yai Junction,47,47,07:05,07:52,07:05,07:52,เนื่องจากผ่านพื้นที่ก่อสร้าง,due to Passing construction site
2025-12-08,กรุงเทพอภิวัฒน์,Bangkok (Krung Thep Aphiwat),-5,0,16:30,16:25,16:50,16:50,"เนื่องจากผ่านพื้นที่ก่อสร้าง, รอหลีกขบวนรถ","due to Passing construction site, Wait for track cleared"
2025-12-08,บางบำหรุ,Bang Bamru,0,0,17:01,17:01,17:02,17:02,"เนื่องจากผ่านพื้นที่ก่อสร้าง, รอหลีกขบวนรถ","due to Passing construction site, Wait for track cleared"
2025-12-08,ศาลายา,Sala Ya,0,0,17:22,17:22,17:23,17:23,"เนื่องจากผ่านพื้นที่ก่อสร้าง, รอหลีกขบวนรถ","due to Passing construction site, Wait for track cleared"
2025-12-08,นครปฐม,Nakhon Pathom,2,2,17:48,17:50,17:50,17:52,"เนื่องจากผ่านพื้นที่ก่อสร้าง, รอหลีกขบวนรถ","due to Passing construction site, Wait for track cleared"
2025-12-08,บ้านโป่ง,Ban Pong,3,3,18:08,18:11,18:09,18:12,"เนื่องจากผ่านพื้นที่ก่อสร้าง, รอหลีกขบวนรถ","due to Passing construction site, Wait for track cleared"
2025-12-08,ราชบุรี,Ratchaburi,2,0,18:37,18:39,18:47,18:47,"เนื่องจากผ่านพื้นที่ก่อสร้าง, รอหลีกขบวนรถ","due to Passing construction site, Wait for track cleared"
2025-12-08,เพชรบุรี,Phetchaburi,-7,0,19:30,19:23,19:31,19:31,"เนื่องจากผ่านพื้นที่ก่อสร้าง, รอหลีกขบวนรถ","due to Passing construction site, Wait for track cleared"
2025-12-08,หัวหิน,Hua Hin,12,10,20:20,20:32,20:25,20:35,"เนื่องจากผ่านพื้นที่ก่อสร้าง, รอหลีกขบวนรถ","due to Passing construction site, Wait for track cleared"
2025-12-08,ประจวบคีรีขันธ์,Prachuap Khiri Khan,0,0,21:40,21:40,21:41,21:41,"เนื่องจากผ่านพื้นที่ก่อสร้าง, รอหลีกขบวนรถ","due to Passing construction site, Wait for track cleared"
2025-12-08,ชุมพร,Chumphon,4,4,23:55,23:59,00:05,00:09,"เนื่องจากผ่านพื้นที่ก่อสร้าง, รอหลีกขบวนรถ","due to Passing construction site, Wait for track cleared"
2025-12-08,สุราษฎร์ธานี,Surat Thani,43,43,02:20,03:03,02:23,03:06,"เนื่องจากผ่านพื้นที่ก่อสร้าง, รอหลีกขบวนรถ","due to Passing construction site, Wait for track cleared"
2025-12-08,ชุมทางทุ่งสง,Thung Song Junction,40,40,04:08,04:48,04:18,04:58,"เนื่องจากผ่านพื้นที่ก่อสร้าง, รอหลีกขบวนรถ","due to Passing construction site, Wait for track cleared"
2025-12-08,พัทลุง,Phatthalung,23,23,05:51,06:14,05:53,06:16,"เนื่องจากผ่านพื้นที่ก่อสร้าง, รอหลีกขบวนรถ","due to Passing construction site, Wait for track cleared"
2025-12-08,ชุมทางหาดใหญ่,Hat Yai Junction,37,37,07:05,07:42,07:05,07:42,"เนื่องจากผ่านพื้นที่ก่อสร้าง, รอหลีกขบวนรถ","due to Passing construction site, Wait for track cleared"
2025-12-09,กรุงเทพอภิวัฒน์,Bangkok (Krung Thep Aphiwat),-11,0,16:30,16:19,16:50,16:50,"เนื่องจากผ่านพื้นที่ก่อสร้าง, รอหลีกขบวนรถ","due to Passing construction site, Wait for track cleared"
2025-12-09,บางบำหรุ,Bang Bamru,0,0,17:01,17:01,17:02,17:02,"เนื่องจากผ่านพื้นที่ก่อสร้าง, รอหลีกขบวนรถ","due to Passing construction site, Wait for track cleared"
2025-12-09,ศาลายา,Sala Ya,2,2,17:22,17:24,17:23,17:25,"เนื่องจากผ่านพื้นที่ก่อสร้าง, รอหลีกขบวนรถ","due to Passing construction site, Wait for track cleared"
2025-12-09,นครปฐม,Nakhon Pathom,0,0,17:48,17:48,17:50,17:50,"เนื่องจากผ่านพื้นที่ก่อสร้าง, รอหลีกขบวนรถ","due to Passing construction site, Wait for track cleared"
2025-12-09,บ้านโป่ง,Ban Pong,0,0,18:08,18:08,18:09,18:09,"เนื่องจากผ่านพื้นที่ก่อสร้าง, รอหลีกขบวนรถ","due to Passing construction site, Wait for track cleared"
2025-12-09,ราชบุรี,Ratchaburi,-5,0,18:37,18:32,18:47,18:47,"เนื่องจากผ่านพื้นที่ก่อสร้าง, รอหลีกขบวนรถ","due to Passing construction site, Wait for track cleared"
2025-12-09,เพชรบุรี,Phetchaburi,-9,0,19:30,19:21,19:31,19:31,"เนื่องจากผ่านพื้นที่ก่อสร้าง, รอหลีกขบวนรถ","due to Passing construction site, Wait for track cleared"
2025-12-09,หัวหิน,Hua Hin,-5,0,20:20,20:15,20:25,20:25,"เนื่องจากผ่านพื้นที่ก่อสร้าง, รอหลีกขบวนรถ","due to Passing construction site, Wait for track cleared"
2025-12-09,ประจวบคีรีขันธ์,Prachuap Khiri Khan,-9,0,21:40,21:31,21:41,21:41,"เนื่องจากผ่านพื้นที่ก่อสร้าง, รอหลีกขบวนรถ","due to Passing construction site, Wait for track cleared"
2025-12-09,ชุมพร,Chumphon,-7,5,23:55,23:48,00:05,00:10,"เนื่องจากผ่านพื้นที่ก่อสร้าง, รอหลีกขบวนรถ","due to Passing construction site, Wait for track cleared"
2025-12-09,สุราษฎร์ธานี,Surat Thani,36,35,02:20,02:56,02:23,02:58,"เนื่องจากผ่านพื้นที่ก่อสร้าง, รอหลีกขบวนรถ","due to Passing construction site, Wait for track cleared"
2025-12-09,ชุมทางทุ่งสง,Thung Song Junction,27,30,04:08,04:35,04:18,04:48,"เนื่องจากผ่านพื้นที่ก่อสร้าง, รอหลีกขบวนรถ","due to Passing construction site, Wait for track cleared"
2025-12-09,พัทลุง,Phatthalung,14,14,05:51,06:05,05:53,06:07,"เนื่องจากผ่านพื้นที่ก่อสร้าง, รอหลีกขบวนรถ","due to Passing construction site, Wait for track cleared"
2025-12-09,ชุมทางหาดใหญ่,Hat Yai Junction,41,41,07:05,07:46,07:05,07:46,"เนื่องจากผ่านพื้นที่ก่อสร้าง, รอหลีกขบวนรถ","due to Passing construction site, Wait for track cleared"
2025-12-10,กรุงเทพอภิวัฒน์,Bangkok (Krung Thep Aphiwat),-17,0,16:30,16:13,16:50,16:50,"เนื่องจากผ่านพื้นที่ก่อสร้าง, รอหลีกขบวนรถ","due to Passing construction site, Wait for track cleared"
2025-12-10,บางบำหรุ,Bang Bamru,0,0,17:01,17:01,17:02,17:02,"เนื่องจากผ่านพื้นที่ก่อสร้าง, รอหลีกขบวนรถ","due to Passing construction site, Wait for track cleared"
2025-12-10,ศาลายา,Sala Ya,0,0,17:22,17:22,17:23,17:23,"เนื่องจากผ่านพื้นที่ก่อสร้าง, รอหลีกขบวนรถ","due to Passing construction site, Wait for track cleared"
2025-12-10,นครปฐม,Nakhon Pathom,2,2,17:48,17:50,17:50,17:52,"เนื่องจากผ่านพื้นที่ก่อสร้าง, รอหลีกขบวนรถ","due to Passing construction site, Wait for track cleared"
2025-12-10,บ้านโป่ง,Ban Pong,3,3,18:08,18:11,18:09,18:12,"เนื่องจากผ่านพื้นที่ก่อสร้าง, รอหลีกขบวนรถ","due to Passing construction site, Wait for track cleared"
2025-12-10,ราชบุรี,Ratchaburi,2,0,18:37,18:39,18:47,18:47,"เนื่องจากผ่านพื้นที่ก่อสร้าง, รอหลีกขบวนรถ","due to Passing construction site, Wait for track cleared"
2025-12-10,เพชรบุรี,Phetchaburi,-2,0,19:30,19:28,19:31,19:31,"เนื่องจากผ่านพื้นที่ก่อสร้าง, รอหลีกขบวนรถ","due to Passing construction site, Wait for track cleared"
2025-12-10,หัวหิน,Hua Hin,8,7,20:20,20:28,20:25,20:32,"เนื่องจากผ่านพื้นที่ก่อสร้าง, รอหลีกขบวนรถ","due to Passing construction site, Wait for track cleared"
2025-12-10,ประจวบคีรีขันธ์,Prachuap Khiri Khan,25,25,21:40,22:05,21:41,22:06,"เนื่องจากผ่านพื้นที่ก่อสร้าง, รอหลีกขบวนรถ","due to Passing construction site, Wait for track cleared"
2025-12-10,ชุมพร,Chumphon,30,31,23:55,00:25,00:05,00:36,"เนื่องจากผ่านพื้นที่ก่อสร้าง, รอหลีกขบวนรถ","due to Passing construction site, Wait for track cleared"
2025-12-10,สุราษฎร์ธานี,Surat Thani,49,48,02:20,03:09,02:23,03:11,"เนื่องจากผ่านพื้นที่ก่อสร้าง, รอหลีกขบวนรถ","due to Passing construction site, Wait for track cleared"
2025-12-10,ชุมทางทุ่งสง,Thung Song Junction,38,41,04:08,04:46,04:18,04:59,"เนื่องจากผ่านพื้นที่ก่อสร้าง, รอหลีกขบวนรถ","due to Passing construction site, Wait for track cleared"
2025-12-10,พัทลุง,Phatthalung,30,30,05:51,06:21,05:53,06:23,"เนื่องจากผ่านพื้นที่ก่อสร้าง, รอหลีกขบวนรถ","due to Passing construction site, Wait for track cleared"
2025-12-10,ชุมทางหาดใหญ่,Hat Yai Junction,53,53,07:05,07:58,07:05,07:58,"เนื่องจากผ่านพื้นที่ก่อสร้าง, รอหลีกขบวนรถ","due to Passing construction site, Wait for track cleared"
2025-12-11,กรุงเทพอภิวัฒน์,Bangkok (Krung Thep Aphiwat),-12,0,16:30,16:18,16:50,16:50,"เนื่องจากผ่านพื้นที่ก่อสร้าง, รอหลีกขบวนรถ","due to Passing construction site, Wait for track cleared"
2025-12-11,บางบำหรุ,Bang Bamru,0,0,17:01,17:01,17:02,17:02,"เนื่องจากผ่านพื้นที่ก่อสร้าง, รอหลีกขบวนรถ","due to Passing construction site, Wait for track cleared"
2025-12-11,ศาลายา,Sala Ya,0,0,17:22,17:22,17:23,17:23,"เนื่องจากผ่านพื้นที่ก่อสร้าง, รอหลีกขบวนรถ","due to Passing construction site, Wait for track cleared"
2025-12-11,นครปฐม,Nakhon Pathom,2,2,17:48,17:50,17:50,17:52,"เนื่องจากผ่านพื้นที่ก่อสร้าง, รอหลีกขบวนรถ","due to Passing construction site, Wait for track cleared"
2025-12-11,บ้านโป่ง,Ban Pong,4,4,18:08,18:12,18:09,18:13,"เนื่องจากผ่านพื้นที่ก่อสร้าง, รอหลีกขบวนรถ","due to Passing construction site, Wait for track cleared"
2025-12-11,ราชบุรี,Ratchaburi,0,0,18:37,18:37,18:47,18:47,"เนื่องจากผ่านพื้นที่ก่อสร้าง, รอหลีกขบวนรถ","due to Passing construction site, Wait for track cleared"
2025-12-11,เพชรบุรี,Phetchaburi,-7,0,19:30,19:23,19:31,19:31,"เนื่องจากผ่านพื้นที่ก่อสร้าง, รอหลีกขบวนรถ","due to Passing construction site, Wait for track cleared"
2025-12-11,หัวหิน,Hua Hin,5,4,20:20,20:25,20:25,20:29,"เนื่องจากผ่านพื้นที่ก่อสร้าง, รอหลีกขบวนรถ","due to Passing construction site, Wait for track cleared"
2025-12-11,ประจวบคีรีขันธ์,Prachuap Khiri Khan,-7,0,21:40,21:33,21:41,21:41,"เนื่องจากผ่านพื้นที่ก่อสร้าง, รอหลีกขบวนรถ","due to Passing construction site, Wait for track cleared"
2025-12-11,ชุมพร,Chumphon,-2,0,23:55,23:53,00:05,00:05,"เนื่องจากผ่านพื้นที่ก่อสร้าง, รอหลีกขบวนรถ","due to Passing construction site, Wait for track cleared"
2025-12-11,สุราษฎร์ธานี,Surat Thani,43,43,02:20,03:03,02:23,03:06,"เนื่องจากผ่านพื้นที่ก่อสร้าง, รอหลีกขบวนรถ","due to Passing construction site, Wait for track cleared"
2025-12-11,ชุมทางทุ่งสง,Thung Song Junction,34,36,04:08,04:42,04:18,04:54,"เนื่องจากผ่านพื้นที่ก่อสร้าง, รอหลีกขบวนรถ","due to Passing construction site, Wait for track cleared"
2025-12-11,พัทลุง,Phatthalung,16,16,05:51,06:07,05:53,06:09,"เนื่องจากผ่านพื้นที่ก่อสร้าง, รอหลีกขบวนรถ","due to Passing construction site, Wait for track cleared"
2025-12-11,ชุมทางหาดใหญ่,Hat Yai Junction,31,31,07:05,07:36,07:05,07:36,"เนื่องจากผ่านพื้นที่ก่อสร้าง, รอหลีกขบวนรถ","due to Passing construction site, Wait for track cleared"
2025-12-12,กรุงเทพอภิวัฒน์,Bangkok (Krung Thep Aphiwat),-11,0,16:30,16:19,16:50,16:50,"เนื่องจากผ่านพื้นที่ก่อสร้าง, รอหลีกขบวนรถ","due to Passing construction site, Wait for track cleared"
2025-12-12,บางบำหรุ,Bang Bamru,0,0,17:01,17:01,17:02,17:02,"เนื่องจากผ่านพื้นที่ก่อสร้าง, รอหลีกขบวนรถ","due to Passing construction site, Wait for track cleared"
2025-12-12,ศาลายา,Sala Ya,0,0,17:22,17:22,17:23,17:23,"เนื่องจากผ่านพื้นที่ก่อสร้าง, รอหลีกขบวนรถ","due to Passing construction site, Wait for track cleared"
2025-12-12,นครปฐม,Nakhon Pathom,2,2,17:48,17:50,17:50,17:52,"เนื่องจากผ่านพื้นที่ก่อสร้าง, รอหลีกขบวนรถ","due to Passing construction site, Wait for track cleared"
2025-12-12,บ้านโป่ง,Ban Pong,4,4,18:08,18:12,18:09,18:13,"เนื่องจากผ่านพื้นที่ก่อสร้าง, รอหลีกขบวนรถ","due to Passing construction site, Wait for track cleared"
2025-12-12,ราชบุรี,Ratchaburi,0,0,18:37,18:37,18:47,18:47,"เนื่องจากผ่านพื้นที่ก่อสร้าง, รอหลีกขบวนรถ","due to Passing construction site, Wait for track cleared"
2025-12-12,เพชรบุรี,Phetchaburi,-7,0,19:30,19:23,19:31,19:31,"เนื่องจากผ่านพื้นที่ก่อสร้าง, รอหลีกขบวนรถ","due to Passing construction site, Wait for track cleared"
2025-12-12,หัวหิน,Hua Hin,14,12,20:20,20:34,20:25,20:37,"เนื่องจากผ่านพื้นที่ก่อสร้าง, รอหลีกขบวนรถ","due to Passing construction site, Wait for track cleared"
2025-12-12,ประจวบคีรีขันธ์,Prachuap Khiri Khan,7,7,21:40,21:47,21:41,21:48,"เนื่องจากผ่านพื้นที่ก่อสร้าง, รอหลีกขบวนรถ","due to Passing construction site, Wait for track cleared"
2025-12-12,ชุมพร,Chumphon,17,24,23:55,00:12,00:05,00:29,"เนื่องจากผ่านพื้นที่ก่อสร้าง, รอหลีกขบวนรถ","due to Passing construction site, Wait for track cleared"
2025-12-12,สุราษฎร์ธานี,Surat Thani,85,85,02:20,03:45,02:23,03:48,"เนื่องจากผ่านพื้นที่ก่อสร้าง, รอหลีกขบวนรถ","due to Passing construction site, Wait for track cleared"
2025-12-12,ชุมทางทุ่งสง,Thung Song Junction,86,88,04:08,05:34,04:18,05:46,"เนื่องจากผ่านพื้นที่ก่อสร้าง, รอหลีกขบวนรถ","due to Passing construction site, Wait for track cleared"
2025-12-12,พัทลุง,Phatthalung,80,80,05:51,07:11,05:53,07:13,"เนื่องจากผ่านพื้นที่ก่อสร้าง, รอหลีกขบวนรถ","due to Passing construction site, Wait for track cleared"
2025-12-12,ชุมทางหาดใหญ่,Hat Yai Junction,100,100,07:05,08:45,07:05,08:45,"เนื่องจากผ่านพื้นที่ก่อสร้าง, รอหลีกขบวนรถ","due to Passing construction site, Wait for track cleared"
2025-12-13,กรุงเทพอภิวัฒน์,Bangkok (Krung Thep Aphiwat),-11,0,16:30,16:19,16:50,16:50,"เนื่องจากผ่านพื้นที่ก่อสร้าง, รอหลีกขบวนรถ","due to Passing construction site, Wait for track cleared"
2025-12-13,บางบำหรุ,Bang Bamru,0,0,17:01,17:01,17:02,17:02,"เนื่องจากผ่านพื้นที่ก่อสร้าง, รอหลีกขบวนรถ","due to Passing construction site, Wait for track cleared"
2025-12-13,ศาลายา,Sala Ya,0,0,17:22,17:22,17:23,17:23,"เนื่องจากผ่านพื้นที่ก่อสร้าง, รอหลีกขบวนรถ","due to Passing construction site, Wait for track cleared"
2025-12-13,นครปฐม,Nakhon Pathom,0,0,17:48,17:48,17:50,17:50,"เนื่องจากผ่านพื้นที่ก่อสร้าง, รอหลีกขบวนรถ","due to Passing construction site, Wait for track cleared"
2025-12-13,บ้านโป่ง,Ban Pong,0,0,18:08,18:08,18:09,18:09,"เนื่องจากผ่านพื้นที่ก่อสร้าง, รอหลีกขบวนรถ","due to Passing construction site, Wait for track cleared"
2025-12-13,ราชบุรี,Ratchaburi,-3,0,18:37,18:34,18:47,18:47,"เนื่องจากผ่านพื้นที่ก่อสร้าง, รอหลีกขบวนรถ","due to Passing construction site, Wait for track cleared"
2025-12-13,เพชรบุรี,Phetchaburi,-6,0,19:30,19:24,19:31,19:31,"เนื่องจากผ่านพื้นที่ก่อสร้าง, รอหลีกขบวนรถ","due to Passing construction site, Wait for track cleared"
2025-12-13,หัวหิน,Hua Hin,16,15,20:20,20:36,20:25,20:40,"เนื่องจากผ่านพื้นที่ก่อสร้าง, รอหลีกขบวนรถ","due to Passing construction site, Wait for track cleared"
2025-12-13,ประจวบคีรีขันธ์,Prachuap Khiri Khan,5,5,21:40,21:45,21:41,21:46,"เนื่องจากผ่านพื้นที่ก่อสร้าง, รอหลีกขบวนรถ","due to Passing construction site, Wait for track cleared"
2025-12-13,ชุมพร,Chumphon,3,12,23:55,23:58,00:05,00:17,"เนื่องจากผ่านพื้นที่ก่อสร้าง, รอหลีกขบวนรถ","due to Passing construction site, Wait for track cleared"
2025-12-13,สุราษฎร์ธานี,Surat Thani,51,51,02:20,03:11,02:23,03:14,"เนื่องจากผ่านพื้นที่ก่อสร้าง, รอหลีกขบวนรถ","due to Passing construction site, Wait for track cleared"
2025-12-13,ชุมทางทุ่งสง,Thung Song Junction,45,44,04:08,04:53,04:18,05:02,"เนื่องจากผ่านพื้นที่ก่อสร้าง, รอหลีกขบวนรถ","due to Passing construction site, Wait for track cleared"
2025-12-13,พัทลุง,Phatthalung,30,30,05:51,06:21,05:53,06:23,"เนื่องจากผ่านพื้นที่ก่อสร้าง, รอหลีกขบวนรถ","due to Passing construction site, Wait for track cleared"
2025-12-13,ชุมทางหาดใหญ่,Hat Yai Junction,48,48,07:05,07:53,07:05,07:53,"เนื่องจากผ่านพื้นที่ก่อสร้าง, รอหลีกขบวนรถ","due to Passing construction site, Wait for track cleared"
2025-12-14,กรุงเทพอภิวัฒน์,Bangkok (Krung Thep Aphiwat),-22,0,16:30,16:08,16:50,16:50,"เนื่องจากผ่านพื้นที่ก่อสร้าง, รอหลีกขบวนรถ","due to Passing construction site, Wait for track cleared"
2025-12-14,บางบำหรุ,Bang Bamru,0,0,17:01,17:01,17:02,17:02,"เนื่องจากผ่านพื้นที่ก่อสร้าง, รอหลีกขบวนรถ","due to Passing construction site, Wait for track cleared"
2025-12-14,ศาลายา,Sala Ya,0,0,17:22,17:22,17:23,17:23,"เนื่องจากผ่านพื้นที่ก่อสร้าง, รอหลีกขบวนรถ","due to Passing construction site, Wait for track cleared"
2025-12-14,นครปฐม,Nakhon Pathom,0,0,17:48,17:48,17:50,17:50,"เนื่องจากผ่านพื้นที่ก่อสร้าง, รอหลีกขบวนรถ","due to Passing construction site, Wait for track cleared"
2025-12-14,บ้านโป่ง,Ban Pong,0,0,18:08,18:08,18:09,18:09,"เนื่องจากผ่านพื้นที่ก่อสร้าง, รอหลีกขบวนรถ","due to Passing construction site, Wait for track cleared"
2025-12-14,ราชบุรี,Ratchaburi,-2,0,18:37,18:35,18:47,18:47,"เนื่องจากผ่านพื้นที่ก่อสร้าง, รอหลีกขบวนรถ","due to Passing construction site, Wait for track cleared"
2025-12-14,เพชรบุรี,Phetchaburi,-6,0,19:30,19:24,19:31,19:31,"เนื่องจากผ่านพื้นที่ก่อสร้าง, รอหลีกขบวนรถ","due to Passing construction site, Wait for track cleared"
2025-12-14,หัวหิน,Hua Hin,6,4,20:20,20:26,20:25,20:29,"เนื่องจากผ่านพื้นที่ก่อสร้าง, รอหลีกขบวนรถ","due to Passing construction site, Wait for track cleared"
2025-12-14,ประจวบคีรีขันธ์,Prachuap Khiri Khan,-3,0,21:40,21:37,21:41,21:41,"เนื่องจากผ่านพื้นที่ก่อสร้าง, รอหลีกขบวนรถ","due to Passing construction site, Wait for track cleared"
2025-12-14,ชุมพร,Chumphon,2,2,23:55,23:57,00:05,00:07,"เนื่องจากผ่านพื้นที่ก่อสร้าง, รอหลีกขบวนรถ","due to Passing construction site, Wait for track cleared"
2025-12-14,สุราษฎร์ธานี,Surat Thani,48,48,02:20,03:08,02:23,03:11,"เนื่องจากผ่านพื้นที่ก่อสร้าง, รอหลีกขบวนรถ","due to Passing construction site, Wait for track cleared"
2025-12-14,ชุมทางทุ่งสง,Thung Song Junction,53,52,04:08,05:01,04:18,05:10,"เนื่องจากผ่านพื้นที่ก่อสร้าง, รอหลีกขบวนรถ","due to Passing construction site, Wait for track cleared"
2025-12-14,พัทลุง,Phatthalung,38,39,05:51,06:29,05:53,06:32,"เนื่องจากผ่านพื้นที่ก่อสร้าง, รอหลีกขบวนรถ","due to Passing construction site, Wait for track cleared"
2025-12-14,ชุมทางหาดใหญ่,Hat Yai Junction,51,51,07:05,07:56,07:05,07:56,"เนื่องจากผ่านพื้นที่ก่อสร้าง, รอหลีกขบวนรถ","due to Passing construction site, Wait for track cleared"
2025-12-15,กรุงเทพอภิวัฒน์,Bangkok (Krung Thep Aphiwat),-12,0,16:30,16:18,16:50,16:50,เนื่องจากผ่านพื้นที่ก่อสร้าง,due to Passing construction site
2025-12-15,บางบำหรุ,Bang Bamru,0,0,17:01,17:01,17:02,17:02,เนื่องจากผ่านพื้นที่ก่อสร้าง,due to Passing construction site
2025-12-15,ศาลายา,Sala Ya,0,0,17:22,17:22,17:23,17:23,เนื่องจากผ่านพื้นที่ก่อสร้าง,due to Passing construction site
2025-12-15,นครปฐม,Nakhon Pathom,0,0,17:48,17:48,17:50,17:50,เนื่องจากผ่านพื้นที่ก่อสร้าง,due to Passing construction site
2025-12-15,บ้านโป่ง,Ban Pong,2,2,18:08,18:10,18:09,18:11,เนื่องจากผ่านพื้นที่ก่อสร้าง,due to Passing construction site
2025-12-15,ราชบุรี,Ratchaburi,-3,0,18:37,18:34,18:47,18:47,เนื่องจากผ่านพื้นที่ก่อสร้าง,due to Passing construction site
2025-12-15,เพชรบุรี,Phetchaburi,-10,0,19:30,19:20,19:31,19:31,เนื่องจากผ่านพื้นที่ก่อสร้าง,due to Passing construction site
2025-12-15,หัวหิน,Hua Hin,6,4,20:20,20:26,20:25,20:29,เนื่องจากผ่านพื้นที่ก่อสร้าง,due to Passing construction site
2025-12-15,ประจวบคีรีขันธ์,Prachuap Khiri Khan,-10,0,21:40,21:30,21:41,21:41,เนื่องจากผ่านพื้นที่ก่อสร้าง,due to Passing construction site
2025-12-15,ชุมพร,Chumphon,4,4,23:55,23:59,00:05,00:09,เนื่องจากผ่านพื้นที่ก่อสร้าง,due to Passing construction site
2025-12-15,สุราษฎร์ธานี,Surat Thani,38,38,02:20,02:58,02:23,03:01,เนื่องจากผ่านพื้นที่ก่อสร้าง,due to Passing construction site
2025-12-15,ชุมทางทุ่งสง,Thung Song Junction,34,33,04:08,04:42,04:18,04:51,เนื่องจากผ่านพื้นที่ก่อสร้าง,due to Passing construction site
2025-12-15,พัทลุง,Phatthalung,20,20,05:51,06:11,05:53,06:13,เนื่องจากผ่านพื้นที่ก่อสร้าง,due to Passing construction site
2025-12-15,ชุมทางหาดใหญ่,Hat Yai Junction,35,35,07:05,07:40,07:05,07:40,เนื่องจากผ่านพื้นที่ก่อสร้าง,due to Passing construction site
2025-12-16,กรุงเทพอภิวัฒน์,Bangkok (Krung Thep Aphiwat),-12,0,16:30,16:18,16:50,16:50,"เนื่องจากผ่านพื้นที่ก่อสร้าง, รอหลีกขบวนรถ","due to Passing construction site, Wait for track cleared"
2025-12-16,บางบำหรุ,Bang Bamru,0,0,17:01,17:01,17:02,17:02,"เนื่องจากผ่านพื้นที่ก่อสร้าง, รอหลีกขบวนรถ","due to Passing construction site, Wait for track cleared"
2025-12-16,ศาลายา,Sala Ya,0,0,17:22,17:22,17:23,17:23,"เนื่องจากผ่านพื้นที่ก่อสร้าง, รอหลีกขบวนรถ","due to Passing construction site, Wait for track cleared"
2025-12-16,นครปฐม,Nakhon Pathom,2,2,17:48,17:50,17:50,17:52,"เนื่องจากผ่านพื้นที่ก่อสร้าง, รอหลีกขบวนรถ","due to Passing construction site, Wait for track cleared"
2025-12-16,บ้านโป่ง,Ban Pong,6,8,18:08,18:14,18:09,18:17,"เนื่องจากผ่านพื้นที่ก่อสร้าง, รอหลีกขบวนรถ","due to Passing construction site, Wait for track cleared"
2025-12-16,ราชบุรี,Ratchaburi,6,0,18:37,18:43,18:47,18:47,"เนื่องจากผ่านพื้นที่ก่อสร้าง, รอหลีกขบวนรถ","due to Passing construction site, Wait for track cleared"
2025-12-16,เพชรบุรี,Phetchaburi,-6,0,19:30,19:24,19:31,19:31,"เนื่องจากผ่านพื้นที่ก่อสร้าง, รอหลีกขบวนรถ","due to Passing construction site, Wait for track cleared"
2025-12-16,หัวหิน,Hua Hin,9,7,20:20,20:29,20:25,20:32,"เนื่องจากผ่านพื้นที่ก่อสร้าง, รอหลีกขบวนรถ","due to Passing construction site, Wait for track cleared"
2025-12-16,ประจวบคีรีขันธ์,Prachuap Khiri Khan,-4,0,21:40,21:36,21:41,21:41,"เนื่องจากผ่านพื้นที่ก่อสร้าง, รอหลีกขบวนรถ","due to Passing construction site, Wait for track cleared"
2025-12-16,ชุมพร,Chumphon,7,7,23:55,00:02,00:05,00:12,"เนื่องจากผ่านพื้นที่ก่อสร้าง, รอหลีกขบวนรถ","due to Passing construction site, Wait for track cleared"
2025-12-16,สุราษฎร์ธานี,Surat Thani,44,44,02:20,03:04,02:23,03:07,"เนื่องจากผ่านพื้นที่ก่อสร้าง, รอหลีกขบวนรถ","due to Passing construction site, Wait for track cleared"
2025-12-16,ชุมทางทุ่งสง,Thung Song Junction,37,37,04:08,04:45,04:18,04:55,"เนื่องจากผ่านพื้นที่ก่อสร้าง, รอหลีกขบวนรถ","due to Passing construction site, Wait for track cleared"
2025-12-16,พัทลุง,Phatthalung,21,21,05:51,06:12,05:53,06:14,"เนื่องจากผ่านพื้นที่ก่อสร้าง, รอหลีกขบวนรถ","due to Passing construction site, Wait for track cleared"
2025-12-16,ชุมทางหาดใหญ่,Hat Yai Junction,45,45,07:05,07:50,07:05,07:50,"เนื่องจากผ่านพื้นที่ก่อสร้าง, รอหลีกขบวนรถ","due to Passing construction site, Wait for track cleared"
2025-12-17,กรุงเทพอภิวัฒน์,Bangkok (Krung Thep Aphiwat),-11,0,16:30,16:19,16:50,16:50,,
2025-12-17,บางบำหรุ,Bang Bamru,0,0,17:01,17:01,17:02,17:02,,
2025-12-17,ศาลายา,Sala Ya,0,0,17:22,17:22,17:23,17:23,,
2025-12-17,นครปฐม,Nakhon Pathom,2,2,17:48,17:50,17:50,17:52,,
2025-12-17,บ้านโป่ง,Ban Pong,1,1,18:08,18:09,18:09,18:10,,
2025-12-17,ราชบุรี,Ratchaburi,-4,0,18:37,18:33,18:47,18:47,,
2025-12-17,เพชรบุรี,Phetchaburi,-9,0,19:30,19:21,19:31,19:31,,
2025-12-17,หัวหิน,Hua Hin,0,0,20:20,20:20,20:25,20:25,,
2025-12-17,ประจวบคีรีขันธ์,Prachuap Khiri Khan,-7,0,21:40,21:33,21:41,21:41,,
2025-12-17,ชุมพร,Chumphon,-6,0,23:55,23:49,00:05,00:05,,
2025-12-17,สุราษฎร์ธานี,Surat Thani,26,26,02:20,02:46,02:23,02:49,,
2025-12-17,ชุมทางทุ่งสง,Thung Song Junction,21,19,04:08,04:29,04:18,04:37,,
2025-12-17,พัทลุง,Phatthalung,4,4,05:51,05:55,05:53,05:57,,
2025-12-17,ชุมทางหาดใหญ่,Hat Yai Junction,14,14,07:05,07:19,07:05,07:19,,
2025-12-18,กรุงเทพอภิวัฒน์,Bangkok (Krung Thep Aphiwat),-11,0,16:30,16:19,16:50,16:50,,
2025-12-18,บางบำหรุ,Bang Bamru,0,0,17:01,17:01,17:02,17:02,,
2025-12-18,ศาลายา,Sala Ya,0,0,17:22,17:22,17:23,17:23,,
2025-12-18,นครปฐม,Nakhon Pathom,6,6,17:48,17:54,17:50,17:56,,
2025-12-18,บ้านโป่ง,Ban Pong,8,8,18:08,18:16,18:09,18:17,,
2025-12-18,ราชบุรี,Ratchaburi,5,0,18:37,18:42,18:47,18:47,,
2025-12-18,เพชรบุรี,Phetchaburi,-6,0,19:30,19:24,19:31,19:31,,
2025-12-18,หัวหิน,Hua Hin,16,13,20:20,20:36,20:25,20:38,,
2025-12-18,ประจวบคีรีขันธ์,Prachuap Khiri Khan,6,6,21:40,21:46,21:41,21:47,,
2025-12-18,ชุมพร,Chumphon,16,23,23:55,00:11,00:05,00:28,,
2025-12-18,สุราษฎร์ธานี,Surat Thani,45,45,02:20,03:05,02:23,03:08,,
2025-12-18,ชุมทางทุ่งสง,Thung Song Junction,34,32,04:08,04:42,04:18,04:50,,
2025-12-18,พัทลุง,Phatthalung,10,10,05:51,06:01,05:53,06:03,,
2025-12-18,ชุมทางหาดใหญ่,Hat Yai Junction,10,10,07:05,07:15,07:05,07:15,,
2025-12-19,กรุงเทพอภิวัฒน์,Bangkok (Krung Thep Aphiwat),-10,35,16:30,16:20,16:50,17:25,"เนื่องจากผ่านพื้นที่ก่อสร้าง, รอหลีกขบวนรถ","due to Passing construction site, Wait for track cleared"
2025-12-19,บางบำหรุ,Bang Bamru,34,34,17:01,17:35,17:02,17:36,"เนื่องจากผ่านพื้นที่ก่อสร้าง, รอหลีกขบวนรถ","due to Passing construction site, Wait for track cleared"
2025-12-19,ศาลายา,Sala Ya,31,31,17:22,17:53,17:23,17:54,"เนื่องจากผ่านพื้นที่ก่อสร้าง, รอหลีกขบวนรถ","due to Passing construction site, Wait for track cleared"
2025-12-19,นครปฐม,Nakhon Pathom,31,31,17:48,18:19,17:50,18:21,"เนื่องจากผ่านพื้นที่ก่อสร้าง, รอหลีกขบวนรถ","due to Passing construction site, Wait for track cleared"
2025-12-19,บ้านโป่ง,Ban Pong,33,33,18:08,18:41,18:09,18:42,"เนื่องจากผ่านพื้นที่ก่อสร้าง, รอหลีกขบวนรถ","due to Passing construction site, Wait for track cleared"
2025-12-19,ราชบุรี,Ratchaburi,28,21,18:37,19:05,18:47,19:08,"เนื่องจากผ่านพื้นที่ก่อสร้าง, รอหลีกขบวนรถ","due to Passing construction site, Wait for track cleared"
2025-12-19,เพชรบุรี,Phetchaburi,12,12,19:30,19:42,19:31,19:43,"เนื่องจากผ่านพื้นที่ก่อสร้าง, รอหลีกขบวนรถ","due to Passing construction site, Wait for track cleared"
2025-12-19,หัวหิน,Hua Hin,20,18,20:20,20:40,20:25,20:43,"เนื่องจากผ่านพื้นที่ก่อสร้าง, รอหลีกขบวนรถ","due to Passing construction site, Wait for track cleared"
2025-12-19,ประจวบคีรีขันธ์,Prachuap Khiri Khan,14,14,21:40,21:54,21:41,21:55,"เนื่องจากผ่านพื้นที่ก่อสร้าง, รอหลีกขบวนรถ","due to Passing construction site, Wait for track cleared"
2025-12-19,ชุมพร,Chumphon,24,24,23:55,00:19,00:05,00:29,"เนื่องจากผ่านพื้นที่ก่อสร้าง, รอหลีกขบวนรถ","due to Passing construction site, Wait for track cleared"
2025-12-19,สุราษฎร์ธานี,Surat Thani,50,52,02:20,03:10,02:23,03:15,"เนื่องจากผ่านพื้นที่ก่อสร้าง, รอหลีกขบวนรถ","due to Passing construction site, Wait for track cleared"
2025-12-19,ชุมทางทุ่งสง,Thung Song Junction,45,44,04:08,04:53,04:18,05:02,"เนื่องจากผ่านพื้นที่ก่อสร้าง, รอหลีกขบวนรถ","due to Passing construction site, Wait for track cleared"
2025-12-19,พัทลุง,Phatthalung,27,27,05:51,06:18,05:53,06:20,"เนื่องจากผ่านพื้นที่ก่อสร้าง, รอหลีกขบวนรถ","due to Passing construction site, Wait for track cleared"
2025-12-19,ชุมทางหาดใหญ่,Hat Yai Junction,29,29,07:05,07:34,07:05,07:34,"เนื่องจากผ่านพื้นที่ก่อสร้าง, รอหลีกขบวนรถ","due to Passing construction site, Wait for track cleared"
2025-12-20,กรุงเทพอภิวัฒน์,Bangkok (Krung Thep Aphiwat),-5,0,16:30,16:25,16:50,16:50,,
2025-12-20,บางบำหรุ,Bang Bamru,0,0,17:01,17:01,17:02,17:02,,
2025-12-20,ศาลายา,Sala Ya,0,0,17:22,17:22,17:23,17:23,,
2025-12-20,นครปฐม,Nakhon Pathom,0,0,17:48,17:48,17:50,17:50,,
2025-12-20,บ้านโป่ง,Ban Pong,0,0,18:08,18:08,18:09,18:09,,
2025-12-20,ราชบุรี,Ratchaburi,-3,0,18:37,18:34,18:47,18:47,,
2025-12-20,เพชรบุรี,Phetchaburi,-6,0,19:30,19:24,19:31,19:31,,
2025-12-20,หัวหิน,Hua Hin,6,4,20:20,20:26,20:25,20:29,,
2025-12-20,ประจวบคีรีขันธ์,Prachuap Khiri Khan,-6,0,21:40,21:34,21:41,21:41,,
2025-12-20,ชุมพร,Chumphon,2,9,23:55,23:57,00:05,00:14,,
2025-12-20,สุราษฎร์ธานี,Surat Thani,21,21,02:20,02:41,02:23,02:44,,
2025-12-20,ชุมทางทุ่งสง,Thung Song Junction,14,12,04:08,04:22,04:18,04:30,,
2025-12-20,พัทลุง,Phatthalung,-13,0,05:51,05:38,05:53,05:53,,
2025-12-20,ชุมทางหาดใหญ่,Hat Yai Junction,10,10,07:05,07:15,07:05,07:15,,
2025-12-21,กรุงเทพอภิวัฒน์,Bangkok (Krung Thep Aphiwat),-9,0,16:30,16:21,16:50,16:50,,
2025-12-21,บางบำหรุ,Bang Bamru,3,3,17:01,17:04,17:02,17:05,,
2025-12-21,ศาลายา,Sala Ya,1,1,17:22,17:23,17:23,17:24,,
2025-12-21,นครปฐม,Nakhon Pathom,2,2,17:48,17:50,17:50,17:52,,
2025-12-21,บ้านโป่ง,Ban Pong,3,3,18:08,18:11,18:09,18:12,,
2025-12-21,ราชบุรี,Ratchaburi,2,0,18:37,18:39,18:47,18:47,,
2025-12-21,เพชรบุรี,Phetchaburi,-5,0,19:30,19:25,19:31,19:31,,
2025-12-21,หัวหิน,Hua Hin,9,7,20:20,20:29,20:25,20:32,,
2025-12-21,ประจวบคีรีขันธ์,Prachuap Khiri Khan,-3,0,21:40,21:37,21:41,21:41,,
2025-12-21,ชุมพร,Chumphon,11,10,23:55,00:06,00:05,00:15,,
2025-12-21,สุราษฎร์ธานี,Surat Thani,22,22,02:20,02:42,02:23,02:45,,
2025-12-21,ชุมทางทุ่งสง,Thung Song Junction,16,14,04:08,04:24,04:18,04:32,,
2025-12-21,พัทลุง,Phatthalung,0,0,05:51,05:51,05:53,05:53,,
2025-12-21,ชุมทางหาดใหญ่,Hat Yai Junction,13,13,07:05,07:18,07:05,07:18,,
2025-12-22,กรุงเทพอภิวัฒน์,Bangkok (Krung Thep Aphiwat),-13,0,16:30,16:17,16:50,16:50,,
2025-12-22,บางบำหรุ,Bang Bamru,0,0,17:01,17:01,17:02,17:02,,
2025-12-22,ศาลายา,Sala Ya,2,2,17:22,17:24,17:23,17:25,,
2025-12-22,นครปฐม,Nakhon Pathom,0,0,17:48,17:48,17:50,17:50,,
2025-12-22,บ้านโป่ง,Ban Pong,-1,0,18:08,18:07,18:09,18:09,,
2025-12-22,ราชบุรี,Ratchaburi,-3,0,18:37,18:34,18:47,18:47,,
2025-12-22,เพชรบุรี,Phetchaburi,-9,0,19:30,19:21,19:31,19:31,,
2025-12-22,หัวหิน,Hua Hin,3,1,20:20,20:23,20:25,20:26,,
2025-12-22,ประจวบคีรีขันธ์,Prachuap Khiri Khan,-7,0,21:40,21:33,21:41,21:41,,
2025-12-22,ชุมพร,Chumphon,0,8,23:55,23:55,00:05,00:13,,
2025-12-22,สุราษฎร์ธานี,Surat Thani,15,15,02:20,02:35,02:23,02:38,,
2025-12-22,ชุมทางทุ่งสง,Thung Song Junction,2,0,04:08,04:10,04:18,04:18,,
2025-12-22,พัทลุง,Phatthalung,0,0,05:51,05:51,05:53,05:53,,
2025-12-22,ชุมทางหาดใหญ่,Hat Yai Junction,20,20,07:05,07:25,07:05,07:25,,
2025-12-23,กรุงเทพอภิวัฒน์,Bangkok (Krung Thep Aphiwat),-11,0,16:30,16:19,16:50,16:50,,
2025-12-23,บางบำหรุ,Bang Bamru,0,2,17:01,17:01,17:02,17:04,,
2025-12-23,ศาลายา,Sala Ya,0,0,17:22,17:22,17:23,17:23,,
2025-12-23,นครปฐม,Nakhon Pathom,0,0,17:48,17:48,17:50,17:50,,
2025-12-23,บ้านโป่ง,Ban Pong,0,0,18:08,18:08,18:09,18:09,,
2025-12-23,ราชบุรี,Ratchaburi,-2,0,18:37,18:35,18:47,18:47,,
2025-12-23,เพชรบุรี,Phetchaburi,-6,0,19:30,19:24,19:31,19:31,,
2025-12-23,หัวหิน,Hua Hin,9,7,20:20,20:29,20:25,20:32,,
2025-12-23,ประจวบคีรีขันธ์,Prachuap Khiri Khan,8,8,21:40,21:48,21:41,21:49,,
2025-12-23,ชุมพร,Chumphon,15,13,23:55,00:10,00:05,00:18,,
2025-12-23,สุราษฎร์ธานี,Surat Thani,41,41,02:20,03:01,02:23,03:04,,
2025-12-23,ชุมทางทุ่งสง,Thung Song Junction,33,30,04:08,04:41,04:18,04:48,,
2025-12-23,พัทลุง,Phatthalung,22,22,05:51,06:13,05:53,06:15,,
2025-12-23,ชุมทางหาดใหญ่,Hat Yai Junction,20,20,07:05,07:25,07:05,07:25,,
2025-12-24,กรุงเทพอภิวัฒน์,Bangkok (Krung Thep Aphiwat),-12,0,16:30,16:18,16:50,16:50,"เนื่องจากผ่านพื้นที่ก่อสร้าง, รอหลีกขบวนรถ","due to Passing construction site, Wait for track cleared"
2025-12-24,บางบำหรุ,Bang Bamru,0,0,17:01,17:01,17:02,17:02,"เนื่องจากผ่านพื้นที่ก่อสร้าง, รอหลีกขบวนรถ","due to Passing construction site, Wait for track cleared"
2025-12-24,ศาลายา,Sala Ya,0,0,17:22,17:22,17:23,17:23,"เนื่องจากผ่านพื้นที่ก่อสร้าง, รอหลีกขบวนรถ","due to Passing construction site, Wait for track cleared"
2025-12-24,นครปฐม,Nakhon Pathom,2,2,17:48,17:50,17:50,17:52,"เนื่องจากผ่านพื้นที่ก่อสร้าง, รอหลีกขบวนรถ","due to Passing construction site, Wait for track cleared"
2025-12-24,บ้านโป่ง,Ban Pong,5,5,18:08,18:13,18:09,18:14,"เนื่องจากผ่านพื้นที่ก่อสร้าง, รอหลีกขบวนรถ","due to Passing construction site, Wait for track cleared"
2025-12-24,ราชบุรี,Ratchaburi,3,0,18:37,18:40,18:47,18:47,"เนื่องจากผ่านพื้นที่ก่อสร้าง, รอหลีกขบวนรถ","due to Passing construction site, Wait for track cleared"
2025-12-24,เพชรบุรี,Phetchaburi,-6,0,19:30,19:24,19:31,19:31,"เนื่องจากผ่านพื้นที่ก่อสร้าง, รอหลีกขบวนรถ","due to Passing construction site, Wait for track cleared"
2025-12-24,หัวหิน,Hua Hin,9,8,20:20,20:29,20:25,20:33,"เนื่องจากผ่านพื้นที่ก่อสร้าง, รอหลีกขบวนรถ","due to Passing construction site, Wait for track cleared"
2025-12-24,ประจวบคีรีขันธ์,Prachuap Khiri Khan,0,0,21:40,21:40,21:41,21:41,"เนื่องจากผ่านพื้นที่ก่อสร้าง, รอหลีกขบวนรถ","due to Passing construction site, Wait for track cleared"
2025-12-24,ชุมพร,Chumphon,0,0,23:55,23:55,00:05,00:05,"เนื่องจากผ่านพื้นที่ก่อสร้าง, รอหลีกขบวนรถ","due to Passing construction site, Wait for track cleared"
2025-12-24,สุราษฎร์ธานี,Surat Thani,44,44,02:20,03:04,02:23,03:07,"เนื่องจากผ่านพื้นที่ก่อสร้าง, รอหลีกขบวนรถ","due to Passing construction site, Wait for track cleared"
2025-12-24,ชุมทางทุ่งสง,Thung Song Junction,40,40,04:08,04:48,04:18,04:58,"เนื่องจากผ่านพื้นที่ก่อสร้าง, รอหลีกขบวนรถ","due to Passing construction site, Wait for track cleared"
2025-12-24,พัทลุง,Phatthalung,25,25,05:51,06:16,05:53,06:18,"เนื่องจากผ่านพื้นที่ก่อสร้าง, รอหลีกขบวนรถ","due to Passing construction site, Wait for track cleared"
2025-12-24,ชุมทางหาดใหญ่,Hat Yai Junction,35,35,07:05,07:40,07:05,07:40,"เนื่องจากผ่านพื้นที่ก่อสร้าง, รอหลีกขบวนรถ","due to Passing construction site, Wait for track cleared"
2025-12-25,กรุงเทพอภิวัฒน์,Bangkok (Krung Thep Aphiwat),-12,0,16:30,16:18,16:50,16:50,,
2025-12-25,บางบำหรุ,Bang Bamru,0,0,17:01,17:01,17:02,17:02,,
2025-12-25,ศาลายา,Sala Ya,0,0,17:22,17:22,17:23,17:23,,
2025-12-25,นครปฐม,Nakhon Pathom,0,0,17:48,17:48,17:50,17:50,,
2025-12-25,บ้านโป่ง,Ban Pong,2,2,18:08,18:10,18:09,18:11,,
2025-12-25,ราชบุรี,Ratchaburi,0,0,18:37,18:37,18:47,18:47,,
2025-12-25,เพชรบุรี,Phetchaburi,-5,0,19:30,19:25,19:31,19:31,,
2025-12-25,หัวหิน,Hua Hin,6,3,20:20,20:26,20:25,20:28,,
2025-12-25,ประจวบคีรีขันธ์,Prachuap Khiri Khan,-7,0,21:40,21:33,21:41,21:41,,
2025-12-25,ชุมพร,Chumphon,-9,0,23:55,23:46,00:05,00:05,,
2025-12-25,สุราษฎร์ธานี,Surat Thani,26,26,02:20,02:46,02:23,02:49,,
2025-12-25,ชุมทางทุ่งสง,Thung Song Junction,16,15,04:08,04:24,04:18,04:33,,
2025-12-25,พัทลุง,Phatthalung,3,3,05:51,05:54,05:53,05:56,,
2025-12-25,ชุมทางหาดใหญ่,Hat Yai Junction,20,20,07:05,07:25,07:05,07:25,,
2025-12-26,กรุงเทพอภิวัฒน์,Bangkok (Krung Thep Aphiwat),-10,0,16:30,16:20,16:50,16:50,"เนื่องจากผ่านพื้นที่ก่อสร้าง, รอหลีกขบวนรถ","due to Passing construction site, Wait for track cleared"
2025-12-26,บางบำหรุ,Bang Bamru,0,0,17:01,17:01,17:02,17:02,"เนื่องจากผ่านพื้นที่ก่อสร้าง, รอหลีกขบวนรถ","due to Passing construction site, Wait for track cleared"
2025-12-26,ศาลายา,Sala Ya,0,0,17:22,17:22,17:23,17:23,"เนื่องจากผ่านพื้นที่ก่อสร้าง, รอหลีกขบวนรถ","due to Passing construction site, Wait for track cleared"
2025-12-26,นครปฐม,Nakhon Pathom,0,0,17:48,17:48,17:50,17:50,"เนื่องจากผ่านพื้นที่ก่อสร้าง, รอหลีกขบวนรถ","due to Passing construction site, Wait for track cleared"
2025-12-26,บ้านโป่ง,Ban Pong,2,2,18:08,18:10,18:09,18:11,"เนื่องจากผ่านพื้นที่ก่อสร้าง, รอหลีกขบวนรถ","due to Passing construction site, Wait for track cleared"
2025-12-26,ราชบุรี,Ratchaburi,-3,0,18:37,18:34,18:47,18:47,"เนื่องจากผ่านพื้นที่ก่อสร้าง, รอหลีกขบวนรถ","due to Passing construction site, Wait for track cleared"
2025-12-26,เพชรบุรี,Phetchaburi,-8,0,19:30,19:22,19:31,19:31,"เนื่องจากผ่านพื้นที่ก่อสร้าง, รอหลีกขบวนรถ","due to Passing construction site, Wait for track cleared"
2025-12-26,หัวหิน,Hua Hin,14,11,20:20,20:34,20:25,20:36,"เนื่องจากผ่านพื้นที่ก่อสร้าง, รอหลีกขบวนรถ","due to Passing construction site, Wait for track cleared"
2025-12-26,ประจวบคีรีขันธ์,Prachuap Khiri Khan,1,1,21:40,21:41,21:41,21:42,"เนื่องจากผ่านพื้นที่ก่อสร้าง, รอหลีกขบวนรถ","due to Passing construction site, Wait for track cleared"
2025-12-26,ชุมพร,Chumphon,4,5,23:55,23:59,00:05,00:10,"เนื่องจากผ่านพื้นที่ก่อสร้าง, รอหลีกขบวนรถ","due to Passing construction site, Wait for track cleared"
2025-12-26,สุราษฎร์ธานี,Surat Thani,40,40,02:20,03:00,02:23,03:03,"เนื่องจากผ่านพื้นที่ก่อสร้าง, รอหลีกขบวนรถ","due to Passing construction site, Wait for track cleared"
2025-12-26,ชุมทางทุ่งสง,Thung Song Junction,43,43,04:08,04:51,04:18,05:01,"เนื่องจากผ่านพื้นที่ก่อสร้าง, รอหลีกขบวนรถ","due to Passing construction site, Wait for track cleared"
2025-12-26,พัทลุง,Phatthalung,31,31,05:51,06:22,05:53,06:24,"เนื่องจากผ่านพื้นที่ก่อสร้าง, รอหลีกขบวนรถ","due to Passing construction site, Wait for track cleared"
2025-12-26,ชุมทางหาดใหญ่,Hat Yai Junction,55,55,07:05,08:00,07:05,08:00,"เนื่องจากผ่านพื้นที่ก่อสร้าง, รอหลีกขบวนรถ","due to Passing construction site, Wait for track cleared"
2025-12-27,กรุงเทพอภิวัฒน์,Bangkok (Krung Thep Aphiwat),-11,0,16:30,16:19,16:50,16:50,"เนื่องจากจุดสับรางขัดข้อง, ผ่านพื้นที่ก่อสร้าง, รอหลีกขบวนรถ","due to Switch malfunction, Passing construction site, Wait for track cleared"
2025-12-27,บางบำหรุ,Bang Bamru,0,0,17:01,17:01,17:02,17:02,"เนื่องจากจุดสับรางขัดข้อง, ผ่านพื้นที่ก่อสร้าง, รอหลีกขบวนรถ","due to Switch malfunction, Passing construction site, Wait for track cleared"
2025-12-27,ศาลายา,Sala Ya,2,2,17:22,17:24,17:23,17:25,"เนื่องจากจุดสับรางขัดข้อง, ผ่านพื้นที่ก่อสร้าง, รอหลีกขบวนรถ","due to Switch malfunction, Passing construction site, Wait for track cleared"
2025-12-27,นครปฐม,Nakhon Pathom,7,7,17:48,17:55,17:50,17:57,"เนื่องจากจุดสับรางขัดข้อง, ผ่านพื้นที่ก่อสร้าง, รอหลีกขบวนรถ","due to Switch malfunction, Passing construction site, Wait for track cleared"
2025-12-27,บ้านโป่ง,Ban Pong,8,8,18:08,18:16,18:09,18:17,"เนื่องจากจุดสับรางขัดข้อง, ผ่านพื้นที่ก่อสร้าง, รอหลีกขบวนรถ","due to Switch malfunction, Passing construction site, Wait for track cleared"
2025-12-27,ราชบุรี,Ratchaburi,7,0,18:37,18:44,18:47,18:47,"เนื่องจากจุดสับรางขัดข้อง, ผ่านพื้นที่ก่อสร้าง, รอหลีกขบวนรถ","due to Switch malfunction, Passing construction site, Wait for track cleared"
2025-12-27,เพชรบุรี,Phetchaburi,-1,0,19:30,19:29,19:31,19:31,"เนื่องจากจุดสับรางขัดข้อง, ผ่านพื้นที่ก่อสร้าง, รอหลีกขบวนรถ","due to Switch malfunction, Passing construction site, Wait for track cleared"
2025-12-27,หัวหิน,Hua Hin,15,13,20:20,20:35,20:25,20:38,"เนื่องจากจุดสับรางขัดข้อง, ผ่านพื้นที่ก่อสร้าง, รอหลีกขบวนรถ","due to Switch malfunction, Passing construction site, Wait for track cleared"
2025-12-27,ประจวบคีรีขันธ์,Prachuap Khiri Khan,5,5,21:40,21:45,21:41,21:46,"เนื่องจากจุดสับรางขัดข้อง, ผ่านพื้นที่ก่อสร้าง, รอหลีกขบวนรถ","due to Switch malfunction, Passing construction site, Wait for track cleared"
2025-12-27,ชุมพร,Chumphon,3,6,23:55,23:58,00:05,00:11,"เนื่องจากจุดสับรางขัดข้อง, ผ่านพื้นที่ก่อสร้าง, รอหลีกขบวนรถ","due to Switch malfunction, Passing construction site, Wait for track cleared"
2025-12-27,สุราษฎร์ธานี,Surat Thani,35,35,02:20,02:55,02:23,02:58,"เนื่องจากจุดสับรางขัดข้อง, ผ่านพื้นที่ก่อสร้าง, รอหลีกขบวนรถ","due to Switch malfunction, Passing construction site, Wait for track cleared"
2025-12-27,ชุมทางทุ่งสง,Thung Song Junction,28,30,04:08,04:36,04:18,04:48,"เนื่องจากจุดสับรางขัดข้อง, ผ่านพื้นที่ก่อสร้าง, รอหลีกขบวนรถ","due to Switch malfunction, Passing construction site, Wait for track cleared"
2025-12-27,พัทลุง,Phatthalung,21,21,05:51,06:12,05:53,06:14,"เนื่องจากจุดสับรางขัดข้อง, ผ่านพื้นที่ก่อสร้าง, รอหลีกขบวนรถ","due to Switch malfunction, Passing construction site, Wait for track cleared"
2025-12-27,ชุมทางหาดใหญ่,Hat Yai Junction,42,42,07:05,07:47,07:05,07:47,"เนื่องจากจุดสับรางขัดข้อง, ผ่านพื้นที่ก่อสร้าง, รอหลีกขบวนรถ","due to Switch malfunction, Passing construction site, Wait for track cleared"
2025-12-28,กรุงเทพอภิวัฒน์,Bangkok (Krung Thep Aphiwat),-10,0,16:30,16:20,16:50,16:50,"เนื่องจากผ่านพื้นที่ก่อสร้าง, รอหลีกขบวนรถ","due to Passing construction site, Wait for track cleared"
2025-12-28,บางบำหรุ,Bang Bamru,0,0,17:01,17:01,17:02,17:02,"เนื่องจากผ่านพื้นที่ก่อสร้าง, รอหลีกขบวนรถ","due to Passing construction site, Wait for track cleared"
2025-12-28,ศาลายา,Sala Ya,0,0,17:22,17:22,17:23,17:23,"เนื่องจากผ่านพื้นที่ก่อสร้าง, รอหลีกขบวนรถ","due to Passing construction site, Wait for track cleared"
2025-12-28,นครปฐม,Nakhon Pathom,0,0,17:48,17:48,17:50,17:50,"เนื่องจากผ่านพื้นที่ก่อสร้าง, รอหลีกขบวนรถ","due to Passing construction site, Wait for track cleared"
2025-12-28,บ้านโป่ง,Ban Pong,2,2,18:08,18:10,18:09,18:11,"เนื่องจากผ่านพื้นที่ก่อสร้าง, รอหลีกขบวนรถ","due to Passing construction site, Wait for track cleared"
2025-12-28,ราชบุรี,Ratchaburi,0,0,18:37,18:37,18:47,18:47,"เนื่องจากผ่านพื้นที่ก่อสร้าง, รอหลีกขบวนรถ","due to Passing construction site, Wait for track cleared"
2025-12-28,เพชรบุรี,Phetchaburi,-7,0,19:30,19:23,19:31,19:31,"เนื่องจากผ่านพื้นที่ก่อสร้าง, รอหลีกขบวนรถ","due to Passing construction site, Wait for track cleared"
2025-12-28,หัวหิน,Hua Hin,5,3,20:20,20:25,20:25,20:28,"เนื่องจากผ่านพื้นที่ก่อสร้าง, รอหลีกขบวนรถ","due to Passing construction site, Wait for track cleared"
2025-12-28,ประจวบคีรีขันธ์,Prachuap Khiri Khan,-1,0,21:40,21:39,21:41,21:41,"เนื่องจากผ่านพื้นที่ก่อสร้าง, รอหลีกขบวนรถ","due to Passing construction site, Wait for track cleared"
2025-12-28,ชุมพร,Chumphon,9,8,23:55,00:04,00:05,00:13,"เนื่องจากผ่านพื้นที่ก่อสร้าง, รอหลีกขบวนรถ","due to Passing construction site, Wait for track cleared"
2025-12-28,สุราษฎร์ธานี,Surat Thani,41,41,02:20,03:01,02:23,03:04,"เนื่องจากผ่านพื้นที่ก่อสร้าง, รอหลีกขบวนรถ","due to Passing construction site, Wait for track cleared"
2025-12-28,ชุมทางทุ่งสง,Thung Song Junction,39,39,04:08,04:47,04:18,04:57,"เนื่องจากผ่านพื้นที่ก่อสร้าง, รอหลีกขบวนรถ","due to Passing construction site, Wait for track cleared"
2025-12-28,พัทลุง,Phatthalung,25,25,05:51,06:16,05:53,06:18,"เนื่องจากผ่านพื้นที่ก่อสร้าง, รอหลีกขบวนรถ","due to Passing construction site, Wait for track cleared"
2025-12-28,ชุมทางหาดใหญ่,Hat Yai Junction,40,40,07:05,07:45,07:05,07:45,"เนื่องจากผ่านพื้นที่ก่อสร้าง, รอหลีกขบวนรถ","due to Passing construction site, Wait for track cleared"
2025-12-29,กรุงเทพอภิวัฒน์,Bangkok (Krung Thep Aphiwat),-10,0,16:30,16:20,16:50,16:50,"เนื่องจากผ่านพื้นที่ก่อสร้าง, รอทาง, รอหลีกขบวนรถ","due to Passing construction site, Wait for track cleared, Wait for track cleared"
2025-12-29,บางบำหรุ,Bang Bamru,0,0,17:01,17:01,17:02,17:02,"เนื่องจากผ่านพื้นที่ก่อสร้าง, รอทาง, รอหลีกขบวนรถ","due to Passing construction site, Wait for track cleared, Wait for track cleared"
2025-12-29,ศาลายา,Sala Ya,0,0,17:22,17:22,17:23,17:23,"เนื่องจากผ่านพื้นที่ก่อสร้าง, รอทาง, รอหลีกขบวนรถ","due to Passing construction site, Wait for track cleared, Wait for track cleared"
2025-12-29,นครปฐม,Nakhon Pathom,0,0,17:48,17:48,17:50,17:50,"เนื่องจากผ่านพื้นที่ก่อสร้าง, รอทาง, รอหลีกขบวนรถ","due to Passing construction site, Wait for track cleared, Wait for track cleared"
2025-12-29,บ้านโป่ง,Ban Pong,0,0,18:08,18:08,18:09,18:09,"เนื่องจากผ่านพื้นที่ก่อสร้าง, รอทาง, รอหลีกขบวนรถ","due to Passing construction site, Wait for track cleared, Wait for track cleared"
2025-12-29,ราชบุรี,Ratchaburi,-3,0,18:37,18:34,18:47,18:47,"เนื่องจากผ่านพื้นที่ก่อสร้าง, รอทาง, รอหลีกขบวนรถ","due to Passing construction site, Wait for track cleared, Wait for track cleared"
2025-12-29,เพชรบุรี,Phetchaburi,-7,0,19:30,19:23,19:31,19:31,"เนื่องจากผ่านพื้นที่ก่อสร้าง, รอทาง, รอหลีกขบวนรถ","due to Passing construction site, Wait for track cleared, Wait for track cleared"
2025-12-29,หัวหิน,Hua Hin,5,4,20:20,20:25,20:25,20:29,"เนื่องจากผ่านพื้นที่ก่อสร้าง, รอทาง, รอหลีกขบวนรถ","due to Passing construction site, Wait for track cleared, Wait for track cleared"
2025-12-29,ประจวบคีรีขันธ์,Prachuap Khiri Khan,-3,0,21:40,21:37,21:41,21:41,"เนื่องจากผ่านพื้นที่ก่อสร้าง, รอทาง, รอหลีกขบวนรถ","due to Passing construction site, Wait for track cleared, Wait for track cleared"
2025-12-29,ชุมพร,Chumphon,10,19,23:55,00:05,00:05,00:24,"เนื่องจากผ่านพื้นที่ก่อสร้าง, รอทาง, รอหลีกขบวนรถ","due to Passing construction site, Wait for track cleared, Wait for track cleared"
2025-12-29,สุราษฎร์ธานี,Surat Thani,36,36,02:20,02:56,02:23,02:59,"เนื่องจากผ่านพื้นที่ก่อสร้าง, รอทาง, รอหลีกขบวนรถ","due to Passing construction site, Wait for track cleared, Wait for track cleared"
2025-12-29,ชุมทางทุ่งสง,Thung Song Junction,49,49,04:08,04:57,04:18,05:07,"เนื่องจากผ่านพื้นที่ก่อสร้าง, รอทาง, รอหลีกขบวนรถ","due to Passing construction site, Wait for track cleared, Wait for track cleared"
2025-12-29,พัทลุง,Phatthalung,29,29,05:51,06:20,05:53,06:22,"เนื่องจากผ่านพื้นที่ก่อสร้าง, รอทาง, รอหลีกขบวนรถ","due to Passing construction site, Wait for track cleared, Wait for track cleared"
2025-12-29,ชุมทางหาดใหญ่,Hat Yai Junction,29,29,07:05,07:34,07:05,07:34,"เนื่องจากผ่านพื้นที่ก่อสร้าง, รอทาง, รอหลีกขบวนรถ","due to Passing construction site, Wait for track cleared, Wait for track cleared"
2025-12-30,กรุงเทพอภิวัฒน์,Bangkok (Krung Thep Aphiwat),-10,0,16:30,16:20,16:50,16:50,,
2025-12-30,บางบำหรุ,Bang Bamru,0,0,17:01,17:01,17:02,17:02,,
2025-12-30,ศาลายา,Sala Ya,0,0,17:22,17:22,17:23,17:23,,
2025-12-30,นครปฐม,Nakhon Pathom,3,3,17:48,17:51,17:50,17:53,,
2025-12-30,บ้านโป่ง,Ban Pong,5,5,18:08,18:13,18:09,18:14,,
2025-12-30,ราชบุรี,Ratchaburi,2,0,18:37,18:39,18:47,18:47,,
2025-12-30,เพชรบุรี,Phetchaburi,-5,0,19:30,19:25,19:31,19:31,,
2025-12-30,หัวหิน,Hua Hin,12,11,20:20,20:32,20:25,20:36,,
2025-12-30,ประจวบคีรีขันธ์,Prachuap Khiri Khan,1,1,21:40,21:41,21:41,21:42,,
2025-12-30,ชุมพร,Chumphon,2,9,23:55,23:57,00:05,00:14,,
2025-12-30,สุราษฎร์ธานี,Surat Thani,36,36,02:20,02:56,02:23,02:59,,
2025-12-30,ชุมทางทุ่งสง,Thung Song Junction,28,24,04:08,04:36,04:18,04:42,,
2025-12-30,พัทลุง,Phatthalung,6,6,05:51,05:57,05:53,05:59,,
2025-12-30,ชุมทางหาดใหญ่,Hat Yai Junction,5,5,07:05,07:10,07:05,07:10,,
2025-12-31,กรุงเทพอภิวัฒน์,Bangkok (Krung Thep Aphiwat),-11,0,16:30,16:19,16:50,16:50,,
2025-12-31,บางบำหรุ,Bang Bamru,0,0,17:01,17:01,17:02,17:02,,
2025-12-31,ศาลายา,Sala Ya,0,0,17:22,17:22,17:23,17:23,,
2025-12-31,นครปฐม,Nakhon Pathom,1,1,17:48,17:49,17:50,17:51,,
2025-12-31,บ้านโป่ง,Ban Pong,1,1,18:08,18:09,18:09,18:10,,
2025-12-31,ราชบุรี,Ratchaburi,-3,0,18:37,18:34,18:47,18:47,,
2025-12-31,เพชรบุรี,Phetchaburi,-5,0,19:30,19:25,19:31,19:31,,
2025-12-31,หัวหิน,Hua Hin,0,0,20:20,20:20,20:25,20:25,,
2025-12-31,ประจวบคีรีขันธ์,Prachuap Khiri Khan,-8,0,21:40,21:32,21:41,21:41,,
2025-12-31,ชุมพร,Chumphon,9,10,23:55,00:04,00:05,00:15,,
2025-12-31,สุราษฎร์ธานี,Surat Thani,41,41,02:20,03:01,02:23,03:04,,
2025-12-31,ชุมทางทุ่งสง,Thung Song Junction,38,36,04:08,04:46,04:18,04:54,,
2025-12-31,พัทลุง,Phatthalung,17,17,05:51,06:08,05:53,06:10,,
2025-12-31,ชุมทางหาดใหญ่,Hat Yai Junction,20,20,07:05,07:25,07:05,07:25,,
2026-01-01,กรุงเทพอภิวัฒน์,Bangkok (Krung Thep Aphiwat),-20,0,16:30,16:10,16:50,16:50,"เนื่องจากผ่านพื้นที่ก่อสร้าง, รอหลีกขบวนรถ","due to Passing construction site, Wait for track cleared"
2026-01-01,บางบำหรุ,Bang Bamru,0,0,17:01,17:01,17:02,17:02,"เนื่องจากผ่านพื้นที่ก่อสร้าง, รอหลีกขบวนรถ","due to Passing construction site, Wait for track cleared"
2026-01-01,ศาลายา,Sala Ya,0,0,17:22,17:22,17:23,17:23,"เนื่องจากผ่านพื้นที่ก่อสร้าง, รอหลีกขบวนรถ","due to Passing construction site, Wait for track cleared"
2026-01-01,นครปฐม,Nakhon Pathom,0,0,17:48,17:48,17:50,17:50,"เนื่องจากผ่านพื้นที่ก่อสร้าง, รอหลีกขบวนรถ","due to Passing construction site, Wait for track cleared"
2026-01-01,บ้านโป่ง,Ban Pong,1,1,18:08,18:09,18:09,18:10,"เนื่องจากผ่านพื้นที่ก่อสร้าง, รอหลีกขบวนรถ","due to Passing construction site, Wait for track cleared"
2026-01-01,ราชบุรี,Ratchaburi,-2,0,18:37,18:35,18:47,18:47,"เนื่องจากผ่านพื้นที่ก่อสร้าง, รอหลีกขบวนรถ","due to Passing construction site, Wait for track cleared"
2026-01-01,เพชรบุรี,Phetchaburi,-5,0,19:30,19:25,19:31,19:31,"เนื่องจากผ่านพื้นที่ก่อสร้าง, รอหลีกขบวนรถ","due to Passing construction site, Wait for track cleared"
2026-01-01,หัวหิน,Hua Hin,10,7,20:20,20:30,20:25,20:32,"เนื่องจากผ่านพื้นที่ก่อสร้าง, รอหลีกขบวนรถ","due to Passing construction site, Wait for track cleared"
2026-01-01,ประจวบคีรีขันธ์,Prachuap Khiri Khan,-2,0,21:40,21:38,21:41,21:41,"เนื่องจากผ่านพื้นที่ก่อสร้าง, รอหลีกขบวนรถ","due to Passing construction site, Wait for track cleared"
2026-01-01,ชุมพร,Chumphon,13,13,23:55,00:08,00:05,00:18,"เนื่องจากผ่านพื้นที่ก่อสร้าง, รอหลีกขบวนรถ","due to Passing construction site, Wait for track cleared"
2026-01-01,สุราษฎร์ธานี,Surat Thani,42,42,02:20,03:02,02:23,03:05,"เนื่องจากผ่านพื้นที่ก่อสร้าง, รอหลีกขบวนรถ","due to Passing construction site, Wait for track cleared"
2026-01-01,ชุมทางทุ่งสง,Thung Song Junction,39,39,04:08,04:47,04:18,04:57,"เนื่องจากผ่านพื้นที่ก่อสร้าง, รอหลีกขบวนรถ","due to Passing construction site, Wait for track cleared"
2026-01-01,พัทลุง,Phatthalung,27,27,05:51,06:18,05:53,06:20,"เนื่องจากผ่านพื้นที่ก่อสร้าง, รอหลีกขบวนรถ","due to Passing construction site, Wait for track cleared"
2026-01-01,ชุมทางหาดใหญ่,Hat Yai Junction,38,38,07:05,07:43,07:05,07:43,"เนื่องจากผ่านพื้นที่ก่อสร้าง, รอหลีกขบวนรถ","due to Passing construction site, Wait for track cleared"
2026-01-02,กรุงเทพอภิวัฒน์,Bangkok (Krung Thep Aphiwat),-21,0,16:30,16:09,16:50,16:50,,
2026-01-02,บางบำหรุ,Bang Bamru,0,0,17:01,17:01,17:02,17:02,,
2026-01-02,ศาลายา,Sala Ya,0,0,17:22,17:22,17:23,17:23,,
2026-01-02,นครปฐม,Nakhon Pathom,0,0,17:48,17:48,17:50,17:50,,
2026-01-02,บ้านโป่ง,Ban Pong,1,1,18:08,18:09,18:09,18:10,,
2026-01-02,ราชบุรี,Ratchaburi,0,0,18:37,18:37,18:47,18:47,,
2026-01-02,เพชรบุรี,Phetchaburi,-10,0,19:30,19:20,19:31,19:31,,
2026-01-02,หัวหิน,Hua Hin,12,10,20:20,20:32,20:25,20:35,,
2026-01-02,ประจวบคีรีขันธ์,Prachuap Khiri Khan,-3,0,21:40,21:37,21:41,21:41,,
2026-01-02,ชุมพร,Chumphon,5,5,23:55,00:00,00:05,00:10,,
2026-01-02,สุราษฎร์ธานี,Surat Thani,42,42,02:20,03:02,02:23,03:05,,
2026-01-02,ชุมทางทุ่งสง,Thung Song Junction,35,35,04:08,04:43,04:18,04:53,,
2026-01-02,พัทลุง,Phatthalung,9,9,05:51,06:00,05:53,06:02,,
2026-01-02,ชุมทางหาดใหญ่,Hat Yai Junction,0,0,07:05,07:05,07:05,07:05,,
2026-01-03,กรุงเทพอภิวัฒน์,Bangkok (Krung Thep Aphiwat),-23,0,16:30,16:07,16:50,16:50,,
2026-01-03,บางบำหรุ,Bang Bamru,0,0,17:01,17:01,17:02,17:02,,
2026-01-03,ศาลายา,Sala Ya,0,0,17:22,17:22,17:23,17:23,,
2026-01-03,นครปฐม,Nakhon Pathom,2,2,17:48,17:50,17:50,17:52,,
2026-01-03,บ้านโป่ง,Ban Pong,4,4,18:08,18:12,18:09,18:13,,
2026-01-03,ราชบุรี,Ratchaburi,2,0,18:37,18:39,18:47,18:47,,
2026-01-03,เพชรบุรี,Phetchaburi,-6,0,19:30,19:24,19:31,19:31,,
2026-01-03,หัวหิน,Hua Hin,8,7,20:20,20:28,20:25,20:32,,
2026-01-03,ประจวบคีรีขันธ์,Prachuap Khiri Khan,-1,0,21:40,21:39,21:41,21:41,,
2026-01-03,ชุมพร,Chumphon,1,0,23:55,23:56,00:05,00:05,,
2026-01-03,สุราษฎร์ธานี,Surat Thani,29,29,02:20,02:49,02:23,02:52,,
2026-01-03,ชุมทางทุ่งสง,Thung Song Junction,19,19,04:08,04:27,04:18,04:37,,
2026-01-03,พัทลุง,Phatthalung,2,2,05:51,05:53,05:53,05:55,,
2026-01-03,ชุมทางหาดใหญ่,Hat Yai Junction,10,10,07:05,07:15,07:05,07:15,,
2026-01-04,กรุงเทพอภิวัฒน์,Bangkok (Krung Thep Aphiwat),-10,0,16:30,16:20,16:50,16:50,"เนื่องจากผ่านพื้นที่ก่อสร้าง, รอทาง, รอหลีกขบวนรถ, ระบบอาณัติสัญญาณขัดข้อง","due to Passing construction site, Wait for track cleared, Wait for track cleared, Signal malfunction"
2026-01-04,บางบำหรุ,Bang Bamru,0,0,17:01,17:01,17:02,17:02,"เนื่องจากผ่านพื้นที่ก่อสร้าง, รอทาง, รอหลีกขบวนรถ, ระบบอาณัติสัญญาณขัดข้อง","due to Passing construction site, Wait for track cleared, Wait for track cleared, Signal malfunction"
2026-01-04,ศาลายา,Sala Ya,0,0,17:22,17:22,17:23,17:23,"เนื่องจากผ่านพื้นที่ก่อสร้าง, รอทาง, รอหลีกขบวนรถ, ระบบอาณัติสัญญาณขัดข้อง","due to Passing construction site, Wait for track cleared, Wait for track cleared, Signal malfunction"
2026-01-04,นครปฐม,Nakhon Pathom,0,0,17:48,17:48,17:50,17:50,"เนื่องจากผ่านพื้นที่ก่อสร้าง, รอทาง, รอหลีกขบวนรถ, ระบบอาณัติสัญญาณขัดข้อง","due to Passing construction site, Wait for track cleared, Wait for track cleared, Signal malfunction"
2026-01-04,บ้านโป่ง,Ban Pong,3,3,18:08,18:11,18:09,18:12,"เนื่องจากผ่านพื้นที่ก่อสร้าง, รอทาง, รอหลีกขบวนรถ, ระบบอาณัติสัญญาณขัดข้อง","due to Passing construction site, Wait for track cleared, Wait for track cleared, Signal malfunction"
2026-01-04,ราชบุรี,Ratchaburi,1,0,18:37,18:38,18:47,18:47,"เนื่องจากผ่านพื้นที่ก่อสร้าง, รอทาง, รอหลีกขบวนรถ, ระบบอาณัติสัญญาณขัดข้อง","due to Passing construction site, Wait for track cleared, Wait for track cleared, Signal malfunction"
2026-01-04,เพชรบุรี,Phetchaburi,-6,0,19:30,19:24,19:31,19:31,"เนื่องจากผ่านพื้นที่ก่อสร้าง, รอทาง, รอหลีกขบวนรถ, ระบบอาณัติสัญญาณขัดข้อง","due to Passing construction site, Wait for track cleared, Wait for track cleared, Signal malfunction"
2026-01-04,หัวหิน,Hua Hin,8,8,20:20,20:28,20:25,20:33,"เนื่องจากผ่านพื้นที่ก่อสร้าง, รอทาง, รอหลีกขบวนรถ, ระบบอาณัติสัญญาณขัดข้อง","due to Passing construction site, Wait for track cleared, Wait for track cleared, Signal malfunction"
2026-01-04,ประจวบคีรีขันธ์,Prachuap Khiri Khan,0,0,21:40,21:40,21:41,21:41,"เนื่องจากผ่านพื้นที่ก่อสร้าง, รอทาง, รอหลีกขบวนรถ, ระบบอาณัติสัญญาณขัดข้อง","due to Passing construction site, Wait for track cleared, Wait for track cleared, Signal malfunction"
2026-01-04,ชุมพร,Chumphon,0,0,23:55,23:55,00:05,00:05,"เนื่องจากผ่านพื้นที่ก่อสร้าง, รอทาง, รอหลีกขบวนรถ, ระบบอาณัติสัญญาณขัดข้อง","due to Passing construction site, Wait for track cleared, Wait for track cleared, Signal malfunction"
2026-01-04,สุราษฎร์ธานี,Surat Thani,31,31,02:20,02:51,02:23,02:54,"เนื่องจากผ่านพื้นที่ก่อสร้าง, รอทาง, รอหลีกขบวนรถ, ระบบอาณัติสัญญาณขัดข้อง","due to Passing construction site, Wait for track cleared, Wait for track cleared, Signal malfunction"
2026-01-04,ชุมทางทุ่งสง,Thung Song Junction,22,21,04:08,04:30,04:18,04:39,"เนื่องจากผ่านพื้นที่ก่อสร้าง, รอทาง, รอหลีกขบวนรถ, ระบบอาณัติสัญญาณขัดข้อง","due to Passing construction site, Wait for track cleared, Wait for track cleared, Signal malfunction"
2026-01-04,พัทลุง,Phatthalung,5,5,05:51,05:56,05:53,05:58,"เนื่องจากผ่านพื้นที่ก่อสร้าง, รอทาง, รอหลีกขบวนรถ, ระบบอาณัติสัญญาณขัดข้อง","due to Passing construction site, Wait for track cleared, Wait for track cleared, Signal malfunction"
2026-01-04,ชุมทางหาดใหญ่,Hat Yai Junction,26,26,07:05,07:31,07:05,07:31,"เนื่องจากผ่านพื้นที่ก่อสร้าง, รอทาง, รอหลีกขบวนรถ, ระบบอาณัติสัญญาณขัดข้อง","due to Passing construction site, Wait for track cleared, Wait for track cleared, Signal malfunction"
2026-01-05,กรุงเทพอภิวัฒน์,Bangkok (Krung Thep Aphiwat),-22,0,16:30,16:08,16:50,16:50,,
2026-01-05,บางบำหรุ,Bang Bamru,0,0,17:01,17:01,17:02,17:02,,
2026-01-05,ศาลายา,Sala Ya,0,0,17:22,17:22,17:23,17:23,,
2026-01-05,นครปฐม,Nakhon Pathom,0,0,17:48,17:48,17:50,17:50,,
2026-01-05,บ้านโป่ง,Ban Pong,5,5,18:08,18:13,18:09,18:14,,
2026-01-05,ราชบุรี,Ratchaburi,0,0,18:37,18:37,18:47,18:47,,
2026-01-05,เพชรบุรี,Phetchaburi,-9,0,19:30,19:21,19:31,19:31,,
2026-01-05,หัวหิน,Hua Hin,17,15,20:20,20:37,20:25,20:40,,
2026-01-05,ประจวบคีรีขันธ์,Prachuap Khiri Khan,3,3,21:40,21:43,21:41,21:44,,
2026-01-05,ชุมพร,Chumphon,6,6,23:55,00:01,00:05,00:11,,
2026-01-05,สุราษฎร์ธานี,Surat Thani,24,24,02:20,02:44,02:23,02:47,,
2026-01-05,ชุมทางทุ่งสง,Thung Song Junction,13,10,04:08,04:21,04:18,04:28,,
2026-01-05,พัทลุง,Phatthalung,0,0,05:51,05:51,05:53,05:53,,
2026-01-05,ชุมทางหาดใหญ่,Hat Yai Junction,5,5,07:05,07:10,07:05,07:10,,
2026-01-06,กรุงเทพอภิวัฒน์,Bangkok (Krung Thep Aphiwat),-11,0,16:30,16:19,16:50,16:50,,
2026-01-06,บางบำหรุ,Bang Bamru,0,2,17:01,17:01,17:02,17:04,,
2026-01-06,ศาลายา,Sala Ya,2,2,17:22,17:24,17:23,17:25,,
2026-01-06,นครปฐม,Nakhon Pathom,3,3,17:48,17:51,17:50,17:53,,
2026-01-06,บ้านโป่ง,Ban Pong,3,3,18:08,18:11,18:09,18:12,,
2026-01-06,ราชบุรี,Ratchaburi,0,0,18:37,18:37,18:47,18:47,,
2026-01-06,เพชรบุรี,Phetchaburi,-10,0,19:30,19:20,19:31,19:31,,
2026-01-06,หัวหิน,Hua Hin,22,20,20:20,20:42,20:25,20:45,,
2026-01-06,ประจวบคีรีขันธ์,Prachuap Khiri Khan,9,9,21:40,21:49,21:41,21:50,,
2026-01-06,ชุมพร,Chumphon,10,9,23:55,00:05,00:05,00:14,,
2026-01-06,สุราษฎร์ธานี,Surat Thani,19,19,02:20,02:39,02:23,02:42,,
2026-01-06,ชุมทางทุ่งสง,Thung Song Junction,3,3,04:08,04:11,04:18,04:21,,
2026-01-06,พัทลุง,Phatthalung,-3,0,05:51,05:48,05:53,05:53,,
2026-01-06,ชุมทางหาดใหญ่,Hat Yai Junction,5,5,07:05,07:10,07:05,07:10,,
2026-01-07,กรุงเทพอภิวัฒน์,Bangkok (Krung Thep Aphiwat),-5,0,16:30,16:25,16:50,16:50,,
2026-01-07,บางบำหรุ,Bang Bamru,0,0,17:01,17:01,17:02,17:02,,
2026-01-07,ศาลายา,Sala Ya,0,0,17:22,17:22,17:23,17:23,,
2026-01-07,นครปฐม,Nakhon Pathom,0,0,17:48,17:48,17:50,17:50,,
2026-01-07,บ้านโป่ง,Ban Pong,3,3,18:08,18:11,18:09,18:12,,
2026-01-07,ราชบุรี,Ratchaburi,-2,0,18:37,18:35,18:47,18:47,,
2026-01-07,เพชรบุรี,Phetchaburi,-7,0,19:30,19:23,19:31,19:31,,
2026-01-07,หัวหิน,Hua Hin,14,12,20:20,20:34,20:25,20:37,,
2026-01-07,ประจวบคีรีขันธ์,Prachuap Khiri Khan,0,0,21:40,21:40,21:41,21:41,,
2026-01-07,ชุมพร,Chumphon,6,7,23:55,00:01,00:05,00:12,,
2026-01-07,สุราษฎร์ธานี,Surat Thani,29,29,02:20,02:49,02:23,02:52,,
2026-01-07,ชุมทางทุ่งสง,Thung Song Junction,18,15,04:08,04:26,04:18,04:33,,
2026-01-07,พัทลุง,Phatthalung,0,0,05:51,05:51,05:53,05:53,,
2026-01-07,ชุมทางหาดใหญ่,Hat Yai Junction,10,10,07:05,07:15,07:05,07:15,,
2026-01-08,กรุงเทพอภิวัฒน์,Bangkok (Krung Thep Aphiwat),-10,0,16:30,16:20,16:50,16:50,,
2026-01-08,บางบำหรุ,Bang Bamru,0,0,17:01,17:01,17:02,17:02,,
2026-01-08,ศาลายา,Sala Ya,0,0,17:22,17:22,17:23,17:23,,
2026-01-08,นครปฐม,Nakhon Pathom,3,3,17:48,17:51,17:50,17:53,,
2026-01-08,บ้านโป่ง,Ban Pong,6,6,18:08,18:14,18:09,18:15,,
2026-01-08,ราชบุรี,Ratchaburi,3,0,18:37,18:40,18:47,18:47,,
2026-01-08,เพชรบุรี,Phetchaburi,-7,0,19:30,19:23,19:31,19:31,,
2026-01-08,หัวหิน,Hua Hin,14,13,20:20,20:34,20:25,20:38,,
2026-01-08,ประจวบคีรีขันธ์,Prachuap Khiri Khan,4,4,21:40,21:44,21:41,21:45,,
2026-01-08,ชุมพร,Chumphon,5,5,23:55,00:00,00:05,00:10,,
2026-01-08,สุราษฎร์ธานี,Surat Thani,25,25,02:20,02:45,02:23,02:48,,
2026-01-08,ชุมทางทุ่งสง,Thung Song Junction,17,13,04:08,04:25,04:18,04:31,,
2026-01-08,พัทลุง,Phatthalung,0,0,05:51,05:51,05:53,05:53,,
2026-01-08,ชุมทางหาดใหญ่,Hat Yai Junction,0,0,07:05,07:05,07:05,07:05,,
2026-01-09,กรุงเทพอภิวัฒน์,Bangkok (Krung Thep Aphiwat),-10,0,16:30,16:20,16:50,16:50,,
2026-01-09,บางบำหรุ,Bang Bamru,0,0,17:01,17:01,17:02,17:02,,
2026-01-09,ศาลายา,Sala Ya,0,0,17:22,17:22,17:23,17:23,,
2026-01-09,นครปฐม,Nakhon Pathom,0,0,17:48,17:48,17:50,17:50,,
2026-01-09,บ้านโป่ง,Ban Pong,0,0,18:08,18:08,18:09,18:09,,
2026-01-09,ราชบุรี,Ratchaburi,0,0,18:37,18:37,18:47,18:47,,
2026-01-09,เพชรบุรี,Phetchaburi,-2,0,19:30,19:28,19:31,19:31,,
2026-01-09,หัวหิน,Hua Hin,3,1,20:20,20:23,20:25,20:26,,
2026-01-09,ประจวบคีรีขันธ์,Prachuap Khiri Khan,-10,0,21:40,21:30,21:41,21:41,,
2026-01-09,ชุมพร,Chumphon,0,10,23:55,23:55,00:05,00:15,,
2026-01-09,สุราษฎร์ธานี,Surat Thani,18,18,02:20,02:38,02:23,02:41,,
2026-01-09,ชุมทางทุ่งสง,Thung Song Junction,10,10,04:08,04:18,04:18,04:28,,
2026-01-09,พัทลุง,Phatthalung,0,0,05:51,05:51,05:53,05:53,,
2026-01-09,ชุมทางหาดใหญ่,Hat Yai Junction,20,20,07:05,07:25,07:05,07:25,,
2026-01-10,กรุงเทพอภิวัฒน์,Bangkok (Krung Thep Aphiwat),-8,0,16:30,16:22,16:50,16:50,"เนื่องจากผ่านพื้นที่ก่อสร้าง, รอหลีกขบวนรถ","due to Passing construction site, Wait for track cleared"
2026-01-10,บางบำหรุ,Bang Bamru,0,0,17:01,17:01,17:02,17:02,"เนื่องจากผ่านพื้นที่ก่อสร้าง, รอหลีกขบวนรถ","due to Passing construction site, Wait for track cleared"
2026-01-10,ศาลายา,Sala Ya,0,0,17:22,17:22,17:23,17:23,"เนื่องจากผ่านพื้นที่ก่อสร้าง, รอหลีกขบวนรถ","due to Passing construction site, Wait for track cleared"
2026-01-10,นครปฐม,Nakhon Pathom,2,2,17:48,17:50,17:50,17:52,"เนื่องจากผ่านพื้นที่ก่อสร้าง, รอหลีกขบวนรถ","due to Passing construction site, Wait for track cleared"
2026-01-10,บ้านโป่ง,Ban Pong,1,1,18:08,18:09,18:09,18:10,"เนื่องจากผ่านพื้นที่ก่อสร้าง, รอหลีกขบวนรถ","due to Passing construction site, Wait for track cleared"
2026-01-10,ราชบุรี,Ratchaburi,-2,0,18:37,18:35,18:47,18:47,"เนื่องจากผ่านพื้นที่ก่อสร้าง, รอหลีกขบวนรถ","due to Passing construction site, Wait for track cleared"
2026-01-10,เพชรบุรี,Phetchaburi,-9,0,19:30,19:21,19:31,19:31,"เนื่องจากผ่านพื้นที่ก่อสร้าง, รอหลีกขบวนรถ","due to Passing construction site, Wait for track cleared"
2026-01-10,หัวหิน,Hua Hin,9,7,20:20,20:29,20:25,20:32,"เนื่องจากผ่านพื้นที่ก่อสร้าง, รอหลีกขบวนรถ","due to Passing construction site, Wait for track cleared"
2026-01-10,ประจวบคีรีขันธ์,Prachuap Khiri Khan,-5,0,21:40,21:35,21:41,21:41,"เนื่องจากผ่านพื้นที่ก่อสร้าง, รอหลีกขบวนรถ","due to Passing construction site, Wait for track cleared"
2026-01-10,ชุมพร,Chumphon,16,16,23:55,00:11,00:05,00:21,"เนื่องจากผ่านพื้นที่ก่อสร้าง, รอหลีกขบวนรถ","due to Passing construction site, Wait for track cleared"
2026-01-10,สุราษฎร์ธานี,Surat Thani,46,46,02:20,03:06,02:23,03:09,"เนื่องจากผ่านพื้นที่ก่อสร้าง, รอหลีกขบวนรถ","due to Passing construction site, Wait for track cleared"
2026-01-10,ชุมทางทุ่งสง,Thung Song Junction,47,47,04:08,04:55,04:18,05:05,"เนื่องจากผ่านพื้นที่ก่อสร้าง, รอหลีกขบวนรถ","due to Passing construction site, Wait for track cleared"
2026-01-10,พัทลุง,Phatthalung,38,38,05:51,06:29,05:53,06:31,"เนื่องจากผ่านพื้นที่ก่อสร้าง, รอหลีกขบวนรถ","due to Passing construction site, Wait for track cleared"
2026-01-10,ชุมทางหาดใหญ่,Hat Yai Junction,45,45,07:05,07:50,07:05,07:50,"เนื่องจากผ่านพื้นที่ก่อสร้าง, รอหลีกขบวนรถ","due to Passing construction site, Wait for track cleared"
2026-01-11,กรุงเทพอภิวัฒน์,Bangkok (Krung Thep Aphiwat),-11,0,16:30,16:19,16:50,16:50,,
2026-01-11,บางบำหรุ,Bang Bamru,1,1,17:01,17:02,17:02,17:03,,
2026-01-11,ศาลายา,Sala Ya,0,1,17:22,17:22,17:23,17:24,,
2026-01-11,นครปฐม,Nakhon Pathom,2,2,17:48,17:50,17:50,17:52,,
2026-01-11,บ้านโป่ง,Ban Pong,6,6,18:08,18:14,18:09,18:15,,
2026-01-11,ราชบุรี,Ratchaburi,3,0,18:37,18:40,18:47,18:47,,
2026-01-11,เพชรบุรี,Phetchaburi,-8,0,19:30,19:22,19:31,19:31,,
2026-01-11,หัวหิน,Hua Hin,30,29,20:20,20:50,20:25,20:54,,
2026-01-11,ประจวบคีรีขันธ์,Prachuap Khiri Khan,18,18,21:40,21:58,21:41,21:59,,
2026-01-11,ชุมพร,Chumphon,21,21,23:55,00:16,00:05,00:26,,
2026-01-11,สุราษฎร์ธานี,Surat Thani,34,34,02:20,02:54,02:23,02:57,,
2026-01-11,ชุมทางทุ่งสง,Thung Song Junction,27,27,04:08,04:35,04:18,04:45,,
2026-01-11,พัทลุง,Phatthalung,2,2,05:51,05:53,05:53,05:55,,
2026-01-11,ชุมทางหาดใหญ่,Hat Yai Junction,5,5,07:05,07:10,07:05,07:10,,
2026-01-12,กรุงเทพอภิวัฒน์,Bangkok (Krung Thep Aphiwat),-21,0,16:30,16:09,16:50,16:50,,
2026-01-12,บางบำหรุ,Bang Bamru,0,0,17:01,17:01,17:02,17:02,,
2026-01-12,ศาลายา,Sala Ya,0,0,17:22,17:22,17:23,17:23,,
2026-01-12,นครปฐม,Nakhon Pathom,3,3,17:48,17:51,17:50,17:53,,
2026-01-12,บ้านโป่ง,Ban Pong,7,7,18:08,18:15,18:09,18:16,,
2026-01-12,ราชบุรี,Ratchaburi,6,0,18:37,18:43,18:47,18:47,,
2026-01-12,เพชรบุรี,Phetchaburi,-5,0,19:30,19:25,19:31,19:31,,
2026-01-12,หัวหิน,Hua Hin,25,25,20:20,20:45,20:25,20:50,,
2026-01-12,ประจวบคีรีขันธ์,Prachuap Khiri Khan,19,19,21:40,21:59,21:41,22:00,,
2026-01-12,ชุมพร,Chumphon,40,38,23:55,00:35,00:05,00:43,,
2026-01-12,สุราษฎร์ธานี,Surat Thani,44,44,02:20,03:04,02:23,03:07,,
2026-01-12,ชุมทางทุ่งสง,Thung Song Junction,40,39,04:08,04:48,04:18,04:57,,
2026-01-12,พัทลุง,Phatthalung,12,12,05:51,06:03,05:53,06:05,,
2026-01-12,ชุมทางหาดใหญ่,Hat Yai Junction,17,17,07:05,07:22,07:05,07:22,,
2026-01-13,กรุงเทพอภิวัฒน์,Bangkok (Krung Thep Aphiwat),-23,0,16:30,16:07,16:50,16:50,,
2026-01-13,บางบำหรุ,Bang Bamru,0,0,17:01,17:01,17:02,17:02,,
2026-01-13,ศาลายา,Sala Ya,0,0,17:22,17:22,17:23,17:23,,
2026-01-13,นครปฐม,Nakhon Pathom,3,3,17:48,17:51,17:50,17:53,,
2026-01-13,บ้านโป่ง,Ban Pong,7,7,18:08,18:15,18:09,18:16,,
2026-01-13,ราชบุรี,Ratchaburi,3,0,18:37,18:40,18:47,18:47,,
2026-01-13,เพชรบุรี,Phetchaburi,-8,0,19:30,19:22,19:31,19:31,,
2026-01-13,หัวหิน,Hua Hin,8,6,20:20,20:28,20:25,20:31,,
2026-01-13,ประจวบคีรีขันธ์,Prachuap Khiri Khan,-10,0,21:40,21:30,21:41,21:41,,
2026-01-13,ชุมพร,Chumphon,-9,0,23:55,23:46,00:05,00:05,,
2026-01-13,สุราษฎร์ธานี,Surat Thani,18,18,02:20,02:38,02:23,02:41,,
2026-01-13,ชุมทางทุ่งสง,Thung Song Junction,4,3,04:08,04:12,04:18,04:21,,
2026-01-13,พัทลุง,Phatthalung,0,0,05:51,05:51,05:53,05:53,,
2026-01-13,ชุมทางหาดใหญ่,Hat Yai Junction,10,10,07:05,07:15,07:05,07:15,,
2026-01-14,กรุงเทพอภิวัฒน์,Bangkok (Krung Thep Aphiwat),-20,15,16:30,16:10,16:50,17:05,เนื่องจากผ่านพื้นที่ก่อสร้าง,due to Passing construction site
2026-01-14,บางบำหรุ,Bang Bamru,15,15,17:01,17:16,17:02,17:17,เนื่องจากผ่านพื้นที่ก่อสร้าง,due to Passing construction site
2026-01-14,ศาลายา,Sala Ya,14,14,17:22,17:36,17:23,17:37,เนื่องจากผ่านพื้นที่ก่อสร้าง,due to Passing construction site
2026-01-14,นครปฐม,Nakhon Pathom,14,17,17:48,18:02,17:50,18:07,เนื่องจากผ่านพื้นที่ก่อสร้าง,due to Passing construction site
2026-01-14,บ้านโป่ง,Ban Pong,23,28,18:08,18:31,18:09,18:37,เนื่องจากผ่านพื้นที่ก่อสร้าง,due to Passing construction site
2026-01-14,ราชบุรี,Ratchaburi,27,20,18:37,19:04,18:47,19:07,เนื่องจากผ่านพื้นที่ก่อสร้าง,due to Passing construction site
2026-01-14,เพชรบุรี,Phetchaburi,20,20,19:30,19:50,19:31,19:51,เนื่องจากผ่านพื้นที่ก่อสร้าง,due to Passing construction site
2026-01-14,หัวหิน,Hua Hin,46,44,20:20,21:06,20:25,21:09,เนื่องจากผ่านพื้นที่ก่อสร้าง,due to Passing construction site
2026-01-14,ประจวบคีรีขันธ์,Prachuap Khiri Khan,29,29,21:40,22:09,21:41,22:10,เนื่องจากผ่านพื้นที่ก่อสร้าง,due to Passing construction site
2026-01-14,ชุมพร,Chumphon,32,32,23:55,00:27,00:05,00:37,เนื่องจากผ่านพื้นที่ก่อสร้าง,due to Passing construction site
2026-01-14,สุราษฎร์ธานี,Surat Thani,39,38,02:20,02:59,02:23,03:01,เนื่องจากผ่านพื้นที่ก่อสร้าง,due to Passing construction site
2026-01-14,ชุมทางทุ่งสง,Thung Song Junction,49,49,04:08,04:57,04:18,05:07,เนื่องจากผ่านพื้นที่ก่อสร้าง,due to Passing construction site
2026-01-14,พัทลุง,Phatthalung,35,38,05:51,06:26,05:53,06:31,เนื่องจากผ่านพื้นที่ก่อสร้าง,due to Passing construction site
2026-01-14,ชุมทางหาดใหญ่,Hat Yai Junction,45,45,07:05,07:50,07:05,07:50,เนื่องจากผ่านพื้นที่ก่อสร้าง,due to Passing construction site
2026-01-15,กรุงเทพอภิวัฒน์,Bangkok (Krung Thep Aphiwat),-10,0,16:30,16:20,16:50,16:50,,
2026-01-15,บางบำหรุ,Bang Bamru,0,0,17:01,17:01,17:02,17:02,,
2026-01-15,ศาลายา,Sala Ya,0,0,17:22,17:22,17:23,17:23,,
2026-01-15,นครปฐม,Nakhon Pathom,7,7,17:48,17:55,17:50,17:57,,
2026-01-15,บ้านโป่ง,Ban Pong,9,9,18:08,18:17,18:09,18:18,,
2026-01-15,ราชบุรี,Ratchaburi,5,0,18:37,18:42,18:47,18:47,,
2026-01-15,เพชรบุรี,Phetchaburi,-5,0,19:30,19:25,19:31,19:31,,
2026-01-15,หัวหิน,Hua Hin,17,15,20:20,20:37,20:25,20:40,,
2026-01-15,ประจวบคีรีขันธ์,Prachuap Khiri Khan,0,0,21:40,21:40,21:41,21:41,,
2026-01-15,ชุมพร,Chumphon,2,2,23:55,23:57,00:05,00:07,,
2026-01-15,สุราษฎร์ธานี,Surat Thani,47,46,02:20,03:07,02:23,03:09,,
2026-01-15,ชุมทางทุ่งสง,Thung Song Junction,40,39,04:08,04:48,04:18,04:57,,
2026-01-15,พัทลุง,Phatthalung,18,18,05:51,06:09,05:53,06:11,,
2026-01-15,ชุมทางหาดใหญ่,Hat Yai Junction,15,15,07:05,07:20,07:05,07:20,,
2026-01-16,กรุงเทพอภิวัฒน์,Bangkok (Krung Thep Aphiwat),-11,0,16:30,16:19,16:50,16:50,"เนื่องจากผ่านพื้นที่ก่อสร้าง, รอหลีกขบวนรถ","due to Passing construction site, Wait for track cleared"
2026-01-16,บางบำหรุ,Bang Bamru,1,1,17:01,17:02,17:02,17:03,"เนื่องจากผ่านพื้นที่ก่อสร้าง, รอหลีกขบวนรถ","due to Passing construction site, Wait for track cleared"
2026-01-16,ศาลายา,Sala Ya,0,0,17:22,17:22,17:23,17:23,"เนื่องจากผ่านพื้นที่ก่อสร้าง, รอหลีกขบวนรถ","due to Passing construction site, Wait for track cleared"
2026-01-16,นครปฐม,Nakhon Pathom,5,5,17:48,17:53,17:50,17:55,"เนื่องจากผ่านพื้นที่ก่อสร้าง, รอหลีกขบวนรถ","due to Passing construction site, Wait for track cleared"
2026-01-16,บ้านโป่ง,Ban Pong,11,11,18:08,18:19,18:09,18:20,"เนื่องจากผ่านพื้นที่ก่อสร้าง, รอหลีกขบวนรถ","due to Passing construction site, Wait for track cleared"
2026-01-16,ราชบุรี,Ratchaburi,11,3,18:37,18:48,18:47,18:50,"เนื่องจากผ่านพื้นที่ก่อสร้าง, รอหลีกขบวนรถ","due to Passing construction site, Wait for track cleared"
2026-01-16,เพชรบุรี,Phetchaburi,2,2,19:30,19:32,19:31,19:33,"เนื่องจากผ่านพื้นที่ก่อสร้าง, รอหลีกขบวนรถ","due to Passing construction site, Wait for track cleared"
2026-01-16,หัวหิน,Hua Hin,17,15,20:20,20:37,20:25,20:40,"เนื่องจากผ่านพื้นที่ก่อสร้าง, รอหลีกขบวนรถ","due to Passing construction site, Wait for track cleared"
2026-01-16,ประจวบคีรีขันธ์,Prachuap Khiri Khan,5,5,21:40,21:45,21:41,21:46,"เนื่องจากผ่านพื้นที่ก่อสร้าง, รอหลีกขบวนรถ","due to Passing construction site, Wait for track cleared"
2026-01-16,ชุมพร,Chumphon,9,7,23:55,00:04,00:05,00:12,"เนื่องจากผ่านพื้นที่ก่อสร้าง, รอหลีกขบวนรถ","due to Passing construction site, Wait for track cleared"
2026-01-16,สุราษฎร์ธานี,Surat Thani,37,37,02:20,02:57,02:23,03:00,"เนื่องจากผ่านพื้นที่ก่อสร้าง, รอหลีกขบวนรถ","due to Passing construction site, Wait for track cleared"
2026-01-16,ชุมทางทุ่งสง,Thung Song Junction,35,35,04:08,04:43,04:18,04:53,"เนื่องจากผ่านพื้นที่ก่อสร้าง, รอหลีกขบวนรถ","due to Passing construction site, Wait for track cleared"
2026-01-16,พัทลุง,Phatthalung,14,14,05:51,06:05,05:53,06:07,"เนื่องจากผ่านพื้นที่ก่อสร้าง, รอหลีกขบวนรถ","due to Passing construction site, Wait for track cleared"
2026-01-16,ชุมทางหาดใหญ่,Hat Yai Junction,28,28,07:05,07:33,07:05,07:33,"เนื่องจากผ่านพื้นที่ก่อสร้าง, รอหลีกขบวนรถ","due to Passing construction site, Wait for track cleared"
2026-01-17,กรุงเทพอภิวัฒน์,Bangkok (Krung Thep Aphiwat),-11,0,16:30,16:19,16:50,16:50,"เนื่องจากผ่านพื้นที่ก่อสร้าง, รอทาง, รอหลีกขบวนรถ","due to Passing construction site, Wait for track cleared, Wait for track cleared"
2026-01-17,บางบำหรุ,Bang Bamru,0,0,17:01,17:01,17:02,17:02,"เนื่องจากผ่านพื้นที่ก่อสร้าง, รอทาง, รอหลีกขบวนรถ","due to Passing construction site, Wait for track cleared, Wait for track cleared"
2026-01-17,ศาลายา,Sala Ya,-2,0,17:22,17:20,17:23,17:23,"เนื่องจากผ่านพื้นที่ก่อสร้าง, รอทาง, รอหลีกขบวนรถ","due to Passing construction site, Wait for track cleared, Wait for track cleared"
2026-01-17,นครปฐม,Nakhon Pathom,0,0,17:48,17:48,17:50,17:50,"เนื่องจากผ่านพื้นที่ก่อสร้าง, รอทาง, รอหลีกขบวนรถ","due to Passing construction site, Wait for track cleared, Wait for track cleared"
2026-01-17,บ้านโป่ง,Ban Pong,4,4,18:08,18:12,18:09,18:13,"เนื่องจากผ่านพื้นที่ก่อสร้าง, รอทาง, รอหลีกขบวนรถ","due to Passing construction site, Wait for track cleared, Wait for track cleared"
2026-01-17,ราชบุรี,Ratchaburi,2,0,18:37,18:39,18:47,18:47,"เนื่องจากผ่านพื้นที่ก่อสร้าง, รอทาง, รอหลีกขบวนรถ","due to Passing construction site, Wait for track cleared, Wait for track cleared"
2026-01-17,เพชรบุรี,Phetchaburi,-6,0,19:30,19:24,19:31,19:31,"เนื่องจากผ่านพื้นที่ก่อสร้าง, รอทาง, รอหลีกขบวนรถ","due to Passing construction site, Wait for track cleared, Wait for track cleared"
2026-01-17,หัวหิน,Hua Hin,15,13,20:20,20:35,20:25,20:38,"เนื่องจากผ่านพื้นที่ก่อสร้าง, รอทาง, รอหลีกขบวนรถ","due to Passing construction site, Wait for track cleared, Wait for track cleared"
2026-01-17,ประจวบคีรีขันธ์,Prachuap Khiri Khan,7,7,21:40,21:47,21:41,21:48,"เนื่องจากผ่านพื้นที่ก่อสร้าง, รอทาง, รอหลีกขบวนรถ","due to Passing construction site, Wait for track cleared, Wait for track cleared"
2026-01-17,ชุมพร,Chumphon,4,2,23:55,23:59,00:05,00:07,"เนื่องจากผ่านพื้นที่ก่อสร้าง, รอทาง, รอหลีกขบวนรถ","due to Passing construction site, Wait for track cleared, Wait for track cleared"
2026-01-17,สุราษฎร์ธานี,Surat Thani,28,28,02:20,02:48,02:23,02:51,"เนื่องจากผ่านพื้นที่ก่อสร้าง, รอทาง, รอหลีกขบวนรถ","due to Passing construction site, Wait for track cleared, Wait for track cleared"
2026-01-17,ชุมทางทุ่งสง,Thung Song Junction,36,36,04:08,04:44,04:18,04:54,"เนื่องจากผ่านพื้นที่ก่อสร้าง, รอทาง, รอหลีกขบวนรถ","due to Passing construction site, Wait for track cleared, Wait for track cleared"
2026-01-17,พัทลุง,Phatthalung,20,20,05:51,06:11,05:53,06:13,"เนื่องจากผ่านพื้นที่ก่อสร้าง, รอทาง, รอหลีกขบวนรถ","due to Passing construction site, Wait for track cleared, Wait for track cleared"
2026-01-17,ชุมทางหาดใหญ่,Hat Yai Junction,39,39,07:05,07:44,07:05,07:44,"เนื่องจากผ่านพื้นที่ก่อสร้าง, รอทาง, รอหลีกขบวนรถ","due to Passing construction site, Wait for track cleared, Wait for track cleared"
2026-01-18,กรุงเทพอภิวัฒน์,Bangkok (Krung Thep Aphiwat),-10,0,16:30,16:20,16:50,16:50,,
2026-01-18,บางบำหรุ,Bang Bamru,0,0,17:01,17:01,17:02,17:02,,
2026-01-18,ศาลายา,Sala Ya,0,0,17:22,17:22,17:23,17:23,,
2026-01-18,นครปฐม,Nakhon Pathom,0,0,17:48,17:48,17:50,17:50,,
2026-01-18,บ้านโป่ง,Ban Pong,3,3,18:08,18:11,18:09,18:12,,
2026-01-18,ราชบุรี,Ratchaburi,-2,0,18:37,18:35,18:47,18:47,,
2026-01-18,เพชรบุรี,Phetchaburi,-9,0,19:30,19:21,19:31,19:31,,
2026-01-18,หัวหิน,Hua Hin,2,0,20:20,20:22,20:25,20:25,,
2026-01-18,ประจวบคีรีขันธ์,Prachuap Khiri Khan,-4,0,21:40,21:36,21:41,21:41,,
2026-01-18,ชุมพร,Chumphon,13,13,23:55,00:08,00:05,00:18,,
2026-01-18,สุราษฎร์ธานี,Surat Thani,32,32,02:20,02:52,02:23,02:55,,
2026-01-18,ชุมทางทุ่งสง,Thung Song Junction,27,25,04:08,04:35,04:18,04:43,,
2026-01-18,พัทลุง,Phatthalung,6,6,05:51,05:57,05:53,05:59,,
2026-01-18,ชุมทางหาดใหญ่,Hat Yai Junction,15,15,07:05,07:20,07:05,07:20,,
2026-01-19,กรุงเทพอภิวัฒน์,Bangkok (Krung Thep Aphiwat),-11,0,16:30,16:19,16:50,16:50,เนื่องจากผ่านพื้นที่ก่อสร้าง,due to Passing construction site
2026-01-19,บางบำหรุ,Bang Bamru,0,0,17:01,17:01,17:02,17:02,เนื่องจากผ่านพื้นที่ก่อสร้าง,due to Passing construction site
2026-01-19,ศาลายา,Sala Ya,0,0,17:22,17:22,17:23,17:23,เนื่องจากผ่านพื้นที่ก่อสร้าง,due to Passing construction site
2026-01-19,นครปฐม,Nakhon Pathom,1,0,17:48,17:49,17:50,17:50,เนื่องจากผ่านพื้นที่ก่อสร้าง,due to Passing construction site
2026-01-19,บ้านโป่ง,Ban Pong,4,4,18:08,18:12,18:09,18:13,เนื่องจากผ่านพื้นที่ก่อสร้าง,due to Passing construction site
2026-01-19,ราชบุรี,Ratchaburi,-1,0,18:37,18:36,18:47,18:47,เนื่องจากผ่านพื้นที่ก่อสร้าง,due to Passing construction site
2026-01-19,เพชรบุรี,Phetchaburi,-8,0,19:30,19:22,19:31,19:31,เนื่องจากผ่านพื้นที่ก่อสร้าง,due to Passing construction site
2026-01-19,หัวหิน,Hua Hin,14,12,20:20,20:34,20:25,20:37,เนื่องจากผ่านพื้นที่ก่อสร้าง,due to Passing construction site
2026-01-19,ประจวบคีรีขันธ์,Prachuap Khiri Khan,6,6,21:40,21:46,21:41,21:47,เนื่องจากผ่านพื้นที่ก่อสร้าง,due to Passing construction site
2026-01-19,ชุมพร,Chumphon,21,23,23:55,00:16,00:05,00:28,เนื่องจากผ่านพื้นที่ก่อสร้าง,due to Passing construction site
2026-01-19,สุราษฎร์ธานี,Surat Thani,42,42,02:20,03:02,02:23,03:05,เนื่องจากผ่านพื้นที่ก่อสร้าง,due to Passing construction site
2026-01-19,ชุมทางทุ่งสง,Thung Song Junction,41,39,04:08,04:49,04:18,04:57,เนื่องจากผ่านพื้นที่ก่อสร้าง,due to Passing construction site
2026-01-19,พัทลุง,Phatthalung,23,23,05:51,06:14,05:53,06:16,เนื่องจากผ่านพื้นที่ก่อสร้าง,due to Passing construction site
2026-01-19,ชุมทางหาดใหญ่,Hat Yai Junction,41,41,07:05,07:46,07:05,07:46,เนื่องจากผ่านพื้นที่ก่อสร้าง,due to Passing construction site
2026-01-20,กรุงเทพอภิวัฒน์,Bangkok (Krung Thep Aphiwat),-22,0,16:30,16:08,16:50,16:50,,
2026-01-20,บางบำหรุ,Bang Bamru,0,0,17:01,17:01,17:02,17:02,,
2026-01-20,ศาลายา,Sala Ya,0,0,17:22,17:22,17:23,17:23,,
2026-01-20,นครปฐม,Nakhon Pathom,2,2,17:48,17:50,17:50,17:52,,
2026-01-20,บ้านโป่ง,Ban Pong,6,6,18:08,18:14,18:09,18:15,,
2026-01-20,ราชบุรี,Ratchaburi,0,0,18:37,18:37,18:47,18:47,,
2026-01-20,เพชรบุรี,Phetchaburi,-9,0,19:30,19:21,19:31,19:31,,
2026-01-20,หัวหิน,Hua Hin,23,21,20:20,20:43,20:25,20:46,,
2026-01-20,ประจวบคีรีขันธ์,Prachuap Khiri Khan,12,12,21:40,21:52,21:41,21:53,,
2026-01-20,ชุมพร,Chumphon,18,18,23:55,00:13,00:05,00:23,,
2026-01-20,สุราษฎร์ธานี,Surat Thani,14,14,02:20,02:34,02:23,02:37,,
2026-01-20,ชุมทางทุ่งสง,Thung Song Junction,15,14,04:08,04:23,04:18,04:32,,
2026-01-20,พัทลุง,Phatthalung,0,0,05:51,05:51,05:53,05:53,,
2026-01-20,ชุมทางหาดใหญ่,Hat Yai Junction,5,5,07:05,07:10,07:05,07:10,,
2026-01-21,กรุงเทพอภิวัฒน์,Bangkok (Krung Thep Aphiwat),-14,0,16:30,16:16,16:50,16:50,,
2026-01-21,บางบำหรุ,Bang Bamru,0,0,17:01,17:01,17:02,17:02,,
2026-01-21,ศาลายา,Sala Ya,0,0,17:22,17:22,17:23,17:23,,
2026-01-21,นครปฐม,Nakhon Pathom,0,0,17:48,17:48,17:50,17:50,,
2026-01-21,บ้านโป่ง,Ban Pong,2,2,18:08,18:10,18:09,18:11,,
2026-01-21,ราชบุรี,Ratchaburi,-3,0,18:37,18:34,18:47,18:47,,
2026-01-21,เพชรบุรี,Phetchaburi,-10,0,19:30,19:20,19:31,19:31,,
2026-01-21,หัวหิน,Hua Hin,4,2,20:20,20:24,20:25,20:27,,
2026-01-21,ประจวบคีรีขันธ์,Prachuap Khiri Khan,-4,0,21:40,21:36,21:41,21:41,,
2026-01-21,ชุมพร,Chumphon,-4,0,23:55,23:51,00:05,00:05,,
2026-01-21,สุราษฎร์ธานี,Surat Thani,17,17,02:20,02:37,02:23,02:40,,
2026-01-21,ชุมทางทุ่งสง,Thung Song Junction,10,8,04:08,04:18,04:18,04:26,,
2026-01-21,พัทลุง,Phatthalung,-6,0,05:51,05:45,05:53,05:53,,
2026-01-21,ชุมทางหาดใหญ่,Hat Yai Junction,16,16,07:05,07:21,07:05,07:21,,
2026-01-22,กรุงเทพอภิวัฒน์,Bangkok (Krung Thep Aphiwat),-11,0,16:30,16:19,16:50,16:50,,
2026-01-22,บางบำหรุ,Bang Bamru,0,0,17:01,17:01,17:02,17:02,,
2026-01-22,ศาลายา,Sala Ya,0,0,17:22,17:22,17:23,17:23,,
2026-01-22,นครปฐม,Nakhon Pathom,0,0,17:48,17:48,17:50,17:50,,
2026-01-22,บ้านโป่ง,Ban Pong,2,2,18:08,18:10,18:09,18:11,,
2026-01-22,ราชบุรี,Ratchaburi,0,0,18:37,18:37,18:47,18:47,,
2026-01-22,เพชรบุรี,Phetchaburi,-7,0,19:30,19:23,19:31,19:31,,
2026-01-22,หัวหิน,Hua Hin,8,6,20:20,20:28,20:25,20:31,,
2026-01-22,ประจวบคีรีขันธ์,Prachuap Khiri Khan,-6,0,21:40,21:34,21:41,21:41,,
2026-01-22,ชุมพร,Chumphon,-5,1,23:55,23:50,00:05,00:06,,
2026-01-22,สุราษฎร์ธานี,Surat Thani,14,14,02:20,02:34,02:23,02:37,,
2026-01-22,ชุมทางทุ่งสง,Thung Song Junction,2,2,04:08,04:10,04:18,04:20,,
2026-01-22,พัทลุง,Phatthalung,-11,0,05:51,05:40,05:53,05:53,,
2026-01-22,ชุมทางหาดใหญ่,Hat Yai Junction,7,7,07:05,07:12,07:05,07:12,,
2026-01-23,กรุงเทพอภิวัฒน์,Bangkok (Krung Thep Aphiwat),-11,0,16:30,16:19,16:50,16:50,,
2026-01-23,บางบำหรุ,Bang Bamru,0,0,17:01,17:01,17:02,17:02,,
2026-01-23,ศาลายา,Sala Ya,0,0,17:22,17:22,17:23,17:23,,
2026-01-23,นครปฐม,Nakhon Pathom,0,0,17:48,17:48,17:50,17:50,,
2026-01-23,บ้านโป่ง,Ban Pong,0,0,18:08,18:08,18:09,18:09,,
2026-01-23,ราชบุรี,Ratchaburi,-4,0,18:37,18:33,18:47,18:47,,
2026-01-23,เพชรบุรี,Phetchaburi,-9,0,19:30,19:21,19:31,19:31,,
2026-01-23,หัวหิน,Hua Hin,5,3,20:20,20:25,20:25,20:28,,
2026-01-23,ประจวบคีรีขันธ์,Prachuap Khiri Khan,-4,0,21:40,21:36,21:41,21:41,,
2026-01-23,ชุมพร,Chumphon,2,3,23:55,23:57,00:05,00:08,,
2026-01-23,สุราษฎร์ธานี,Surat Thani,16,16,02:20,02:36,02:23,02:39,,
2026-01-23,ชุมทางทุ่งสง,Thung Song Junction,0,0,04:08,04:08,04:18,04:18,,
2026-01-23,พัทลุง,Phatthalung,-14,0,05:51,05:37,05:53,05:53,,
2026-01-23,ชุมทางหาดใหญ่,Hat Yai Junction,15,15,07:05,07:20,07:05,07:20,,
2026-01-24,กรุงเทพอภิวัฒน์,Bangkok (Krung Thep Aphiwat),-11,0,16:30,16:19,16:50,16:50,,
2026-01-24,บางบำหรุ,Bang Bamru,0,0,17:01,17:01,17:02,17:02,,
2026-01-24,ศาลายา,Sala Ya,0,0,17:22,17:22,17:23,17:23,,
2026-01-24,นครปฐม,Nakhon Pathom,0,0,17:48,17:48,17:50,17:50,,
2026-01-24,บ้านโป่ง,Ban Pong,3,3,18:08,18:11,18:09,18:12,,
2026-01-24,ราชบุรี,Ratchaburi,0,0,18:37,18:37,18:47,18:47,,
2026-01-24,เพชรบุรี,Phetchaburi,-8,0,19:30,19:22,19:31,19:31,,
2026-01-24,หัวหิน,Hua Hin,11,9,20:20,20:31,20:25,20:34,,
2026-01-24,ประจวบคีรีขันธ์,Prachuap Khiri Khan,3,3,21:40,21:43,21:41,21:44,,
2026-01-24,ชุมพร,Chumphon,6,7,23:55,00:01,00:05,00:12,,
2026-01-24,สุราษฎร์ธานี,Surat Thani,17,17,02:20,02:37,02:23,02:40,,
2026-01-24,ชุมทางทุ่งสง,Thung Song Junction,18,17,04:08,04:26,04:18,04:35,,
2026-01-24,พัทลุง,Phatthalung,0,0,05:51,05:51,05:53,05:53,,
2026-01-24,ชุมทางหาดใหญ่,Hat Yai Junction,15,15,07:05,07:20,07:05,07:20,,
2026-01-25,กรุงเทพอภิวัฒน์,Bangkok (Krung Thep Aphiwat),-10,0,16:30,16:20,16:50,16:50,"เนื่องจากผ่านพื้นที่ก่อสร้าง, รอหลีกขบวนรถ","due to Passing construction site, Wait for track cleared"
2026-01-25,บางบำหรุ,Bang Bamru,0,0,17:01,17:01,17:02,17:02,"เนื่องจากผ่านพื้นที่ก่อสร้าง, รอหลีกขบวนรถ","due to Passing construction site, Wait for track cleared"
2026-01-25,ศาลายา,Sala Ya,0,0,17:22,17:22,17:23,17:23,"เนื่องจากผ่านพื้นที่ก่อสร้าง, รอหลีกขบวนรถ","due to Passing construction site, Wait for track cleared"
2026-01-25,นครปฐม,Nakhon Pathom,1,1,17:48,17:49,17:50,17:51,"เนื่องจากผ่านพื้นที่ก่อสร้าง, รอหลีกขบวนรถ","due to Passing construction site, Wait for track cleared"
2026-01-25,บ้านโป่ง,Ban Pong,2,2,18:08,18:10,18:09,18:11,"เนื่องจากผ่านพื้นที่ก่อสร้าง, รอหลีกขบวนรถ","due to Passing construction site, Wait for track cleared"
2026-01-25,ราชบุรี,Ratchaburi,-1,0,18:37,18:36,18:47,18:47,"เนื่องจากผ่านพื้นที่ก่อสร้าง, รอหลีกขบวนรถ","due to Passing construction site, Wait for track cleared"
2026-01-25,เพชรบุรี,Phetchaburi,-6,0,19:30,19:24,19:31,19:31,"เนื่องจากผ่านพื้นที่ก่อสร้าง, รอหลีกขบวนรถ","due to Passing construction site, Wait for track cleared"
2026-01-25,หัวหิน,Hua Hin,7,5,20:20,20:27,20:25,20:30,"เนื่องจากผ่านพื้นที่ก่อสร้าง, รอหลีกขบวนรถ","due to Passing construction site, Wait for track cleared"
2026-01-25,ประจวบคีรีขันธ์,Prachuap Khiri Khan,-2,0,21:40,21:38,21:41,21:41,"เนื่องจากผ่านพื้นที่ก่อสร้าง, รอหลีกขบวนรถ","due to Passing construction site, Wait for track cleared"
2026-01-25,ชุมพร,Chumphon,12,12,23:55,00:07,00:05,00:17,"เนื่องจากผ่านพื้นที่ก่อสร้าง, รอหลีกขบวนรถ","due to Passing construction site, Wait for track cleared"
2026-01-25,สุราษฎร์ธานี,Surat Thani,44,44,02:20,03:04,02:23,03:07,"เนื่องจากผ่านพื้นที่ก่อสร้าง, รอหลีกขบวนรถ","due to Passing construction site, Wait for track cleared"
2026-01-25,ชุมทางทุ่งสง,Thung Song Junction,49,49,04:08,04:57,04:18,05:07,"เนื่องจากผ่านพื้นที่ก่อสร้าง, รอหลีกขบวนรถ","due to Passing construction site, Wait for track cleared"
2026-01-25,พัทลุง,Phatthalung,32,32,05:51,06:23,05:53,06:25,"เนื่องจากผ่านพื้นที่ก่อสร้าง, รอหลีกขบวนรถ","due to Passing construction site, Wait for track cleared"
2026-01-25,ชุมทางหาดใหญ่,Hat Yai Junction,37,37,07:05,07:42,07:05,07:42,"เนื่องจากผ่านพื้นที่ก่อสร้าง, รอหลีกขบวนรถ","due to Passing construction site, Wait for track cleared"
2026-01-26,กรุงเทพอภิวัฒน์,Bangkok (Krung Thep Aphiwat),-10,0,16:30,16:20,16:50,16:50,,
2026-01-26,บางบำหรุ,Bang Bamru,0,0,17:01,17:01,17:02,17:02,,
2026-01-26,ศาลายา,Sala Ya,0,0,17:22,17:22,17:23,17:23,,
2026-01-26,นครปฐม,Nakhon Pathom,2,2,17:48,17:50,17:50,17:52,,
2026-01-26,บ้านโป่ง,Ban Pong,6,6,18:08,18:14,18:09,18:15,,
2026-01-26,ราชบุรี,Ratchaburi,3,0,18:37,18:40,18:47,18:47,,
2026-01-26,เพชรบุรี,Phetchaburi,-5,0,19:30,19:25,19:31,19:31,,
2026-01-26,หัวหิน,Hua Hin,7,5,20:20,20:27,20:25,20:30,,
2026-01-26,ประจวบคีรีขันธ์,Prachuap Khiri Khan,-6,0,21:40,21:34,21:41,21:41,,
2026-01-26,ชุมพร,Chumphon,12,12,23:55,00:07,00:05,00:17,,
2026-01-26,สุราษฎร์ธานี,Surat Thani,24,24,02:20,02:44,02:23,02:47,,
2026-01-26,ชุมทางทุ่งสง,Thung Song Junction,20,22,04:08,04:28,04:18,04:40,,
2026-01-26,พัทลุง,Phatthalung,5,5,05:51,05:56,05:53,05:58,,
2026-01-26,ชุมทางหาดใหญ่,Hat Yai Junction,20,20,07:05,07:25,07:05,07:25,,
2026-01-27,กรุงเทพอภิวัฒน์,Bangkok (Krung Thep Aphiwat),-24,0,16:30,16:06,16:50,16:50,,
2026-01-27,บางบำหรุ,Bang Bamru,0,0,17:01,17:01,17:02,17:02,,
2026-01-27,ศาลายา,Sala Ya,0,0,17:22,17:22,17:23,17:23,,
2026-01-27,นครปฐม,Nakhon Pathom,1,1,17:48,17:49,17:50,17:51,,
2026-01-27,บ้านโป่ง,Ban Pong,4,4,18:08,18:12,18:09,18:13,,
2026-01-27,ราชบุรี,Ratchaburi,-1,0,18:37,18:36,18:47,18:47,,
2026-01-27,เพชรบุรี,Phetchaburi,-9,0,19:30,19:21,19:31,19:31,,
2026-01-27,หัวหิน,Hua Hin,40,38,20:20,21:00,20:25,21:03,,
2026-01-27,ประจวบคีรีขันธ์,Prachuap Khiri Khan,31,31,21:40,22:11,21:41,22:12,,
2026-01-27,ชุมพร,Chumphon,32,32,23:55,00:27,00:05,00:37,,
2026-01-27,สุราษฎร์ธานี,Surat Thani,39,39,02:20,02:59,02:23,03:02,,
2026-01-27,ชุมทางทุ่งสง,Thung Song Junction,37,35,04:08,04:45,04:18,04:53,,
2026-01-27,พัทลุง,Phatthalung,13,13,05:51,06:04,05:53,06:06,,
2026-01-27,ชุมทางหาดใหญ่,Hat Yai Junction,17,17,07:05,07:22,07:05,07:22,,
2026-01-28,กรุงเทพอภิวัฒน์,Bangkok (Krung Thep Aphiwat),-10,0,16:30,16:20,16:50,16:50,,
2026-01-28,บางบำหรุ,Bang Bamru,0,0,17:01,17:01,17:02,17:02,,
2026-01-28,ศาลายา,Sala Ya,0,0,17:22,17:22,17:23,17:23,,
2026-01-28,นครปฐม,Nakhon Pathom,0,0,17:48,17:48,17:50,17:50,,
2026-01-28,บ้านโป่ง,Ban Pong,1,1,18:08,18:09,18:09,18:10,,
2026-01-28,ราชบุรี,Ratchaburi,-3,0,18:37,18:34,18:47,18:47,,
2026-01-28,เพชรบุรี,Phetchaburi,-10,0,19:30,19:20,19:31,19:31,,
2026-01-28,หัวหิน,Hua Hin,6,4,20:20,20:26,20:25,20:29,,
2026-01-28,ประจวบคีรีขันธ์,Prachuap Khiri Khan,-5,0,21:40,21:35,21:41,21:41,,
2026-01-28,ชุมพร,Chumphon,0,3,23:55,23:55,00:05,00:08,,
2026-01-28,สุราษฎร์ธานี,Surat Thani,25,25,02:20,02:45,02:23,02:48,,
2026-01-28,ชุมทางทุ่งสง,Thung Song Junction,22,22,04:08,04:30,04:18,04:40,,
2026-01-28,พัทลุง,Phatthalung,3,3,05:51,05:54,05:53,05:56,,
2026-01-28,ชุมทางหาดใหญ่,Hat Yai Junction,7,7,07:05,07:12,07:05,07:12,,
2026-01-29,กรุงเทพอภิวัฒน์,Bangkok (Krung Thep Aphiwat),-11,0,16:30,16:19,16:50,16:50,,
2026-01-29,บางบำหรุ,Bang Bamru,0,0,17:01,17:01,17:02,17:02,,
2026-01-29,ศาลายา,Sala Ya,0,0,17:22,17:22,17:23,17:23,,
2026-01-29,นครปฐม,Nakhon Pathom,2,2,17:48,17:50,17:50,17:52,,
2026-01-29,บ้านโป่ง,Ban Pong,6,6,18:08,18:14,18:09,18:15,,
2026-01-29,ราชบุรี,Ratchaburi,3,0,18:37,18:40,18:47,18:47,,
2026-01-29,เพชรบุรี,Phetchaburi,-6,0,19:30,19:24,19:31,19:31,,
2026-01-29,หัวหิน,Hua Hin,9,7,20:20,20:29,20:25,20:32,,
2026-01-29,ประจวบคีรีขันธ์,Prachuap Khiri Khan,-7,0,21:40,21:33,21:41,21:41,,
2026-01-29,ชุมพร,Chumphon,12,14,23:55,00:07,00:05,00:19,,
2026-01-29,สุราษฎร์ธานี,Surat Thani,30,29,02:20,02:50,02:23,02:52,,
2026-01-29,ชุมทางทุ่งสง,Thung Song Junction,25,23,04:08,04:33,04:18,04:41,,
2026-01-29,พัทลุง,Phatthalung,2,2,05:51,05:53,05:53,05:55,,
2026-01-29,ชุมทางหาดใหญ่,Hat Yai Junction,0,0,07:05,07:05,07:05,07:05,,
2026-01-30,กรุงเทพอภิวัฒน์,Bangkok (Krung Thep Aphiwat),-11,0,16:30,16:19,16:50,16:50,เนื่องจากผ่านพื้นที่ก่อสร้าง,due to Passing construction site
2026-01-30,บางบำหรุ,Bang Bamru,0,0,17:01,17:01,17:02,17:02,เนื่องจากผ่านพื้นที่ก่อสร้าง,due to Passing construction site
2026-01-30,ศาลายา,Sala Ya,0,0,17:22,17:22,17:23,17:23,เนื่องจากผ่านพื้นที่ก่อสร้าง,due to Passing construction site
2026-01-30,นครปฐม,Nakhon Pathom,3,3,17:48,17:51,17:50,17:53,เนื่องจากผ่านพื้นที่ก่อสร้าง,due to Passing construction site
2026-01-30,บ้านโป่ง,Ban Pong,5,5,18:08,18:13,18:09,18:14,เนื่องจากผ่านพื้นที่ก่อสร้าง,due to Passing construction site
2026-01-30,ราชบุรี,Ratchaburi,2,0,18:37,18:39,18:47,18:47,เนื่องจากผ่านพื้นที่ก่อสร้าง,due to Passing construction site
2026-01-30,เพชรบุรี,Phetchaburi,-6,0,19:30,19:24,19:31,19:31,เนื่องจากผ่านพื้นที่ก่อสร้าง,due to Passing construction site
2026-01-30,หัวหิน,Hua Hin,13,11,20:20,20:33,20:25,20:36,เนื่องจากผ่านพื้นที่ก่อสร้าง,due to Passing construction site
2026-01-30,ประจวบคีรีขันธ์,Prachuap Khiri Khan,2,2,21:40,21:42,21:41,21:43,เนื่องจากผ่านพื้นที่ก่อสร้าง,due to Passing construction site
2026-01-30,ชุมพร,Chumphon,13,13,23:55,00:08,00:05,00:18,เนื่องจากผ่านพื้นที่ก่อสร้าง,due to Passing construction site
2026-01-30,สุราษฎร์ธานี,Surat Thani,28,28,02:20,02:48,02:23,02:51,เนื่องจากผ่านพื้นที่ก่อสร้าง,due to Passing construction site
2026-01-30,ชุมทางทุ่งสง,Thung Song Junction,40,35,04:08,04:48,04:18,04:53,เนื่องจากผ่านพื้นที่ก่อสร้าง,due to Passing construction site
2026-01-30,พัทลุง,Phatthalung,20,20,05:51,06:11,05:53,06:13,เนื่องจากผ่านพื้นที่ก่อสร้าง,due to Passing construction site
2026-01-30,ชุมทางหาดใหญ่,Hat Yai Junction,33,33,07:05,07:38,07:05,07:38,เนื่องจากผ่านพื้นที่ก่อสร้าง,due to Passing construction site
2026-01-31,กรุงเทพอภิวัฒน์,Bangkok (Krung Thep Aphiwat),-10,0,16:30,16:20,16:50,16:50,,
2026-01-31,บางบำหรุ,Bang Bamru,0,0,17:01,17:01,17:02,17:02,,
2026-01-31,ศาลายา,Sala Ya,0,0,17:22,17:22,17:23,17:23,,
2026-01-31,นครปฐม,Nakhon Pathom,1,1,17:48,17:49,17:50,17:51,,
2026-01-31,บ้านโป่ง,Ban Pong,6,6,18:08,18:14,18:09,18:15,,
2026-01-31,ราชบุรี,Ratchaburi,4,0,18:37,18:41,18:47,18:47,,
2026-01-31,เพชรบุรี,Phetchaburi,-8,0,19:30,19:22,19:31,19:31,,
2026-01-31,หัวหิน,Hua Hin,14,12,20:20,20:34,20:25,20:37,,
2026-01-31,ประจวบคีรีขันธ์,Prachuap Khiri Khan,0,0,21:40,21:40,21:41,21:41,,
2026-01-31,ชุมพร,Chumphon,-4,0,23:55,23:51,00:05,00:05,,
2026-01-31,สุราษฎร์ธานี,Surat Thani,18,18,02:20,02:38,02:23,02:41,,
2026-01-31,ชุมทางทุ่งสง,Thung Song Junction,16,15,04:08,04:24,04:18,04:33,,
2026-01-31,พัทลุง,Phatthalung,0,0,05:51,05:51,05:53,05:53,,
2026-01-31,ชุมทางหาดใหญ่,Hat Yai Junction,10,10,07:05,07:15,07:05,07:15,,
2026-02-01,กรุงเทพอภิวัฒน์,Bangkok (Krung Thep Aphiwat),-10,0,16:30,16:20,16:50,16:50,,
2026-02-01,บางบำหรุ,Bang Bamru,0,0,17:01,17:01,17:02,17:02,,
2026-02-01,ศาลายา,Sala Ya,0,0,17:22,17:22,17:23,17:23,,
2026-02-01,นครปฐม,Nakhon Pathom,4,4,17:48,17:52,17:50,17:54,,
2026-02-01,บ้านโป่ง,Ban Pong,9,9,18:08,18:17,18:09,18:18,,
2026-02-01,ราชบุรี,Ratchaburi,6,0,18:37,18:43,18:47,18:47,,
2026-02-01,เพชรบุรี,Phetchaburi,-6,0,19:30,19:24,19:31,19:31,,
2026-02-01,หัวหิน,Hua Hin,15,13,20:20,20:35,20:25,20:38,,
2026-02-01,ประจวบคีรีขันธ์,Prachuap Khiri Khan,5,5,21:40,21:45,21:41,21:46,,
2026-02-01,ชุมพร,Chumphon,10,17,23:55,00:05,00:05,00:22,,
2026-02-01,สุราษฎร์ธานี,Surat Thani,43,43,02:20,03:03,02:23,03:06,,
2026-02-01,ชุมทางทุ่งสง,Thung Song Junction,46,45,04:08,04:54,04:18,05:03,,
2026-02-01,พัทลุง,Phatthalung,19,19,05:51,06:10,05:53,06:12,,
2026-02-01,ชุมทางหาดใหญ่,Hat Yai Junction,5,5,07:05,07:10,07:05,07:10,,
2026-02-02,กรุงเทพอภิวัฒน์,Bangkok (Krung Thep Aphiwat),-21,0,16:30,16:09,16:50,16:50,,
2026-02-02,บางบำหรุ,Bang Bamru,0,0,17:01,17:01,17:02,17:02,,
2026-02-02,ศาลายา,Sala Ya,0,0,17:22,17:22,17:23,17:23,,
2026-02-02,นครปฐม,Nakhon Pathom,1,1,17:48,17:49,17:50,17:51,,
2026-02-02,บ้านโป่ง,Ban Pong,5,5,18:08,18:13,18:09,18:14,,
2026-02-02,ราชบุรี,Ratchaburi,0,0,18:37,18:37,18:47,18:47,,
2026-02-02,เพชรบุรี,Phetchaburi,-7,7,19:30,19:23,19:31,19:38,,
2026-02-02,หัวหิน,Hua Hin,18,16,20:20,20:38,20:25,20:41,,
2026-02-02,ประจวบคีรีขันธ์,Prachuap Khiri Khan,21,21,21:40,22:01,21:41,22:02,,
2026-02-02,ชุมพร,Chumphon,35,35,23:55,00:30,00:05,00:40,,
2026-02-02,สุราษฎร์ธานี,Surat Thani,33,33,02:20,02:53,02:23,02:56,,
2026-02-02,ชุมทางทุ่งสง,Thung Song Junction,21,21,04:08,04:29,04:18,04:39,,
2026-02-02,พัทลุง,Phatthalung,5,5,05:51,05:56,05:53,05:58,,
2026-02-02,ชุมทางหาดใหญ่,Hat Yai Junction,13,13,07:05,07:18,07:05,07:18,,
2026-02-03,กรุงเทพอภิวัฒน์,Bangkok (Krung Thep Aphiwat),-13,0,16:30,16:17,16:50,16:50,,
2026-02-03,บางบำหรุ,Bang Bamru,0,0,17:01,17:01,17:02,17:02,,
2026-02-03,ศาลายา,Sala Ya,0,0,17:22,17:22,17:23,17:23,,
2026-02-03,นครปฐม,Nakhon Pathom,4,4,17:48,17:52,17:50,17:54,,
2026-02-03,บ้านโป่ง,Ban Pong,6,6,18:08,18:14,18:09,18:15,,
2026-02-03,ราชบุรี,Ratchaburi,2,0,18:37,18:39,18:47,18:47,,
2026-02-03,เพชรบุรี,Phetchaburi,-6,0,19:30,19:24,19:31,19:31,,
2026-02-03,หัวหิน,Hua Hin,-3,0,20:20,20:17,20:25,20:25,,
2026-02-03,ประจวบคีรีขันธ์,Prachuap Khiri Khan,-12,0,21:40,21:28,21:41,21:41,,
2026-02-03,ชุมพร,Chumphon,3,5,23:55,23:58,00:05,00:10,,
2026-02-03,สุราษฎร์ธานี,Surat Thani,17,17,02:20,02:37,02:23,02:40,,
2026-02-03,ชุมทางทุ่งสง,Thung Song Junction,8,8,04:08,04:16,04:18,04:26,,
2026-02-03,พัทลุง,Phatthalung,-15,0,05:51,05:36,05:53,05:53,,
2026-02-03,ชุมทางหาดใหญ่,Hat Yai Junction,0,0,07:05,07:05,07:05,07:05,,
2026-02-04,กรุงเทพอภิวัฒน์,Bangkok (Krung Thep Aphiwat),-11,0,16:30,16:19,16:50,16:50,,
2026-02-04,บางบำหรุ,Bang Bamru,0,0,17:01,17:01,17:02,17:02,,
2026-02-04,ศาลายา,Sala Ya,0,0,17:22,17:22,17:23,17:23,,
2026-02-04,นครปฐม,Nakhon Pathom,2,2,17:48,17:50,17:50,17:52,,
2026-02-04,บ้านโป่ง,Ban Pong,6,6,18:08,18:14,18:09,18:15,,
2026-02-04,ราชบุรี,Ratchaburi,1,0,18:37,18:38,18:47,18:47,,
2026-02-04,เพชรบุรี,Phetchaburi,-8,0,19:30,19:22,19:31,19:31,,
2026-02-04,หัวหิน,Hua Hin,19,17,20:20,20:39,20:25,20:42,,
2026-02-04,ประจวบคีรีขันธ์,Prachuap Khiri Khan,7,7,21:40,21:47,21:41,21:48,,
2026-02-04,ชุมพร,Chumphon,7,7,23:55,00:02,00:05,00:12,,
2026-02-04,สุราษฎร์ธานี,Surat Thani,36,36,02:20,02:56,02:23,02:59,,
2026-02-04,ชุมทางทุ่งสง,Thung Song Junction,28,28,04:08,04:36,04:18,04:46,,
2026-02-04,พัทลุง,Phatthalung,12,12,05:51,06:03,05:53,06:05,,
2026-02-04,ชุมทางหาดใหญ่,Hat Yai Junction,19,19,07:05,07:24,07:05,07:24,,
2026-02-05,กรุงเทพอภิวัฒน์,Bangkok (Krung Thep Aphiwat),-10,0,16:30,16:20,16:50,16:50,,
2026-02-05,บางบำหรุ,Bang Bamru,0,0,17:01,17:01,17:02,17:02,,
2026-02-05,ศาลายา,Sala Ya,0,0,17:22,17:22,17:23,17:23,,
2026-02-05,นครปฐม,Nakhon Pathom,3,3,17:48,17:51,17:50,17:53,,
2026-02-05,บ้านโป่ง,Ban Pong,5,5,18:08,18:13,18:09,18:14,,
2026-02-05,ราชบุรี,Ratchaburi,0,0,18:37,18:37,18:47,18:47,,
2026-02-05,เพชรบุรี,Phetchaburi,-6,0,19:30,19:24,19:31,19:31,,
2026-02-05,หัวหิน,Hua Hin,5,2,20:20,20:25,20:25,20:27,,
2026-02-05,ประจวบคีรีขันธ์,Prachuap Khiri Khan,-10,0,21:40,21:30,21:41,21:41,,
2026-02-05,ชุมพร,Chumphon,-8,0,23:55,23:47,00:05,00:05,,
2026-02-05,สุราษฎร์ธานี,Surat Thani,33,33,02:20,02:53,02:23,02:56,,
2026-02-05,ชุมทางทุ่งสง,Thung Song Junction,25,25,04:08,04:33,04:18,04:43,,
2026-02-05,พัทลุง,Phatthalung,7,7,05:51,05:58,05:53,06:00,,
2026-02-05,ชุมทางหาดใหญ่,Hat Yai Junction,15,15,07:05,07:20,07:05,07:20,,
2026-02-06,กรุงเทพอภิวัฒน์,Bangkok (Krung Thep Aphiwat),-11,0,16:30,16:19,16:50,16:50,,
2026-02-06,บางบำหรุ,Bang Bamru,0,0,17:01,17:01,17:02,17:02,,
2026-02-06,ศาลายา,Sala Ya,0,0,17:22,17:22,17:23,17:23,,
2026-02-06,นครปฐม,Nakhon Pathom,21,21,17:48,18:09,17:50,18:11,,
2026-02-06,บ้านโป่ง,Ban Pong,23,23,18:08,18:31,18:09,18:32,,
2026-02-06,ราชบุรี,Ratchaburi,28,21,18:37,19:05,18:47,19:08,,
2026-02-06,เพชรบุรี,Phetchaburi,14,14,19:30,19:44,19:31,19:45,,
2026-02-06,หัวหิน,Hua Hin,29,27,20:20,20:49,20:25,20:52,,
2026-02-06,ประจวบคีรีขันธ์,Prachuap Khiri Khan,16,16,21:40,21:56,21:41,21:57,,
2026-02-06,ชุมพร,Chumphon,31,33,23:55,00:26,00:05,00:38,,
2026-02-06,สุราษฎร์ธานี,Surat Thani,46,46,02:20,03:06,02:23,03:09,,
2026-02-06,ชุมทางทุ่งสง,Thung Song Junction,37,36,04:08,04:45,04:18,04:54,,
2026-02-06,พัทลุง,Phatthalung,18,18,05:51,06:09,05:53,06:11,,
2026-02-06,ชุมทางหาดใหญ่,Hat Yai Junction,20,20,07:05,07:25,07:05,07:25,,
2026-02-07,กรุงเทพอภิวัฒน์,Bangkok (Krung Thep Aphiwat),-11,0,16:30,16:19,16:50,16:50,"เนื่องจากผ่านพื้นที่ก่อสร้าง, รอหลีกขบวนรถ","due to Passing construction site, Wait for track cleared"
2026-02-07,บางบำหรุ,Bang Bamru,0,0,17:01,17:01,17:02,17:02,"เนื่องจากผ่านพื้นที่ก่อสร้าง, รอหลีกขบวนรถ","due to Passing construction site, Wait for track cleared"
2026-02-07,ศาลายา,Sala Ya,0,0,17:22,17:22,17:23,17:23,"เนื่องจากผ่านพื้นที่ก่อสร้าง, รอหลีกขบวนรถ","due to Passing construction site, Wait for track cleared"
2026-02-07,นครปฐม,Nakhon Pathom,4,4,17:48,17:52,17:50,17:54,"เนื่องจากผ่านพื้นที่ก่อสร้าง, รอหลีกขบวนรถ","due to Passing construction site, Wait for track cleared"
2026-02-07,บ้านโป่ง,Ban Pong,9,9,18:08,18:17,18:09,18:18,"เนื่องจากผ่านพื้นที่ก่อสร้าง, รอหลีกขบวนรถ","due to Passing construction site, Wait for track cleared"
2026-02-07,ราชบุรี,Ratchaburi,5,0,18:37,18:42,18:47,18:47,"เนื่องจากผ่านพื้นที่ก่อสร้าง, รอหลีกขบวนรถ","due to Passing construction site, Wait for track cleared"
2026-02-07,เพชรบุรี,Phetchaburi,-7,0,19:30,19:23,19:31,19:31,"เนื่องจากผ่านพื้นที่ก่อสร้าง, รอหลีกขบวนรถ","due to Passing construction site, Wait for track cleared"
2026-02-07,หัวหิน,Hua Hin,10,8,20:20,20:30,20:25,20:33,"เนื่องจากผ่านพื้นที่ก่อสร้าง, รอหลีกขบวนรถ","due to Passing construction site, Wait for track cleared"
2026-02-07,ประจวบคีรีขันธ์,Prachuap Khiri Khan,3,3,21:40,21:43,21:41,21:44,"เนื่องจากผ่านพื้นที่ก่อสร้าง, รอหลีกขบวนรถ","due to Passing construction site, Wait for track cleared"
2026-02-07,ชุมพร,Chumphon,13,21,23:55,00:08,00:05,00:26,"เนื่องจากผ่านพื้นที่ก่อสร้าง, รอหลีกขบวนรถ","due to Passing construction site, Wait for track cleared"
2026-02-07,สุราษฎร์ธานี,Surat Thani,61,61,02:20,03:21,02:23,03:24,"เนื่องจากผ่านพื้นที่ก่อสร้าง, รอหลีกขบวนรถ","due to Passing construction site, Wait for track cleared"
2026-02-07,ชุมทางทุ่งสง,Thung Song Junction,64,63,04:08,05:12,04:18,05:21,"เนื่องจากผ่านพื้นที่ก่อสร้าง, รอหลีกขบวนรถ","due to Passing construction site, Wait for track cleared"
2026-02-07,พัทลุง,Phatthalung,49,49,05:51,06:40,05:53,06:42,"เนื่องจากผ่านพื้นที่ก่อสร้าง, รอหลีกขบวนรถ","due to Passing construction site, Wait for track cleared"
2026-02-07,ชุมทางหาดใหญ่,Hat Yai Junction,55,55,07:05,08:00,07:05,08:00,"เนื่องจากผ่านพื้นที่ก่อสร้าง, รอหลีกขบวนรถ","due to Passing construction site, Wait for track cleared"
2026-02-08,กรุงเทพอภิวัฒน์,Bangkok (Krung Thep Aphiwat),-11,0,16:30,16:19,16:50,16:50,,
2026-02-08,บางบำหรุ,Bang Bamru,0,0,17:01,17:01,17:02,17:02,,
2026-02-08,ศาลายา,Sala Ya,0,0,17:22,17:22,17:23,17:23,,
2026-02-08,นครปฐม,Nakhon Pathom,6,6,17:48,17:54,17:50,17:56,,
2026-02-08,บ้านโป่ง,Ban Pong,10,10,18:08,18:18,18:09,18:19,,
2026-02-08,ราชบุรี,Ratchaburi,5,0,18:37,18:42,18:47,18:47,,
2026-02-08,เพชรบุรี,Phetchaburi,-10,0,19:30,19:20,19:31,19:31,,
2026-02-08,หัวหิน,Hua Hin,19,17,20:20,20:39,20:25,20:42,,
2026-02-08,ประจวบคีรีขันธ์,Prachuap Khiri Khan,6,6,21:40,21:46,21:41,21:47,,
2026-02-08,ชุมพร,Chumphon,12,12,23:55,00:07,00:05,00:17,,
2026-02-08,สุราษฎร์ธานี,Surat Thani,36,37,02:20,02:56,02:23,03:00,,
2026-02-08,ชุมทางทุ่งสง,Thung Song Junction,35,34,04:08,04:43,04:18,04:52,,
2026-02-08,พัทลุง,Phatthalung,15,15,05:51,06:06,05:53,06:08,,
2026-02-08,ชุมทางหาดใหญ่,Hat Yai Junction,13,13,07:05,07:18,07:05,07:18,,
2026-02-09,กรุงเทพอภิวัฒน์,Bangkok (Krung Thep Aphiwat),-21,0,16:30,16:09,16:50,16:50,,
2026-02-09,บางบำหรุ,Bang Bamru,0,0,17:01,17:01,17:02,17:02,,
2026-02-09,ศาลายา,Sala Ya,0,0,17:22,17:22,17:23,17:23,,
2026-02-09,นครปฐม,Nakhon Pathom,4,4,17:48,17:52,17:50,17:54,,
2026-02-09,บ้านโป่ง,Ban Pong,7,7,18:08,18:15,18:09,18:16,,
2026-02-09,ราชบุรี,Ratchaburi,5,0,18:37,18:42,18:47,18:47,,
2026-02-09,เพชรบุรี,Phetchaburi,-8,0,19:30,19:22,19:31,19:31,,
2026-02-09,หัวหิน,Hua Hin,17,15,20:20,20:37,20:25,20:40,,
2026-02-09,ประจวบคีรีขันธ์,Prachuap Khiri Khan,0,0,21:40,21:40,21:41,21:41,,
2026-02-09,ชุมพร,Chumphon,-5,5,23:55,23:50,00:05,00:10,,
2026-02-09,สุราษฎร์ธานี,Surat Thani,21,21,02:20,02:41,02:23,02:44,,
2026-02-09,ชุมทางทุ่งสง,Thung Song Junction,13,11,04:08,04:21,04:18,04:29,,
2026-02-09,พัทลุง,Phatthalung,-10,0,05:51,05:41,05:53,05:53,,
2026-02-09,ชุมทางหาดใหญ่,Hat Yai Junction,15,15,07:05,07:20,07:05,07:20,,
2026-02-10,กรุงเทพอภิวัฒน์,Bangkok (Krung Thep Aphiwat),-12,0,16:30,16:18,16:50,16:50,,
2026-02-10,บางบำหรุ,Bang Bamru,0,0,17:01,17:01,17:02,17:02,,
2026-02-10,ศาลายา,Sala Ya,0,0,17:22,17:22,17:23,17:23,,
2026-02-10,นครปฐม,Nakhon Pathom,3,3,17:48,17:51,17:50,17:53,,
2026-02-10,บ้านโป่ง,Ban Pong,12,12,18:08,18:20,18:09,18:21,,
2026-02-10,ราชบุรี,Ratchaburi,8,1,18:37,18:45,18:47,18:48,,
2026-02-10,เพชรบุรี,Phetchaburi,-6,0,19:30,19:24,19:31,19:31,,
2026-02-10,หัวหิน,Hua Hin,10,8,20:20,20:30,20:25,20:33,,
2026-02-10,ประจวบคีรีขันธ์,Prachuap Khiri Khan,-2,0,21:40,21:38,21:41,21:41,,
2026-02-10,ชุมพร,Chumphon,9,12,23:55,00:04,00:05,00:17,,
2026-02-10,สุราษฎร์ธานี,Surat Thani,10,10,02:20,02:30,02:23,02:33,,
2026-02-10,ชุมทางทุ่งสง,Thung Song Junction,7,10,04:08,04:15,04:18,04:28,,
2026-02-10,พัทลุง,Phatthalung,7,7,05:51,05:58,05:53,06:00,,
2026-02-10,ชุมทางหาดใหญ่,Hat Yai Junction,17,17,07:05,07:22,07:05,07:22,,
2026-02-11,กรุงเทพอภิวัฒน์,Bangkok (Krung Thep Aphiwat),-9,0,16:30,16:21,16:50,16:50,,
2026-02-11,บางบำหรุ,Bang Bamru,0,0,17:01,17:01,17:02,17:02,,
2026-02-11,ศาลายา,Sala Ya,0,0,17:22,17:22,17:23,17:23,,
2026-02-11,นครปฐม,Nakhon Pathom,3,9,17:48,17:51,17:50,17:59,,
2026-02-11,บ้านโป่ง,Ban Pong,9,9,18:08,18:17,18:09,18:18,,
2026-02-11,ราชบุรี,Ratchaburi,4,0,18:37,18:41,18:47,18:47,,
2026-02-11,เพชรบุรี,Phetchaburi,-9,0,19:30,19:21,19:31,19:31,,
2026-02-11,หัวหิน,Hua Hin,0,0,20:20,20:20,20:25,20:25,,
2026-02-11,ประจวบคีรีขันธ์,Prachuap Khiri Khan,-13,0,21:40,21:27,21:41,21:41,,
2026-02-11,ชุมพร,Chumphon,-15,0,23:55,23:40,00:05,00:05,,
2026-02-11,สุราษฎร์ธานี,Surat Thani,14,14,02:20,02:34,02:23,02:37,,
2026-02-11,ชุมทางทุ่งสง,Thung Song Junction,18,18,04:08,04:26,04:18,04:36,,
2026-02-11,พัทลุง,Phatthalung,2,2,05:51,05:53,05:53,05:55,,
2026-02-11,ชุมทางหาดใหญ่,Hat Yai Junction,8,8,07:05,07:13,07:05,07:13,,
2026-02-12,กรุงเทพอภิวัฒน์,Bangkok (Krung Thep Aphiwat),-9,0,16:30,16:21,16:50,16:50,,
2026-02-12,บางบำหรุ,Bang Bamru,0,0,17:01,17:01,17:02,17:02,,
2026-02-12,ศาลายา,Sala Ya,0,2,17:22,17:22,17:23,17:25,,
2026-02-12,นครปฐม,Nakhon Pathom,12,12,17:48,18:00,17:50,18:02,,
2026-02-12,บ้านโป่ง,Ban Pong,15,15,18:08,18:23,18:09,18:24,,
2026-02-12,ราชบุรี,Ratchaburi,12,5,18:37,18:49,18:47,18:52,,
2026-02-12,เพชรบุรี,Phetchaburi,0,0,19:30,19:30,19:31,19:31,,
2026-02-12,หัวหิน,Hua Hin,11,12,20:20,20:31,20:25,20:37,,
2026-02-12,ประจวบคีรีขันธ์,Prachuap Khiri Khan,9,9,21:40,21:49,21:41,21:50,,
2026-02-12,ชุมพร,Chumphon,18,18,23:55,00:13,00:05,00:23,,
2026-02-12,สุราษฎร์ธานี,Surat Thani,18,18,02:20,02:38,02:23,02:41,,
2026-02-12,ชุมทางทุ่งสง,Thung Song Junction,8,5,04:08,04:16,04:18,04:23,,
2026-02-12,พัทลุง,Phatthalung,0,0,05:51,05:51,05:53,05:53,,
2026-02-12,ชุมทางหาดใหญ่,Hat Yai Junction,13,13,07:05,07:18,07:05,07:18,,
2026-02-13,กรุงเทพอภิวัฒน์,Bangkok (Krung Thep Aphiwat),-11,0,16:30,16:19,16:50,16:50,,
2026-02-13,บางบำหรุ,Bang Bamru,0,0,17:01,17:01,17:02,17:02,,
2026-02-13,ศาลายา,Sala Ya,0,0,17:22,17:22,17:23,17:23,,
2026-02-13,นครปฐม,Nakhon Pathom,27,27,17:48,18:15,17:50,18:17,,
2026-02-13,บ้านโป่ง,Ban Pong,28,28,18:08,18:36,18:09,18:37,,
2026-02-13,ราชบุรี,Ratchaburi,23,16,18:37,19:00,18:47,19:03,,
2026-02-13,เพชรบุรี,Phetchaburi,9,9,19:30,19:39,19:31,19:40,,
2026-02-13,หัวหิน,Hua Hin,10,7,20:20,20:30,20:25,20:32,,
2026-02-13,ประจวบคีรีขันธ์,Prachuap Khiri Khan,-4,0,21:40,21:36,21:41,21:41,,
2026-02-13,ชุมพร,Chumphon,2,0,23:55,23:57,00:05,00:05,,
2026-02-13,สุราษฎร์ธานี,Surat Thani,29,29,02:20,02:49,02:23,02:52,,
2026-02-13,ชุมทางทุ่งสง,Thung Song Junction,20,19,04:08,04:28,04:18,04:37,,
2026-02-13,พัทลุง,Phatthalung,0,0,05:51,05:51,05:53,05:53,,
2026-02-13,ชุมทางหาดใหญ่,Hat Yai Junction,10,10,07:05,07:15,07:05,07:15,,
2026-02-14,กรุงเทพอภิวัฒน์,Bangkok (Krung Thep Aphiwat),-11,0,16:30,16:19,16:50,16:50,,
2026-02-14,บางบำหรุ,Bang Bamru,0,0,17:01,17:01,17:02,17:02,,
2026-02-14,ศาลายา,Sala Ya,0,1,17:22,17:22,17:23,17:24,,
2026-02-14,นครปฐม,Nakhon Pathom,10,10,17:48,17:58,17:50,18:00,,
2026-02-14,บ้านโป่ง,Ban Pong,14,14,18:08,18:22,18:09,18:23,,
2026-02-14,ราชบุรี,Ratchaburi,9,2,18:37,18:46,18:47,18:49,,
2026-02-14,เพชรบุรี,Phetchaburi,-7,0,19:30,19:23,19:31,19:31,,
2026-02-14,หัวหิน,Hua Hin,2,0,20:20,20:22,20:25,20:25,,
2026-02-14,ประจวบคีรีขันธ์,Prachuap Khiri Khan,-14,0,21:40,21:26,21:41,21:41,,
2026-02-14,ชุมพร,Chumphon,-8,0,23:55,23:47,00:05,00:05,,
2026-02-14,สุราษฎร์ธานี,Surat Thani,17,17,02:20,02:37,02:23,02:40,,
2026-02-14,ชุมทางทุ่งสง,Thung Song Junction,14,12,04:08,04:22,04:18,04:30,,
2026-02-14,พัทลุง,Phatthalung,0,0,05:51,05:51,05:53,05:53,,
2026-02-14,ชุมทางหาดใหญ่,Hat Yai Junction,0,0,07:05,07:05,07:05,07:05,,
2026-02-15,กรุงเทพอภิวัฒน์,Bangkok (Krung Thep Aphiwat),-9,0,16:30,16:21,16:50,16:50,,
2026-02-15,บางบำหรุ,Bang Bamru,0,0,17:01,17:01,17:02,17:02,,
2026-02-15,ศาลายา,Sala Ya,0,2,17:22,17:22,17:23,17:25,,
2026-02-15,นครปฐม,Nakhon Pathom,6,6,17:48,17:54,17:50,17:56,,
2026-02-15,บ้านโป่ง,Ban Pong,10,10,18:08,18:18,18:09,18:19,,
2026-02-15,ราชบุรี,Ratchaburi,6,0,18:37,18:43,18:47,18:47,,
2026-02-15,เพชรบุรี,Phetchaburi,-7,0,19:30,19:23,19:31,19:31,,
2026-02-15,หัวหิน,Hua Hin,10,8,20:20,20:30,20:25,20:33,,
2026-02-15,ประจวบคีรีขันธ์,Prachuap Khiri Khan,-6,0,21:40,21:34,21:41,21:41,,
2026-02-15,ชุมพร,Chumphon,-2,12,23:55,23:53,00:05,00:17,,
2026-02-15,สุราษฎร์ธานี,Surat Thani,26,26,02:20,02:46,02:23,02:49,,
2026-02-15,ชุมทางทุ่งสง,Thung Song Junction,23,22,04:08,04:31,04:18,04:40,,
2026-02-15,พัทลุง,Phatthalung,4,4,05:51,05:55,05:53,05:57,,
2026-02-15,ชุมทางหาดใหญ่,Hat Yai Junction,10,10,07:05,07:15,07:05,07:15,,
2026-02-16,กรุงเทพอภิวัฒน์,Bangkok (Krung Thep Aphiwat),-4,0,16:30,16:26,16:50,16:50,,
2026-02-16,บางบำหรุ,Bang Bamru,0,0,17:01,17:01,17:02,17:02,,
2026-02-16,ศาลายา,Sala Ya,0,0,17:22,17:22,17:23,17:23,,
2026-02-16,นครปฐม,Nakhon Pathom,6,6,17:48,17:54,17:50,17:56,,
2026-02-16,บ้านโป่ง,Ban Pong,10,10,18:08,18:18,18:09,18:19,,
2026-02-16,ราชบุรี,Ratchaburi,6,0,18:37,18:43,18:47,18:47,,
2026-02-16,เพชรบุรี,Phetchaburi,-8,0,19:30,19:22,19:31,19:31,,
2026-02-16,หัวหิน,Hua Hin,17,15,20:20,20:37,20:25,20:40,,
2026-02-16,ประจวบคีรีขันธ์,Prachuap Khiri Khan,-1,2,21:40,21:39,21:41,21:43,,
2026-02-16,ชุมพร,Chumphon,25,25,23:55,00:20,00:05,00:30,,
2026-02-16,สุราษฎร์ธานี,Surat Thani,29,28,02:20,02:49,02:23,02:51,,
2026-02-16,ชุมทางทุ่งสง,Thung Song Junction,26,24,04:08,04:34,04:18,04:42,,
2026-02-16,พัทลุง,Phatthalung,8,8,05:51,05:59,05:53,06:01,,
2026-02-16,ชุมทางหาดใหญ่,Hat Yai Junction,9,9,07:05,07:14,07:05,07:14,,
2026-02-17,กรุงเทพอภิวัฒน์,Bangkok (Krung Thep Aphiwat),-12,0,16:30,16:18,16:50,16:50,,
2026-02-17,บางบำหรุ,Bang Bamru,0,0,17:01,17:01,17:02,17:02,,
2026-02-17,ศาลายา,Sala Ya,0,0,17:22,17:22,17:23,17:23,,
2026-02-17,นครปฐม,Nakhon Pathom,5,5,17:48,17:53,17:50,17:55,,
2026-02-17,บ้านโป่ง,Ban Pong,6,6,18:08,18:14,18:09,18:15,,
2026-02-17,ราชบุรี,Ratchaburi,2,0,18:37,18:39,18:47,18:47,,
2026-02-17,เพชรบุรี,Phetchaburi,-9,0,19:30,19:21,19:31,19:31,,
2026-02-17,หัวหิน,Hua Hin,4,2,20:20,20:24,20:25,20:27,,
2026-02-17,ประจวบคีรีขันธ์,Prachuap Khiri Khan,-2,0,21:40,21:38,21:41,21:41,,
2026-02-17,ชุมพร,Chumphon,3,5,23:55,23:58,00:05,00:10,,
2026-02-17,สุราษฎร์ธานี,Surat Thani,24,24,02:20,02:44,02:23,02:47,,
2026-02-17,ชุมทางทุ่งสง,Thung Song Junction,22,20,04:08,04:30,04:18,04:38,,
2026-02-17,พัทลุง,Phatthalung,6,6,05:51,05:57,05:53,05:59,,
2026-02-17,ชุมทางหาดใหญ่,Hat Yai Junction,15,15,07:05,07:20,07:05,07:20,,
2026-02-18,กรุงเทพอภิวัฒน์,Bangkok (Krung Thep Aphiwat),-10,0,16:30,16:20,16:50,16:50,,
2026-02-18,บางบำหรุ,Bang Bamru,0,0,17:01,17:01,17:02,17:02,,
2026-02-18,ศาลายา,Sala Ya,0,0,17:22,17:22,17:23,17:23,,
2026-02-18,นครปฐม,Nakhon Pathom,5,5,17:48,17:53,17:50,17:55,,
2026-02-18,บ้านโป่ง,Ban Pong,10,10,18:08,18:18,18:09,18:19,,
2026-02-18,ราชบุรี,Ratchaburi,6,0,18:37,18:43,18:47,18:47,,
2026-02-18,เพชรบุรี,Phetchaburi,-6,0,19:30,19:24,19:31,19:31,,
2026-02-18,หัวหิน,Hua Hin,9,7,20:20,20:29,20:25,20:32,,
2026-02-18,ประจวบคีรีขันธ์,Prachuap Khiri Khan,-2,0,21:40,21:38,21:41,21:41,,
2026-02-18,ชุมพร,Chumphon,5,6,23:55,00:00,00:05,00:11,,
2026-02-18,สุราษฎร์ธานี,Surat Thani,14,14,02:20,02:34,02:23,02:37,,
2026-02-18,ชุมทางทุ่งสง,Thung Song Junction,6,5,04:08,04:14,04:18,04:23,,
2026-02-18,พัทลุง,Phatthalung,-11,0,05:51,05:40,05:53,05:53,,
2026-02-18,ชุมทางหาดใหญ่,Hat Yai Junction,-5,-5,07:05,07:00,07:05,07:00,,
2026-02-19,กรุงเทพอภิวัฒน์,Bangkok (Krung Thep Aphiwat),-23,0,16:30,16:07,16:50,16:50,,
2026-02-19,บางบำหรุ,Bang Bamru,0,0,17:01,17:01,17:02,17:02,,
2026-02-19,ศาลายา,Sala Ya,0,0,17:22,17:22,17:23,17:23,,
2026-02-19,นครปฐม,Nakhon Pathom,2,2,17:48,17:50,17:50,17:52,,
2026-02-19,บ้านโป่ง,Ban Pong,5,5,18:08,18:13,18:09,18:14,,
2026-02-19,ราชบุรี,Ratchaburi,2,0,18:37,18:39,18:47,18:47,,
2026-02-19,เพชรบุรี,Phetchaburi,-7,0,19:30,19:23,19:31,19:31,,
2026-02-19,หัวหิน,Hua Hin,4,2,20:20,20:24,20:25,20:27,,
2026-02-19,ประจวบคีรีขันธ์,Prachuap Khiri Khan,-8,0,21:40,21:32,21:41,21:41,,
2026-02-19,ชุมพร,Chumphon,3,5,23:55,23:58,00:05,00:10,,
2026-02-19,สุราษฎร์ธานี,Surat Thani,12,12,02:20,02:32,02:23,02:35,,
2026-02-19,ชุมทางทุ่งสง,Thung Song Junction,4,3,04:08,04:12,04:18,04:21,,
2026-02-19,พัทลุง,Phatthalung,-13,0,05:51,05:38,05:53,05:53,,
2026-02-19,ชุมทางหาดใหญ่,Hat Yai Junction,3,3,07:05,07:08,07:05,07:08,,
2026-02-20,กรุงเทพอภิวัฒน์,Bangkok (Krung Thep Aphiwat),-21,0,16:30,16:09,16:50,16:50,,
2026-02-20,บางบำหรุ,Bang Bamru,0,0,17:01,17:01,17:02,17:02,,
2026-02-20,ศาลายา,Sala Ya,0,0,17:22,17:22,17:23,17:23,,
2026-02-20,นครปฐม,Nakhon Pathom,9,9,17:48,17:57,17:50,17:59,,
2026-02-20,บ้านโป่ง,Ban Pong,12,12,18:08,18:20,18:09,18:21,,
2026-02-20,ราชบุรี,Ratchaburi,8,1,18:37,18:45,18:47,18:48,,
2026-02-20,เพชรบุรี,Phetchaburi,-7,0,19:30,19:23,19:31,19:31,,
2026-02-20,หัวหิน,Hua Hin,13,11,20:20,20:33,20:25,20:36,,
2026-02-20,ประจวบคีรีขันธ์,Prachuap Khiri Khan,-3,0,21:40,21:37,21:41,21:41,,
2026-02-20,ชุมพร,Chumphon,9,9,23:55,00:04,00:05,00:14,,
2026-02-20,สุราษฎร์ธานี,Surat Thani,17,17,02:20,02:37,02:23,02:40,,
2026-02-20,ชุมทางทุ่งสง,Thung Song Junction,12,12,04:08,04:20,04:18,04:30,,
2026-02-20,พัทลุง,Phatthalung,9,9,05:51,06:00,05:53,06:02,,
2026-02-20,ชุมทางหาดใหญ่,Hat Yai Junction,17,17,07:05,07:22,07:05,07:22,,
2026-02-21,กรุงเทพอภิวัฒน์,Bangkok (Krung Thep Aphiwat),-11,0,16:30,16:19,16:50,16:50,,
2026-02-21,บางบำหรุ,Bang Bamru,0,0,17:01,17:01,17:02,17:02,,
2026-02-21,ศาลายา,Sala Ya,0,0,17:22,17:22,17:23,17:23,,
2026-02-21,นครปฐม,Nakhon Pathom,4,4,17:48,17:52,17:50,17:54,,
2026-02-21,บ้านโป่ง,Ban Pong,9,9,18:08,18:17,18:09,18:18,,
2026-02-21,ราชบุรี,Ratchaburi,7,0,18:37,18:44,18:47,18:47,,
2026-02-21,เพชรบุรี,Phetchaburi,-8,0,19:30,19:22,19:31,19:31,,
2026-02-21,หัวหิน,Hua Hin,12,9,20:20,20:32,20:25,20:34,,
2026-02-21,ประจวบคีรีขันธ์,Prachuap Khiri Khan,2,2,21:40,21:42,21:41,21:43,,
2026-02-21,ชุมพร,Chumphon,11,11,23:55,00:06,00:05,00:16,,
2026-02-21,สุราษฎร์ธานี,Surat Thani,22,22,02:20,02:42,02:23,02:45,,
2026-02-21,ชุมทางทุ่งสง,Thung Song Junction,13,13,04:08,04:21,04:18,04:31,,
2026-02-21,พัทลุง,Phatthalung,-3,0,05:51,05:48,05:53,05:53,,
2026-02-21,ชุมทางหาดใหญ่,Hat Yai Junction,10,10,07:05,07:15,07:05,07:15,,
2026-02-22,กรุงเทพอภิวัฒน์,Bangkok (Krung Thep Aphiwat),-11,0,16:30,16:19,16:50,16:50,"เนื่องจากผ่านพื้นที่ก่อสร้าง, รอหลีกขบวนรถ","due to Passing construction site, Wait for track cleared"
2026-02-22,บางบำหรุ,Bang Bamru,0,0,17:01,17:01,17:02,17:02,"เนื่องจากผ่านพื้นที่ก่อสร้าง, รอหลีกขบวนรถ","due to Passing construction site, Wait for track cleared"
2026-02-22,ศาลายา,Sala Ya,0,0,17:22,17:22,17:23,17:23,"เนื่องจากผ่านพื้นที่ก่อสร้าง, รอหลีกขบวนรถ","due to Passing construction site, Wait for track cleared"
2026-02-22,นครปฐม,Nakhon Pathom,0,1,17:48,17:48,17:50,17:51,"เนื่องจากผ่านพื้นที่ก่อสร้าง, รอหลีกขบวนรถ","due to Passing construction site, Wait for track cleared"
2026-02-22,บ้านโป่ง,Ban Pong,2,2,18:08,18:10,18:09,18:11,"เนื่องจากผ่านพื้นที่ก่อสร้าง, รอหลีกขบวนรถ","due to Passing construction site, Wait for track cleared"
2026-02-22,ราชบุรี,Ratchaburi,-3,0,18:37,18:34,18:47,18:47,"เนื่องจากผ่านพื้นที่ก่อสร้าง, รอหลีกขบวนรถ","due to Passing construction site, Wait for track cleared"
2026-02-22,เพชรบุรี,Phetchaburi,-8,0,19:30,19:22,19:31,19:31,"เนื่องจากผ่านพื้นที่ก่อสร้าง, รอหลีกขบวนรถ","due to Passing construction site, Wait for track cleared"
2026-02-22,หัวหิน,Hua Hin,0,0,20:20,20:20,20:25,20:25,"เนื่องจากผ่านพื้นที่ก่อสร้าง, รอหลีกขบวนรถ","due to Passing construction site, Wait for track cleared"
2026-02-22,ประจวบคีรีขันธ์,Prachuap Khiri Khan,-11,0,21:40,21:29,21:41,21:41,"เนื่องจากผ่านพื้นที่ก่อสร้าง, รอหลีกขบวนรถ","due to Passing construction site, Wait for track cleared"
2026-02-22,ชุมพร,Chumphon,-1,0,23:55,23:54,00:05,00:05,"เนื่องจากผ่านพื้นที่ก่อสร้าง, รอหลีกขบวนรถ","due to Passing construction site, Wait for track cleared"
2026-02-22,สุราษฎร์ธานี,Surat Thani,44,44,02:20,03:04,02:23,03:07,"เนื่องจากผ่านพื้นที่ก่อสร้าง, รอหลีกขบวนรถ","due to Passing construction site, Wait for track cleared"
2026-02-22,ชุมทางทุ่งสง,Thung Song Junction,53,51,04:08,05:01,04:18,05:09,"เนื่องจากผ่านพื้นที่ก่อสร้าง, รอหลีกขบวนรถ","due to Passing construction site, Wait for track cleared"
2026-02-22,พัทลุง,Phatthalung,35,35,05:51,06:26,05:53,06:28,"เนื่องจากผ่านพื้นที่ก่อสร้าง, รอหลีกขบวนรถ","due to Passing construction site, Wait for track cleared"
2026-02-22,ชุมทางหาดใหญ่,Hat Yai Junction,45,45,07:05,07:50,07:05,07:50,"เนื่องจากผ่านพื้นที่ก่อสร้าง, รอหลีกขบวนรถ","due to Passing construction site, Wait for track cleared"
2026-02-23,กรุงเทพอภิวัฒน์,Bangkok (Krung Thep Aphiwat),-11,0,16:30,16:19,16:50,16:50,,
2026-02-23,บางบำหรุ,Bang Bamru,0,0,17:01,17:01,17:02,17:02,,
2026-02-23,ศาลายา,Sala Ya,0,0,17:22,17:22,17:23,17:23,,
2026-02-23,นครปฐม,Nakhon Pathom,3,3,17:48,17:51,17:50,17:53,,
2026-02-23,บ้านโป่ง,Ban Pong,4,4,18:08,18:12,18:09,18:13,,
2026-02-23,ราชบุรี,Ratchaburi,0,0,18:37,18:37,18:47,18:47,,
2026-02-23,เพชรบุรี,Phetchaburi,-7,0,19:30,19:23,19:31,19:31,,
2026-02-23,หัวหิน,Hua Hin,0,0,20:20,20:20,20:25,20:25,,
2026-02-23,ประจวบคีรีขันธ์,Prachuap Khiri Khan,-5,0,21:40,21:35,21:41,21:41,,
2026-02-23,ชุมพร,Chumphon,13,13,23:55,00:08,00:05,00:18,,
2026-02-23,สุราษฎร์ธานี,Surat Thani,34,33,02:20,02:54,02:23,02:56,,
2026-02-23,ชุมทางทุ่งสง,Thung Song Junction,31,29,04:08,04:39,04:18,04:47,,
2026-02-23,พัทลุง,Phatthalung,5,5,05:51,05:56,05:53,05:58,,
2026-02-23,ชุมทางหาดใหญ่,Hat Yai Junction,9,9,07:05,07:14,07:05,07:14,,
2026-02-24,กรุงเทพอภิวัฒน์,Bangkok (Krung Thep Aphiwat),-21,0,16:30,16:09,16:50,16:50,,
2026-02-24,บางบำหรุ,Bang Bamru,0,0,17:01,17:01,17:02,17:02,,
2026-02-24,ศาลายา,Sala Ya,0,0,17:22,17:22,17:23,17:23,,
2026-02-24,นครปฐม,Nakhon Pathom,8,8,17:48,17:56,17:50,17:58,,
2026-02-24,บ้านโป่ง,Ban Pong,12,12,18:08,18:20,18:09,18:21,,
2026-02-24,ราชบุรี,Ratchaburi,9,2,18:37,18:46,18:47,18:49,,
2026-02-24,เพชรบุรี,Phetchaburi,-6,0,19:30,19:24,19:31,19:31,,
2026-02-24,หัวหิน,Hua Hin,10,8,20:20,20:30,20:25,20:33,,
2026-02-24,ประจวบคีรีขันธ์,Prachuap Khiri Khan,-5,0,21:40,21:35,21:41,21:41,,
2026-02-24,ชุมพร,Chumphon,12,14,23:55,00:07,00:05,00:19,,
2026-02-24,สุราษฎร์ธานี,Surat Thani,29,29,02:20,02:49,02:23,02:52,,
2026-02-24,ชุมทางทุ่งสง,Thung Song Junction,29,29,04:08,04:37,04:18,04:47,,
2026-02-24,พัทลุง,Phatthalung,14,14,05:51,06:05,05:53,06:07,,
2026-02-24,ชุมทางหาดใหญ่,Hat Yai Junction,20,20,07:05,07:25,07:05,07:25,,
2026-02-25,กรุงเทพอภิวัฒน์,Bangkok (Krung Thep Aphiwat),-10,0,16:30,16:20,16:50,16:50,,
2026-02-25,บางบำหรุ,Bang Bamru,0,0,17:01,17:01,17:02,17:02,,
2026-02-25,ศาลายา,Sala Ya,0,0,17:22,17:22,17:23,17:23,,
2026-02-25,นครปฐม,Nakhon Pathom,4,4,17:48,17:52,17:50,17:54,,
2026-02-25,บ้านโป่ง,Ban Pong,9,9,18:08,18:17,18:09,18:18,,
2026-02-25,ราชบุรี,Ratchaburi,5,0,18:37,18:42,18:47,18:47,,
2026-02-25,เพชรบุรี,Phetchaburi,-7,0,19:30,19:23,19:31,19:31,,
2026-02-25,หัวหิน,Hua Hin,7,5,20:20,20:27,20:25,20:30,,
2026-02-25,ประจวบคีรีขันธ์,Prachuap Khiri Khan,-6,0,21:40,21:34,21:41,21:41,,
2026-02-25,ชุมพร,Chumphon,-4,4,23:55,23:51,00:05,00:09,,
2026-02-25,สุราษฎร์ธานี,Surat Thani,5,4,02:20,02:25,02:23,02:27,,
2026-02-25,ชุมทางทุ่งสง,Thung Song Junction,-6,6,04:08,04:02,04:18,04:24,,
2026-02-25,พัทลุง,Phatthalung,-6,0,05:51,05:45,05:53,05:53,,
2026-02-25,ชุมทางหาดใหญ่,Hat Yai Junction,10,10,07:05,07:15,07:05,07:15,,
2026-02-26,กรุงเทพอภิวัฒน์,Bangkok (Krung Thep Aphiwat),3,0,16:30,16:33,16:50,16:50,"เนื่องจากผ่านพื้นที่ก่อสร้าง, รอหลีกขบวนรถ","due to Passing construction site, Wait for track cleared"
2026-02-26,บางบำหรุ,Bang Bamru,0,0,17:01,17:01,17:02,17:02,"เนื่องจากผ่านพื้นที่ก่อสร้าง, รอหลีกขบวนรถ","due to Passing construction site, Wait for track cleared"
2026-02-26,ศาลายา,Sala Ya,0,0,17:22,17:22,17:23,17:23,"เนื่องจากผ่านพื้นที่ก่อสร้าง, รอหลีกขบวนรถ","due to Passing construction site, Wait for track cleared"
2026-02-26,นครปฐม,Nakhon Pathom,8,8,17:48,17:56,17:50,17:58,"เนื่องจากผ่านพื้นที่ก่อสร้าง, รอหลีกขบวนรถ","due to Passing construction site, Wait for track cleared"
2026-02-26,บ้านโป่ง,Ban Pong,12,12,18:08,18:20,18:09,18:21,"เนื่องจากผ่านพื้นที่ก่อสร้าง, รอหลีกขบวนรถ","due to Passing construction site, Wait for track cleared"
2026-02-26,ราชบุรี,Ratchaburi,10,3,18:37,18:47,18:47,18:50,"เนื่องจากผ่านพื้นที่ก่อสร้าง, รอหลีกขบวนรถ","due to Passing construction site, Wait for track cleared"
2026-02-26,เพชรบุรี,Phetchaburi,-1,0,19:30,19:29,19:31,19:31,"เนื่องจากผ่านพื้นที่ก่อสร้าง, รอหลีกขบวนรถ","due to Passing construction site, Wait for track cleared"
2026-02-26,หัวหิน,Hua Hin,25,24,20:20,20:45,20:25,20:49,"เนื่องจากผ่านพื้นที่ก่อสร้าง, รอหลีกขบวนรถ","due to Passing construction site, Wait for track cleared"
2026-02-26,ประจวบคีรีขันธ์,Prachuap Khiri Khan,11,11,21:40,21:51,21:41,21:52,"เนื่องจากผ่านพื้นที่ก่อสร้าง, รอหลีกขบวนรถ","due to Passing construction site, Wait for track cleared"
2026-02-26,ชุมพร,Chumphon,34,35,23:55,00:29,00:05,00:40,"เนื่องจากผ่านพื้นที่ก่อสร้าง, รอหลีกขบวนรถ","due to Passing construction site, Wait for track cleared"
2026-02-26,สุราษฎร์ธานี,Surat Thani,46,46,02:20,03:06,02:23,03:09,"เนื่องจากผ่านพื้นที่ก่อสร้าง, รอหลีกขบวนรถ","due to Passing construction site, Wait for track cleared"
2026-02-26,ชุมทางทุ่งสง,Thung Song Junction,40,40,04:08,04:48,04:18,04:58,"เนื่องจากผ่านพื้นที่ก่อสร้าง, รอหลีกขบวนรถ","due to Passing construction site, Wait for track cleared"
2026-02-26,พัทลุง,Phatthalung,22,22,05:51,06:13,05:53,06:15,"เนื่องจากผ่านพื้นที่ก่อสร้าง, รอหลีกขบวนรถ","due to Passing construction site, Wait for track cleared"
2026-02-26,ชุมทางหาดใหญ่,Hat Yai Junction,37,37,07:05,07:42,07:05,07:42,"เนื่องจากผ่านพื้นที่ก่อสร้าง, รอหลีกขบวนรถ","due to Passing construction site, Wait for track cleared"
2026-02-27,กรุงเทพอภิวัฒน์,Bangkok (Krung Thep Aphiwat),-11,0,16:30,16:19,16:50,16:50,,
2026-02-27,บางบำหรุ,Bang Bamru,0,0,17:01,17:01,17:02,17:02,,
2026-02-27,ศาลายา,Sala Ya,0,0,17:22,17:22,17:23,17:23,,
2026-02-27,นครปฐม,Nakhon Pathom,5,5,17:48,17:53,17:50,17:55,,
2026-02-27,บ้านโป่ง,Ban Pong,6,6,18:08,18:14,18:09,18:15,,
2026-02-27,ราชบุรี,Ratchaburi,3,0,18:37,18:40,18:47,18:47,,
2026-02-27,เพชรบุรี,Phetchaburi,-8,0,19:30,19:22,19:31,19:31,,
2026-02-27,หัวหิน,Hua Hin,12,11,20:20,20:32,20:25,20:36,,
2026-02-27,ประจวบคีรีขันธ์,Prachuap Khiri Khan,-5,0,21:40,21:35,21:41,21:41,,
2026-02-27,ชุมพร,Chumphon,-4,0,23:55,23:51,00:05,00:05,,
2026-02-27,สุราษฎร์ธานี,Surat Thani,15,14,02:20,02:35,02:23,02:37,,
2026-02-27,ชุมทางทุ่งสง,Thung Song Junction,8,8,04:08,04:16,04:18,04:26,,
2026-02-27,พัทลุง,Phatthalung,0,0,05:51,05:51,05:53,05:53,,
2026-02-27,ชุมทางหาดใหญ่,Hat Yai Junction,10,10,07:05,07:15,07:05,07:15,,
2026-02-28,กรุงเทพอภิวัฒน์,Bangkok (Krung Thep Aphiwat),-11,0,16:30,16:19,16:50,16:50,,
2026-02-28,บางบำหรุ,Bang Bamru,0,0,17:01,17:01,17:02,17:02,,
2026-02-28,ศาลายา,Sala Ya,0,0,17:22,17:22,17:23,17:23,,
2026-02-28,นครปฐม,Nakhon Pathom,28,31,17:48,18:16,17:50,18:21,,
2026-02-28,บ้านโป่ง,Ban Pong,32,33,18:08,18:40,18:09,18:42,,
2026-02-28,ราชบุรี,Ratchaburi,34,27,18:37,19:11,18:47,19:14,,
2026-02-28,เพชรบุรี,Phetchaburi,18,19,19:30,19:48,19:31,19:50,,
2026-02-28,หัวหิน,Hua Hin,29,28,20:20,20:49,20:25,20:53,,
2026-02-28,ประจวบคีรีขันธ์,Prachuap Khiri Khan,17,17,21:40,21:57,21:41,21:58,,
2026-02-28,ชุมพร,Chumphon,15,15,23:55,00:10,00:05,00:20,,
2026-02-28,สุราษฎร์ธานี,Surat Thani,26,26,02:20,02:46,02:23,02:49,,
2026-02-28,ชุมทางทุ่งสง,Thung Song Junction,15,15,04:08,04:23,04:18,04:33,,
2026-02-28,พัทลุง,Phatthalung,0,0,05:51,05:51,05:53,05:53,,
2026-02-28,ชุมทางหาดใหญ่,Hat Yai Junction,0,0,07:05,07:05,07:05,07:05,,
2026-03-01,กรุงเทพอภิวัฒน์,Bangkok (Krung Thep Aphiwat),-10,0,16:30,16:20,16:50,16:50,,
2026-03-01,บางบำหรุ,Bang Bamru,0,0,17:01,17:01,17:02,17:02,,
2026-03-01,ศาลายา,Sala Ya,2,2,17:22,17:24,17:23,17:25,,
2026-03-01,นครปฐม,Nakhon Pathom,12,12,17:48,18:00,17:50,18:02,,
2026-03-01,บ้านโป่ง,Ban Pong,18,18,18:08,18:26,18:09,18:27,,
2026-03-01,ราชบุรี,Ratchaburi,15,6,18:37,18:52,18:47,18:53,,
2026-03-01,เพชรบุรี,Phetchaburi,-1,0,19:30,19:29,19:31,19:31,,
2026-03-01,หัวหิน,Hua Hin,23,21,20:20,20:43,20:25,20:46,,
2026-03-01,ประจวบคีรีขันธ์,Prachuap Khiri Khan,9,9,21:40,21:49,21:41,21:50,,
2026-03-01,ชุมพร,Chumphon,22,20,23:55,00:17,00:05,00:25,,
2026-03-01,สุราษฎร์ธานี,Surat Thani,28,29,02:20,02:48,02:23,02:52,,
2026-03-01,ชุมทางทุ่งสง,Thung Song Junction,31,29,04:08,04:39,04:18,04:47,,
2026-03-01,พัทลุง,Phatthalung,9,9,05:51,06:00,05:53,06:02,,
2026-03-01,ชุมทางหาดใหญ่,Hat Yai Junction,5,5,07:05,07:10,07:05,07:10,,
2026-03-02,กรุงเทพอภิวัฒน์,Bangkok (Krung Thep Aphiwat),-6,0,16:30,16:24,16:50,16:50,,
2026-03-02,บางบำหรุ,Bang Bamru,0,0,17:01,17:01,17:02,17:02,,
2026-03-02,ศาลายา,Sala Ya,0,0,17:22,17:22,17:23,17:23,,
2026-03-02,นครปฐม,Nakhon Pathom,6,6,17:48,17:54,17:50,17:56,,
2026-03-02,บ้านโป่ง,Ban Pong,9,9,18:08,18:17,18:09,18:18,,
2026-03-02,ราชบุรี,Ratchaburi,4,0,18:37,18:41,18:47,18:47,,
2026-03-02,เพชรบุรี,Phetchaburi,-7,0,19:30,19:23,19:31,19:31,,
2026-03-02,หัวหิน,Hua Hin,15,12,20:20,20:35,20:25,20:37,,
2026-03-02,ประจวบคีรีขันธ์,Prachuap Khiri Khan,0,0,21:40,21:40,21:41,21:41,,
2026-03-02,ชุมพร,Chumphon,10,10,23:55,00:05,00:05,00:15,,
2026-03-02,สุราษฎร์ธานี,Surat Thani,21,21,02:20,02:41,02:23,02:44,,
2026-03-02,ชุมทางทุ่งสง,Thung Song Junction,9,7,04:08,04:17,04:18,04:25,,
2026-03-02,พัทลุง,Phatthalung,-7,0,05:51,05:44,05:53,05:53,,
2026-03-02,ชุมทางหาดใหญ่,Hat Yai Junction,7,7,07:05,07:12,07:05,07:12,,
2026-03-03,กรุงเทพอภิวัฒน์,Bangkok (Krung Thep Aphiwat),-12,0,16:30,16:18,16:50,16:50,,
2026-03-03,บางบำหรุ,Bang Bamru,0,0,17:01,17:01,17:02,17:02,,
2026-03-03,ศาลายา,Sala Ya,0,0,17:22,17:22,17:23,17:23,,
2026-03-03,นครปฐม,Nakhon Pathom,7,7,17:48,17:55,17:50,17:57,,
2026-03-03,บ้านโป่ง,Ban Pong,9,9,18:08,18:17,18:09,18:18,,
2026-03-03,ราชบุรี,Ratchaburi,5,0,18:37,18:42,18:47,18:47,,
2026-03-03,เพชรบุรี,Phetchaburi,-7,0,19:30,19:23,19:31,19:31,,
2026-03-03,หัวหิน,Hua Hin,11,9,20:20,20:31,20:25,20:34,,
2026-03-03,ประจวบคีรีขันธ์,Prachuap Khiri Khan,1,1,21:40,21:41,21:41,21:42,,
2026-03-03,ชุมพร,Chumphon,9,9,23:55,00:04,00:05,00:14,,
2026-03-03,สุราษฎร์ธานี,Surat Thani,15,15,02:20,02:35,02:23,02:38,,
2026-03-03,ชุมทางทุ่งสง,Thung Song Junction,14,12,04:08,04:22,04:18,04:30,,
2026-03-03,พัทลุง,Phatthalung,0,0,05:51,05:51,05:53,05:53,,
2026-03-03,ชุมทางหาดใหญ่,Hat Yai Junction,3,3,07:05,07:08,07:05,07:08,,
2026-03-04,กรุงเทพอภิวัฒน์,Bangkok (Krung Thep Aphiwat),-9,0,16:30,16:21,16:50,16:50,,
2026-03-04,บางบำหรุ,Bang Bamru,0,0,17:01,17:01,17:02,17:02,,
2026-03-04,ศาลายา,Sala Ya,-2,0,17:22,17:20,17:23,17:23,,
2026-03-04,นครปฐม,Nakhon Pathom,4,4,17:48,17:52,17:50,17:54,,
2026-03-04,บ้านโป่ง,Ban Pong,7,7,18:08,18:15,18:09,18:16,,
2026-03-04,ราชบุรี,Ratchaburi,3,0,18:37,18:40,18:47,18:47,,
2026-03-04,เพชรบุรี,Phetchaburi,-8,0,19:30,19:22,19:31,19:31,,
2026-03-04,หัวหิน,Hua Hin,17,15,20:20,20:37,20:25,20:40,,
2026-03-04,ประจวบคีรีขันธ์,Prachuap Khiri Khan,3,3,21:40,21:43,21:41,21:44,,
2026-03-04,ชุมพร,Chumphon,13,12,23:55,00:08,00:05,00:17,,
2026-03-04,สุราษฎร์ธานี,Surat Thani,36,36,02:20,02:56,02:23,02:59,,
2026-03-04,ชุมทางทุ่งสง,Thung Song Junction,31,29,04:08,04:39,04:18,04:47,,
2026-03-04,พัทลุง,Phatthalung,11,11,05:51,06:02,05:53,06:04,,
2026-03-04,ชุมทางหาดใหญ่,Hat Yai Junction,12,12,07:05,07:17,07:05,07:17,,
2026-03-05,กรุงเทพอภิวัฒน์,Bangkok (Krung Thep Aphiwat),-11,0,16:30,16:19,16:50,16:50,,
2026-03-05,บางบำหรุ,Bang Bamru,0,0,17:01,17:01,17:02,17:02,,
2026-03-05,ศาลายา,Sala Ya,0,0,17:22,17:22,17:23,17:23,,
2026-03-05,นครปฐม,Nakhon Pathom,5,5,17:48,17:53,17:50,17:55,,
2026-03-05,บ้านโป่ง,Ban Pong,5,5,18:08,18:13,18:09,18:14,,
2026-03-05,ราชบุรี,Ratchaburi,0,0,18:37,18:37,18:47,18:47,,
2026-03-05,เพชรบุรี,Phetchaburi,-9,0,19:30,19:21,19:31,19:31,,
2026-03-05,หัวหิน,Hua Hin,2,2,20:20,20:22,20:25,20:27,,
2026-03-05,ประจวบคีรีขันธ์,Prachuap Khiri Khan,-8,0,21:40,21:32,21:41,21:41,,
2026-03-05,ชุมพร,Chumphon,9,14,23:55,00:04,00:05,00:19,,
2026-03-05,สุราษฎร์ธานี,Surat Thani,16,16,02:20,02:36,02:23,02:39,,
2026-03-05,ชุมทางทุ่งสง,Thung Song Junction,2,0,04:08,04:10,04:18,04:18,,
2026-03-05,พัทลุง,Phatthalung,-11,0,05:51,05:40,05:53,05:53,,
2026-03-05,ชุมทางหาดใหญ่,Hat Yai Junction,-7,-7,07:05,06:58,07:05,06:58,,
2026-03-06,กรุงเทพอภิวัฒน์,Bangkok (Krung Thep Aphiwat),-19,0,16:30,16:11,16:50,16:50,,
2026-03-06,บางบำหรุ,Bang Bamru,0,0,17:01,17:01,17:02,17:02,,
2026-03-06,ศาลายา,Sala Ya,0,0,17:22,17:22,17:23,17:23,,
2026-03-06,นครปฐม,Nakhon Pathom,5,5,17:48,17:53,17:50,17:55,,
2026-03-06,บ้านโป่ง,Ban Pong,8,8,18:08,18:16,18:09,18:17,,
2026-03-06,ราชบุรี,Ratchaburi,4,0,18:37,18:41,18:47,18:47,,
2026-03-06,เพชรบุรี,Phetchaburi,-5,0,19:30,19:25,19:31,19:31,,
2026-03-06,หัวหิน,Hua Hin,3,1,20:20,20:23,20:25,20:26,,
2026-03-06,ประจวบคีรีขันธ์,Prachuap Khiri Khan,-8,0,21:40,21:32,21:41,21:41,,
2026-03-06,ชุมพร,Chumphon,-4,5,23:55,23:51,00:05,00:10,,
2026-03-06,สุราษฎร์ธานี,Surat Thani,48,48,02:20,03:08,02:23,03:11,,
2026-03-06,ชุมทางทุ่งสง,Thung Song Junction,37,37,04:08,04:45,04:18,04:55,,
2026-03-06,พัทลุง,Phatthalung,21,21,05:51,06:12,05:53,06:14,,
2026-03-06,ชุมทางหาดใหญ่,Hat Yai Junction,20,20,07:05,07:25,07:05,07:25,,
2026-03-07,กรุงเทพอภิวัฒน์,Bangkok (Krung Thep Aphiwat),-10,0,16:30,16:20,16:50,16:50,,
2026-03-07,บางบำหรุ,Bang Bamru,0,0,17:01,17:01,17:02,17:02,,
2026-03-07,ศาลายา,Sala Ya,0,0,17:22,17:22,17:23,17:23,,
2026-03-07,นครปฐม,Nakhon Pathom,5,5,17:48,17:53,17:50,17:55,,
2026-03-07,บ้านโป่ง,Ban Pong,7,7,18:08,18:15,18:09,18:16,,
2026-03-07,ราชบุรี,Ratchaburi,4,0,18:37,18:41,18:47,18:47,,
2026-03-07,เพชรบุรี,Phetchaburi,-6,0,19:30,19:24,19:31,19:31,,
2026-03-07,หัวหิน,Hua Hin,9,6,20:20,20:29,20:25,20:31,,
2026-03-07,ประจวบคีรีขันธ์,Prachuap Khiri Khan,-3,0,21:40,21:37,21:41,21:41,,
2026-03-07,ชุมพร,Chumphon,5,7,23:55,00:00,00:05,00:12,,
2026-03-07,สุราษฎร์ธานี,Surat Thani,28,28,02:20,02:48,02:23,02:51,,
2026-03-07,ชุมทางทุ่งสง,Thung Song Junction,17,17,04:08,04:25,04:18,04:35,,
2026-03-07,พัทลุง,Phatthalung,2,2,05:51,05:53,05:53,05:55,,
2026-03-07,ชุมทางหาดใหญ่,Hat Yai Junction,0,0,07:05,07:05,07:05,07:05,,
2026-03-08,กรุงเทพอภิวัฒน์,Bangkok (Krung Thep Aphiwat),-11,0,16:30,16:19,16:50,16:50,,
2026-03-08,บางบำหรุ,Bang Bamru,0,0,17:01,17:01,17:02,17:02,,
2026-03-08,ศาลายา,Sala Ya,0,0,17:22,17:22,17:23,17:23,,
2026-03-08,นครปฐม,Nakhon Pathom,3,3,17:48,17:51,17:50,17:53,,
2026-03-08,บ้านโป่ง,Ban Pong,6,6,18:08,18:14,18:09,18:15,,
2026-03-08,ราชบุรี,Ratchaburi,2,0,18:37,18:39,18:47,18:47,,
2026-03-08,เพชรบุรี,Phetchaburi,-6,0,19:30,19:24,19:31,19:31,,
2026-03-08,หัวหิน,Hua Hin,0,0,20:20,20:20,20:25,20:25,,
2026-03-08,ประจวบคีรีขันธ์,Prachuap Khiri Khan,-9,0,21:40,21:31,21:41,21:41,,
2026-03-08,ชุมพร,Chumphon,-2,0,23:55,23:53,00:05,00:05,,
2026-03-08,สุราษฎร์ธานี,Surat Thani,19,19,02:20,02:39,02:23,02:42,,
2026-03-08,ชุมทางทุ่งสง,Thung Song Junction,16,15,04:08,04:24,04:18,04:33,,
2026-03-08,พัทลุง,Phatthalung,0,0,05:51,05:51,05:53,05:53,,
2026-03-08,ชุมทางหาดใหญ่,Hat Yai Junction,10,10,07:05,07:15,07:05,07:15,,
2026-03-09,กรุงเทพอภิวัฒน์,Bangkok (Krung Thep Aphiwat),-12,0,16:30,16:18,16:50,16:50,,
2026-03-09,บางบำหรุ,Bang Bamru,0,0,17:01,17:01,17:02,17:02,,
2026-03-09,ศาลายา,Sala Ya,0,0,17:22,17:22,17:23,17:23,,
2026-03-09,นครปฐม,Nakhon Pathom,6,6,17:48,17:54,17:50,17:56,,
2026-03-09,บ้านโป่ง,Ban Pong,11,11,18:08,18:19,18:09,18:20,,
2026-03-09,ราชบุรี,Ratchaburi,9,2,18:37,18:46,18:47,18:49,,
2026-03-09,เพชรบุรี,Phetchaburi,-4,0,19:30,19:26,19:31,19:31,,
2026-03-09,หัวหิน,Hua Hin,17,15,20:20,20:37,20:25,20:40,,
2026-03-09,ประจวบคีรีขันธ์,Prachuap Khiri Khan,2,2,21:40,21:42,21:41,21:43,,
2026-03-09,ชุมพร,Chumphon,13,13,23:55,00:08,00:05,00:18,,
2026-03-09,สุราษฎร์ธานี,Surat Thani,24,24,02:20,02:44,02:23,02:47,,
2026-03-09,ชุมทางทุ่งสง,Thung Song Junction,15,13,04:08,04:23,04:18,04:31,,
2026-03-09,พัทลุง,Phatthalung,-8,0,05:51,05:43,05:53,05:53,,
2026-03-09,ชุมทางหาดใหญ่,Hat Yai Junction,0,0,07:05,07:05,07:05,07:05,,
2026-03-10,กรุงเทพอภิวัฒน์,Bangkok (Krung Thep Aphiwat),-11,0,16:30,16:19,16:50,16:50,,
2026-03-10,บางบำหรุ,Bang Bamru,0,10,17:01,17:01,17:02,17:12,,
2026-03-10,ศาลายา,Sala Ya,9,9,17:22,17:31,17:23,17:32,,
2026-03-10,นครปฐม,Nakhon Pathom,13,13,17:48,18:01,17:50,18:03,,
2026-03-10,บ้านโป่ง,Ban Pong,14,14,18:08,18:22,18:09,18:23,,
2026-03-10,ราชบุรี,Ratchaburi,10,2,18:37,18:47,18:47,18:49,,
2026-03-10,เพชรบุรี,Phetchaburi,-6,0,19:30,19:24,19:31,19:31,,
2026-03-10,หัวหิน,Hua Hin,3,1,20:20,20:23,20:25,20:26,,
2026-03-10,ประจวบคีรีขันธ์,Prachuap Khiri Khan,43,43,21:40,22:23,21:41,22:24,,
2026-03-10,ชุมพร,Chumphon,53,62,23:55,00:48,00:05,01:07,,
2026-03-10,สุราษฎร์ธานี,Surat Thani,49,49,02:20,03:09,02:23,03:12,,
2026-03-10,ชุมทางทุ่งสง,Thung Song Junction,37,35,04:08,04:45,04:18,04:53,,
2026-03-10,พัทลุง,Phatthalung,11,11,05:51,06:02,05:53,06:04,,
2026-03-10,ชุมทางหาดใหญ่,Hat Yai Junction,18,18,07:05,07:23,07:05,07:23,,
2026-03-11,กรุงเทพอภิวัฒน์,Bangkok (Krung Thep Aphiwat),-9,0,16:30,16:21,16:50,16:50,,
2026-03-11,บางบำหรุ,Bang Bamru,0,0,17:01,17:01,17:02,17:02,,
2026-03-11,ศาลายา,Sala Ya,0,0,17:22,17:22,17:23,17:23,,
2026-03-11,นครปฐม,Nakhon Pathom,2,2,17:48,17:50,17:50,17:52,,
2026-03-11,บ้านโป่ง,Ban Pong,4,4,18:08,18:12,18:09,18:13,,
2026-03-11,ราชบุรี,Ratchaburi,0,0,18:37,18:37,18:47,18:47,,
2026-03-11,เพชรบุรี,Phetchaburi,-10,0,19:30,19:20,19:31,19:31,,
2026-03-11,หัวหิน,Hua Hin,10,8,20:20,20:30,20:25,20:33,,
2026-03-11,ประจวบคีรีขันธ์,Prachuap Khiri Khan,0,0,21:40,21:40,21:41,21:41,,
2026-03-11,ชุมพร,Chumphon,28,28,23:55,00:23,00:05,00:33,,
2026-03-11,สุราษฎร์ธานี,Surat Thani,40,40,02:20,03:00,02:23,03:03,,
2026-03-11,ชุมทางทุ่งสง,Thung Song Junction,37,34,04:08,04:45,04:18,04:52,,
2026-03-11,พัทลุง,Phatthalung,13,13,05:51,06:04,05:53,06:06,,
2026-03-11,ชุมทางหาดใหญ่,Hat Yai Junction,17,17,07:05,07:22,07:05,07:22,,
2026-03-12,กรุงเทพอภิวัฒน์,Bangkok (Krung Thep Aphiwat),-11,0,16:30,16:19,16:50,16:50,,
2026-03-12,บางบำหรุ,Bang Bamru,0,0,17:01,17:01,17:02,17:02,,
2026-03-12,ศาลายา,Sala Ya,0,0,17:22,17:22,17:23,17:23,,
2026-03-12,นครปฐม,Nakhon Pathom,5,5,17:48,17:53,17:50,17:55,,
2026-03-12,บ้านโป่ง,Ban Pong,7,7,18:08,18:15,18:09,18:16,,
2026-03-12,ราชบุรี,Ratchaburi,4,0,18:37,18:41,18:47,18:47,,
2026-03-12,เพชรบุรี,Phetchaburi,-4,0,19:30,19:26,19:31,19:31,,
2026-03-12,หัวหิน,Hua Hin,10,8,20:20,20:30,20:25,20:33,,
2026-03-12,ประจวบคีรีขันธ์,Prachuap Khiri Khan,2,2,21:40,21:42,21:41,21:43,,
2026-03-12,ชุมพร,Chumphon,7,6,23:55,00:02,00:05,00:11,,
2026-03-12,สุราษฎร์ธานี,Surat Thani,29,29,02:20,02:49,02:23,02:52,,
2026-03-12,ชุมทางทุ่งสง,Thung Song Junction,27,24,04:08,04:35,04:18,04:42,,
2026-03-12,พัทลุง,Phatthalung,11,11,05:51,06:02,05:53,06:04,,
2026-03-12,ชุมทางหาดใหญ่,Hat Yai Junction,20,20,07:05,07:25,07:05,07:25,,
2026-03-13,กรุงเทพอภิวัฒน์,Bangkok (Krung Thep Aphiwat),-20,0,16:30,16:10,16:50,16:50,,
2026-03-13,บางบำหรุ,Bang Bamru,0,0,17:01,17:01,17:02,17:02,,
2026-03-13,ศาลายา,Sala Ya,1,1,17:22,17:23,17:23,17:24,,
2026-03-13,นครปฐม,Nakhon Pathom,9,9,17:48,17:57,17:50,17:59,,
2026-03-13,บ้านโป่ง,Ban Pong,12,12,18:08,18:20,18:09,18:21,,
2026-03-13,ราชบุรี,Ratchaburi,10,3,18:37,18:47,18:47,18:50,,
2026-03-13,เพชรบุรี,Phetchaburi,-3,0,19:30,19:27,19:31,19:31,,
2026-03-13,หัวหิน,Hua Hin,15,14,20:20,20:35,20:25,20:39,,
2026-03-13,ประจวบคีรีขันธ์,Prachuap Khiri Khan,7,7,21:40,21:47,21:41,21:48,,
2026-03-13,ชุมพร,Chumphon,11,11,23:55,00:06,00:05,00:16,,
2026-03-13,สุราษฎร์ธานี,Surat Thani,27,27,02:20,02:47,02:23,02:50,,
2026-03-13,ชุมทางทุ่งสง,Thung Song Junction,27,26,04:08,04:35,04:18,04:44,,
2026-03-13,พัทลุง,Phatthalung,6,6,05:51,05:57,05:53,05:59,,
2026-03-13,ชุมทางหาดใหญ่,Hat Yai Junction,3,3,07:05,07:08,07:05,07:08,,
2026-03-14,กรุงเทพอภิวัฒน์,Bangkok (Krung Thep Aphiwat),-12,0,16:30,16:18,16:50,16:50,,
2026-03-14,บางบำหรุ,Bang Bamru,0,0,17:01,17:01,17:02,17:02,,
2026-03-14,ศาลายา,Sala Ya,0,0,17:22,17:22,17:23,17:23,,
2026-03-14,นครปฐม,Nakhon Pathom,8,8,17:48,17:56,17:50,17:58,,
2026-03-14,บ้านโป่ง,Ban Pong,13,13,18:08,18:21,18:09,18:22,,
2026-03-14,ราชบุรี,Ratchaburi,9,2,18:37,18:46,18:47,18:49,,
2026-03-14,เพชรบุรี,Phetchaburi,-5,0,19:30,19:25,19:31,19:31,,
2026-03-14,หัวหิน,Hua Hin,10,7,20:20,20:30,20:25,20:32,,
2026-03-14,ประจวบคีรีขันธ์,Prachuap Khiri Khan,-3,0,21:40,21:37,21:41,21:41,,
2026-03-14,ชุมพร,Chumphon,-4,0,23:55,23:51,00:05,00:05,,
2026-03-14,สุราษฎร์ธานี,Surat Thani,32,32,02:20,02:52,02:23,02:55,,
2026-03-14,ชุมทางทุ่งสง,Thung Song Junction,29,27,04:08,04:37,04:18,04:45,,
2026-03-14,พัทลุง,Phatthalung,6,6,05:51,05:57,05:53,05:59,,
2026-03-14,ชุมทางหาดใหญ่,Hat Yai Junction,5,5,07:05,07:10,07:05,07:10,,
2026-03-15,กรุงเทพอภิวัฒน์,Bangkok (Krung Thep Aphiwat),-11,0,16:30,16:19,16:50,16:50,,
2026-03-15,บางบำหรุ,Bang Bamru,0,0,17:01,17:01,17:02,17:02,,
2026-03-15,ศาลายา,Sala Ya,0,0,17:22,17:22,17:23,17:23,,
2026-03-15,นครปฐม,Nakhon Pathom,2,2,17:48,17:50,17:50,17:52,,
2026-03-15,บ้านโป่ง,Ban Pong,3,3,18:08,18:11,18:09,18:12,,
2026-03-15,ราชบุรี,Ratchaburi,0,0,18:37,18:37,18:47,18:47,,
2026-03-15,เพชรบุรี,Phetchaburi,-9,0,19:30,19:21,19:31,19:31,,
2026-03-15,หัวหิน,Hua Hin,2,2,20:20,20:22,20:25,20:27,,
2026-03-15,ประจวบคีรีขันธ์,Prachuap Khiri Khan,-7,0,21:40,21:33,21:41,21:41,,
2026-03-15,ชุมพร,Chumphon,0,0,23:55,23:55,00:05,00:05,,
2026-03-15,สุราษฎร์ธานี,Surat Thani,32,34,02:20,02:52,02:23,02:57,,
2026-03-15,ชุมทางทุ่งสง,Thung Song Junction,26,22,04:08,04:34,04:18,04:40,,
2026-03-15,พัทลุง,Phatthalung,0,0,05:51,05:51,05:53,05:53,,
2026-03-15,ชุมทางหาดใหญ่,Hat Yai Junction,0,0,07:05,07:05,07:05,07:05,,
2026-03-16,กรุงเทพอภิวัฒน์,Bangkok (Krung Thep Aphiwat),-22,0,16:30,16:08,16:50,16:50,,
2026-03-16,บางบำหรุ,Bang Bamru,0,0,17:01,17:01,17:02,17:02,,
2026-03-16,ศาลายา,Sala Ya,0,1,17:22,17:22,17:23,17:24,,
2026-03-16,นครปฐม,Nakhon Pathom,3,3,17:48,17:51,17:50,17:53,,
2026-03-16,บ้านโป่ง,Ban Pong,4,4,18:08,18:12,18:09,18:13,,
2026-03-16,ราชบุรี,Ratchaburi,0,0,18:37,18:37,18:47,18:47,,
2026-03-16,เพชรบุรี,Phetchaburi,-8,0,19:30,19:22,19:31,19:31,,
2026-03-16,หัวหิน,Hua Hin,3,1,20:20,20:23,20:25,20:26,,
2026-03-16,ประจวบคีรีขันธ์,Prachuap Khiri Khan,-4,0,21:40,21:36,21:41,21:41,,
2026-03-16,ชุมพร,Chumphon,21,20,23:55,00:16,00:05,00:25,,
2026-03-16,สุราษฎร์ธานี,Surat Thani,35,35,02:20,02:55,02:23,02:58,,
2026-03-16,ชุมทางทุ่งสง,Thung Song Junction,25,22,04:08,04:33,04:18,04:40,,
2026-03-16,พัทลุง,Phatthalung,3,3,05:51,05:54,05:53,05:56,,
2026-03-16,ชุมทางหาดใหญ่,Hat Yai Junction,8,8,07:05,07:13,07:05,07:13,,
2026-03-17,กรุงเทพอภิวัฒน์,Bangkok (Krung Thep Aphiwat),-11,0,16:30,16:19,16:50,16:50,"เนื่องจากผ่านพื้นที่ก่อสร้าง, รอหลีกขบวนรถ","due to Passing construction site, Wait for track cleared"
2026-03-17,บางบำหรุ,Bang Bamru,0,0,17:01,17:01,17:02,17:02,"เนื่องจากผ่านพื้นที่ก่อสร้าง, รอหลีกขบวนรถ","due to Passing construction site, Wait for track cleared"
2026-03-17,ศาลายา,Sala Ya,0,0,17:22,17:22,17:23,17:23,"เนื่องจากผ่านพื้นที่ก่อสร้าง, รอหลีกขบวนรถ","due to Passing construction site, Wait for track cleared"
2026-03-17,นครปฐม,Nakhon Pathom,19,19,17:48,18:07,17:50,18:09,"เนื่องจากผ่านพื้นที่ก่อสร้าง, รอหลีกขบวนรถ","due to Passing construction site, Wait for track cleared"
2026-03-17,บ้านโป่ง,Ban Pong,22,22,18:08,18:30,18:09,18:31,"เนื่องจากผ่านพื้นที่ก่อสร้าง, รอหลีกขบวนรถ","due to Passing construction site, Wait for track cleared"
2026-03-17,ราชบุรี,Ratchaburi,20,12,18:37,18:57,18:47,18:59,"เนื่องจากผ่านพื้นที่ก่อสร้าง, รอหลีกขบวนรถ","due to Passing construction site, Wait for track cleared"
2026-03-17,เพชรบุรี,Phetchaburi,4,4,19:30,19:34,19:31,19:35,"เนื่องจากผ่านพื้นที่ก่อสร้าง, รอหลีกขบวนรถ","due to Passing construction site, Wait for track cleared"
2026-03-17,หัวหิน,Hua Hin,13,10,20:20,20:33,20:25,20:35,"เนื่องจากผ่านพื้นที่ก่อสร้าง, รอหลีกขบวนรถ","due to Passing construction site, Wait for track cleared"
2026-03-17,ประจวบคีรีขันธ์,Prachuap Khiri Khan,5,5,21:40,21:45,21:41,21:46,"เนื่องจากผ่านพื้นที่ก่อสร้าง, รอหลีกขบวนรถ","due to Passing construction site, Wait for track cleared"
2026-03-17,ชุมพร,Chumphon,9,10,23:55,00:04,00:05,00:15,"เนื่องจากผ่านพื้นที่ก่อสร้าง, รอหลีกขบวนรถ","due to Passing construction site, Wait for track cleared"
2026-03-17,สุราษฎร์ธานี,Surat Thani,41,41,02:20,03:01,02:23,03:04,"เนื่องจากผ่านพื้นที่ก่อสร้าง, รอหลีกขบวนรถ","due to Passing construction site, Wait for track cleared"
2026-03-17,ชุมทางทุ่งสง,Thung Song Junction,41,39,04:08,04:49,04:18,04:57,"เนื่องจากผ่านพื้นที่ก่อสร้าง, รอหลีกขบวนรถ","due to Passing construction site, Wait for track cleared"
2026-03-17,พัทลุง,Phatthalung,25,25,05:51,06:16,05:53,06:18,"เนื่องจากผ่านพื้นที่ก่อสร้าง, รอหลีกขบวนรถ","due to Passing construction site, Wait for track cleared"
2026-03-17,ชุมทางหาดใหญ่,Hat Yai Junction,36,36,07:05,07:41,07:05,07:41,"เนื่องจากผ่านพื้นที่ก่อสร้าง, รอหลีกขบวนรถ","due to Passing construction site, Wait for track cleared"
2026-03-18,กรุงเทพอภิวัฒน์,Bangkok (Krung Thep Aphiwat),-24,0,16:30,16:06,16:50,16:50,,
2026-03-18,บางบำหรุ,Bang Bamru,0,0,17:01,17:01,17:02,17:02,,
2026-03-18,ศาลายา,Sala Ya,0,0,17:22,17:22,17:23,17:23,,
2026-03-18,นครปฐม,Nakhon Pathom,10,10,17:48,17:58,17:50,18:00,,
2026-03-18,บ้านโป่ง,Ban Pong,12,12,18:08,18:20,18:09,18:21,,
2026-03-18,ราชบุรี,Ratchaburi,8,1,18:37,18:45,18:47,18:48,,
2026-03-18,เพชรบุรี,Phetchaburi,-7,0,19:30,19:23,19:31,19:31,,
2026-03-18,หัวหิน,Hua Hin,3,1,20:20,20:23,20:25,20:26,,
2026-03-18,ประจวบคีรีขันธ์,Prachuap Khiri Khan,-8,0,21:40,21:32,21:41,21:41,,
2026-03-18,ชุมพร,Chumphon,5,5,23:55,00:00,00:05,00:10,,
2026-03-18,สุราษฎร์ธานี,Surat Thani,19,19,02:20,02:39,02:23,02:42,,
2026-03-18,ชุมทางทุ่งสง,Thung Song Junction,14,12,04:08,04:22,04:18,04:30,,
2026-03-18,พัทลุง,Phatthalung,0,0,05:51,05:51,05:53,05:53,,
2026-03-18,ชุมทางหาดใหญ่,Hat Yai Junction,10,10,07:05,07:15,07:05,07:15,,
2026-03-19,กรุงเทพอภิวัฒน์,Bangkok (Krung Thep Aphiwat),-11,0,16:30,16:19,16:50,16:50,,
2026-03-19,บางบำหรุ,Bang Bamru,0,0,17:01,17:01,17:02,17:02,,
2026-03-19,ศาลายา,Sala Ya,0,1,17:22,17:22,17:23,17:24,,
2026-03-19,นครปฐม,Nakhon Pathom,6,6,17:48,17:54,17:50,17:56,,
2026-03-19,บ้านโป่ง,Ban Pong,8,8,18:08,18:16,18:09,18:17,,
2026-03-19,ราชบุรี,Ratchaburi,3,0,18:37,18:40,18:47,18:47,,
2026-03-19,เพชรบุรี,Phetchaburi,-8,0,19:30,19:22,19:31,19:31,,
2026-03-19,หัวหิน,Hua Hin,6,4,20:20,20:26,20:25,20:29,,
2026-03-19,ประจวบคีรีขันธ์,Prachuap Khiri Khan,-8,0,21:40,21:32,21:41,21:41,,
2026-03-19,ชุมพร,Chumphon,-13,0,23:55,23:42,00:05,00:05,,
2026-03-19,สุราษฎร์ธานี,Surat Thani,9,9,02:20,02:29,02:23,02:32,,
2026-03-19,ชุมทางทุ่งสง,Thung Song Junction,12,11,04:08,04:20,04:18,04:29,,
2026-03-19,พัทลุง,Phatthalung,-7,0,05:51,05:44,05:53,05:53,,
2026-03-19,ชุมทางหาดใหญ่,Hat Yai Junction,0,0,07:05,07:05,07:05,07:05,,
2026-03-20,กรุงเทพอภิวัฒน์,Bangkok (Krung Thep Aphiwat),-11,0,16:30,16:19,16:50,16:50,,
2026-03-20,บางบำหรุ,Bang Bamru,0,0,17:01,17:01,17:02,17:02,,
2026-03-20,ศาลายา,Sala Ya,0,0,17:22,17:22,17:23,17:23,,
2026-03-20,นครปฐม,Nakhon Pathom,5,5,17:48,17:53,17:50,17:55,,
2026-03-20,บ้านโป่ง,Ban Pong,8,8,18:08,18:16,18:09,18:17,,
2026-03-20,ราชบุรี,Ratchaburi,5,0,18:37,18:42,18:47,18:47,,
2026-03-20,เพชรบุรี,Phetchaburi,-6,0,19:30,19:24,19:31,19:31,,
2026-03-20,หัวหิน,Hua Hin,10,8,20:20,20:30,20:25,20:33,,
2026-03-20,ประจวบคีรีขันธ์,Prachuap Khiri Khan,-6,0,21:40,21:34,21:41,21:41,,
2026-03-20,ชุมพร,Chumphon,-4,0,23:55,23:51,00:05,00:05,,
2026-03-20,สุราษฎร์ธานี,Surat Thani,41,41,02:20,03:01,02:23,03:04,,
2026-03-20,ชุมทางทุ่งสง,Thung Song Junction,31,30,04:08,04:39,04:18,04:48,,
2026-03-20,พัทลุง,Phatthalung,14,14,05:51,06:05,05:53,06:07,,
2026-03-20,ชุมทางหาดใหญ่,Hat Yai Junction,20,20,07:05,07:25,07:05,07:25,,
2026-03-21,กรุงเทพอภิวัฒน์,Bangkok (Krung Thep Aphiwat),-11,0,16:30,16:19,16:50,16:50,,
2026-03-21,บางบำหรุ,Bang Bamru,0,0,17:01,17:01,17:02,17:02,,
2026-03-21,ศาลายา,Sala Ya,0,0,17:22,17:22,17:23,17:23,,
2026-03-21,นครปฐม,Nakhon Pathom,10,10,17:48,17:58,17:50,18:00,,
2026-03-21,บ้านโป่ง,Ban Pong,15,15,18:08,18:23,18:09,18:24,,
2026-03-21,ราชบุรี,Ratchaburi,13,5,18:37,18:50,18:47,18:52,,
2026-03-21,เพชรบุรี,Phetchaburi,0,0,19:30,19:30,19:31,19:31,,
2026-03-21,หัวหิน,Hua Hin,13,10,20:20,20:33,20:25,20:35,,
2026-03-21,ประจวบคีรีขันธ์,Prachuap Khiri Khan,2,2,21:40,21:42,21:41,21:43,,
2026-03-21,ชุมพร,Chumphon,4,3,23:55,23:59,00:05,00:08,,
2026-03-21,สุราษฎร์ธานี,Surat Thani,16,16,02:20,02:36,02:23,02:39,,
2026-03-21,ชุมทางทุ่งสง,Thung Song Junction,20,18,04:08,04:28,04:18,04:36,,
2026-03-21,พัทลุง,Phatthalung,6,6,05:51,05:57,05:53,05:59,,
2026-03-21,ชุมทางหาดใหญ่,Hat Yai Junction,5,5,07:05,07:10,07:05,07:10,,
2026-03-22,กรุงเทพอภิวัฒน์,Bangkok (Krung Thep Aphiwat),-13,0,16:30,16:17,16:50,16:50,,
2026-03-22,บางบำหรุ,Bang Bamru,0,0,17:01,17:01,17:02,17:02,,
2026-03-22,ศาลายา,Sala Ya,0,0,17:22,17:22,17:23,17:23,,
2026-03-22,นครปฐม,Nakhon Pathom,8,8,17:48,17:56,17:50,17:58,,
2026-03-22,บ้านโป่ง,Ban Pong,12,12,18:08,18:20,18:09,18:21,,
2026-03-22,ราชบุรี,Ratchaburi,9,2,18:37,18:46,18:47,18:49,,
2026-03-22,เพชรบุรี,Phetchaburi,-3,0,19:30,19:27,19:31,19:31,,
2026-03-22,หัวหิน,Hua Hin,16,15,20:20,20:36,20:25,20:40,,
2026-03-22,ประจวบคีรีขันธ์,Prachuap Khiri Khan,10,10,21:40,21:50,21:41,21:51,,
2026-03-22,ชุมพร,Chumphon,16,14,23:55,00:11,00:05,00:19,,
2026-03-22,สุราษฎร์ธานี,Surat Thani,36,36,02:20,02:56,02:23,02:59,,
2026-03-22,ชุมทางทุ่งสง,Thung Song Junction,32,31,04:08,04:40,04:18,04:49,,
2026-03-22,พัทลุง,Phatthalung,13,13,05:51,06:04,05:53,06:06,,
2026-03-22,ชุมทางหาดใหญ่,Hat Yai Junction,10,10,07:05,07:15,07:05,07:15,,
2026-03-23,กรุงเทพอภิวัฒน์,Bangkok (Krung Thep Aphiwat),-12,0,16:30,16:18,16:50,16:50,,
2026-03-23,บางบำหรุ,Bang Bamru,0,0,17:01,17:01,17:02,17:02,,
2026-03-23,ศาลายา,Sala Ya,0,1,17:22,17:22,17:23,17:24,,
2026-03-23,นครปฐม,Nakhon Pathom,5,5,17:48,17:53,17:50,17:55,,
2026-03-23,บ้านโป่ง,Ban Pong,10,10,18:08,18:18,18:09,18:19,,
2026-03-23,ราชบุรี,Ratchaburi,6,0,18:37,18:43,18:47,18:47,,
2026-03-23,เพชรบุรี,Phetchaburi,-7,0,19:30,19:23,19:31,19:31,,
2026-03-23,หัวหิน,Hua Hin,5,5,20:20,20:25,20:25,20:30,,
2026-03-23,ประจวบคีรีขันธ์,Prachuap Khiri Khan,-3,0,21:40,21:37,21:41,21:41,,
2026-03-23,ชุมพร,Chumphon,10,10,23:55,00:05,00:05,00:15,,
2026-03-23,สุราษฎร์ธานี,Surat Thani,22,22,02:20,02:42,02:23,02:45,,
2026-03-23,ชุมทางทุ่งสง,Thung Song Junction,17,17,04:08,04:25,04:18,04:35,,
2026-03-23,พัทลุง,Phatthalung,0,0,05:51,05:51,05:53,05:53,,
2026-03-23,ชุมทางหาดใหญ่,Hat Yai Junction,5,5,07:05,07:10,07:05,07:10,,
2026-03-24,กรุงเทพอภิวัฒน์,Bangkok (Krung Thep Aphiwat),-12,0,16:30,16:18,16:50,16:50,,
2026-03-24,บางบำหรุ,Bang Bamru,0,0,17:01,17:01,17:02,17:02,,
2026-03-24,ศาลายา,Sala Ya,0,0,17:22,17:22,17:23,17:23,,
2026-03-24,นครปฐม,Nakhon Pathom,3,3,17:48,17:51,17:50,17:53,,
2026-03-24,บ้านโป่ง,Ban Pong,8,8,18:08,18:16,18:09,18:17,,
2026-03-24,ราชบุรี,Ratchaburi,5,0,18:37,18:42,18:47,18:47,,
2026-03-24,เพชรบุรี,Phetchaburi,-5,0,19:30,19:25,19:31,19:31,,
2026-03-24,หัวหิน,Hua Hin,9,7,20:20,20:29,20:25,20:32,,
2026-03-24,ประจวบคีรีขันธ์,Prachuap Khiri Khan,-1,0,21:40,21:39,21:41,21:41,,
2026-03-24,ชุมพร,Chumphon,7,7,23:55,00:02,00:05,00:12,,
2026-03-24,สุราษฎร์ธานี,Surat Thani,13,13,02:20,02:33,02:23,02:36,,
2026-03-24,ชุมทางทุ่งสง,Thung Song Junction,5,3,04:08,04:13,04:18,04:21,,
2026-03-24,พัทลุง,Phatthalung,0,0,05:51,05:51,05:53,05:53,,
2026-03-24,ชุมทางหาดใหญ่,Hat Yai Junction,7,7,07:05,07:12,07:05,07:12,,
2026-03-25,กรุงเทพอภิวัฒน์,Bangkok (Krung Thep Aphiwat),-11,0,16:30,16:19,16:50,16:50,,
2026-03-25,บางบำหรุ,Bang Bamru,0,0,17:01,17:01,17:02,17:02,,
2026-03-25,ศาลายา,Sala Ya,0,0,17:22,17:22,17:23,17:23,,
2026-03-25,นครปฐม,Nakhon Pathom,6,6,17:48,17:54,17:50,17:56,,
2026-03-25,บ้านโป่ง,Ban Pong,10,10,18:08,18:18,18:09,18:19,,
2026-03-25,ราชบุรี,Ratchaburi,8,0,18:37,18:45,18:47,18:47,,
2026-03-25,เพชรบุรี,Phetchaburi,-6,0,19:30,19:24,19:31,19:31,,
2026-03-25,หัวหิน,Hua Hin,17,15,20:20,20:37,20:25,20:40,,
2026-03-25,ประจวบคีรีขันธ์,Prachuap Khiri Khan,5,5,21:40,21:45,21:41,21:46,,
2026-03-25,ชุมพร,Chumphon,2,5,23:55,23:57,00:05,00:10,,
2026-03-25,สุราษฎร์ธานี,Surat Thani,11,14,02:20,02:31,02:23,02:37,,
2026-03-25,ชุมทางทุ่งสง,Thung Song Junction,13,13,04:08,04:21,04:18,04:31,,
2026-03-25,พัทลุง,Phatthalung,-5,0,05:51,05:46,05:53,05:53,,
2026-03-25,ชุมทางหาดใหญ่,Hat Yai Junction,7,7,07:05,07:12,07:05,07:12,,
2026-03-26,กรุงเทพอภิวัฒน์,Bangkok (Krung Thep Aphiwat),67,60,16:30,17:37,16:50,17:50,,
2026-03-26,บางบำหรุ,Bang Bamru,60,60,17:01,18:01,17:02,18:02,,
2026-03-26,ศาลายา,Sala Ya,57,57,17:22,18:19,17:23,18:20,,
2026-03-26,นครปฐม,Nakhon Pathom,59,59,17:48,18:47,17:50,18:49,,
2026-03-26,บ้านโป่ง,Ban Pong,59,59,18:08,19:07,18:09,19:08,,
2026-03-26,ราชบุรี,Ratchaburi,60,53,18:37,19:37,18:47,19:40,,
2026-03-26,เพชรบุรี,Phetchaburi,44,45,19:30,20:14,19:31,20:16,,
2026-03-26,หัวหิน,Hua Hin,51,49,20:20,21:11,20:25,21:14,,
2026-03-26,ประจวบคีรีขันธ์,Prachuap Khiri Khan,33,33,21:40,22:13,21:41,22:14,,
2026-03-26,ชุมพร,Chumphon,18,20,23:55,00:13,00:05,00:25,,
2026-03-26,สุราษฎร์ธานี,Surat Thani,37,37,02:20,02:57,02:23,03:00,,
2026-03-26,ชุมทางทุ่งสง,Thung Song Junction,38,35,04:08,04:46,04:18,04:53,,
2026-03-26,พัทลุง,Phatthalung,11,11,05:51,06:02,05:53,06:04,,
2026-03-26,ชุมทางหาดใหญ่,Hat Yai Junction,0,0,07:05,07:05,07:05,07:05,,
2026-03-27,กรุงเทพอภิวัฒน์,Bangkok (Krung Thep Aphiwat),-11,0,16:30,16:19,16:50,16:50,,
2026-03-27,บางบำหรุ,Bang Bamru,0,0,17:01,17:01,17:02,17:02,,
2026-03-27,ศาลายา,Sala Ya,0,0,17:22,17:22,17:23,17:23,,
2026-03-27,นครปฐม,Nakhon Pathom,2,2,17:48,17:50,17:50,17:52,,
2026-03-27,บ้านโป่ง,Ban Pong,5,5,18:08,18:13,18:09,18:14,,
2026-03-27,ราชบุรี,Ratchaburi,2,0,18:37,18:39,18:47,18:47,,
2026-03-27,เพชรบุรี,Phetchaburi,-6,0,19:30,19:24,19:31,19:31,,
2026-03-27,หัวหิน,Hua Hin,0,0,20:20,20:20,20:25,20:25,,
2026-03-27,ประจวบคีรีขันธ์,Prachuap Khiri Khan,-10,0,21:40,21:30,21:41,21:41,,
2026-03-27,ชุมพร,Chumphon,-2,8,23:55,23:53,00:05,00:13,,
2026-03-27,สุราษฎร์ธานี,Surat Thani,8,8,02:20,02:28,02:23,02:31,,
2026-03-27,ชุมทางทุ่งสง,Thung Song Junction,4,2,04:08,04:12,04:18,04:20,,
2026-03-27,พัทลุง,Phatthalung,-10,0,05:51,05:41,05:53,05:53,,
2026-03-27,ชุมทางหาดใหญ่,Hat Yai Junction,5,5,07:05,07:10,07:05,07:10,,
2026-03-28,กรุงเทพอภิวัฒน์,Bangkok (Krung Thep Aphiwat),-12,0,16:30,16:18,16:50,16:50,,
2026-03-28,บางบำหรุ,Bang Bamru,0,0,17:01,17:01,17:02,17:02,,
2026-03-28,ศาลายา,Sala Ya,0,0,17:22,17:22,17:23,17:23,,
2026-03-28,นครปฐม,Nakhon Pathom,0,0,17:48,17:48,17:50,17:50,,
2026-03-28,บ้านโป่ง,Ban Pong,3,3,18:08,18:11,18:09,18:12,,
2026-03-28,ราชบุรี,Ratchaburi,2,0,18:37,18:39,18:47,18:47,,
2026-03-28,เพชรบุรี,Phetchaburi,-5,0,19:30,19:25,19:31,19:31,,
2026-03-28,หัวหิน,Hua Hin,6,4,20:20,20:26,20:25,20:29,,
2026-03-28,ประจวบคีรีขันธ์,Prachuap Khiri Khan,0,8,21:40,21:40,21:41,21:49,,
2026-03-28,ชุมพร,Chumphon,25,25,23:55,00:20,00:05,00:30,,
2026-03-28,สุราษฎร์ธานี,Surat Thani,28,28,02:20,02:48,02:23,02:51,,
2026-03-28,ชุมทางทุ่งสง,Thung Song Junction,18,15,04:08,04:26,04:18,04:33,,
2026-03-28,พัทลุง,Phatthalung,0,0,05:51,05:51,05:53,05:53,,
2026-03-28,ชุมทางหาดใหญ่,Hat Yai Junction,8,8,07:05,07:13,07:05,07:13,,
2026-03-29,กรุงเทพอภิวัฒน์,Bangkok (Krung Thep Aphiwat),-12,0,16:30,16:18,16:50,16:50,,
2026-03-29,บางบำหรุ,Bang Bamru,0,0,17:01,17:01,17:02,17:02,,
2026-03-29,ศาลายา,Sala Ya,0,0,17:22,17:22,17:23,17:23,,
2026-03-29,นครปฐม,Nakhon Pathom,4,4,17:48,17:52,17:50,17:54,,
2026-03-29,บ้านโป่ง,Ban Pong,9,9,18:08,18:17,18:09,18:18,,
2026-03-29,ราชบุรี,Ratchaburi,6,0,18:37,18:43,18:47,18:47,,
2026-03-29,เพชรบุรี,Phetchaburi,-9,0,19:30,19:21,19:31,19:31,,
2026-03-29,หัวหิน,Hua Hin,15,13,20:20,20:35,20:25,20:38,,
2026-03-29,ประจวบคีรีขันธ์,Prachuap Khiri Khan,2,2,21:40,21:42,21:41,21:43,,
2026-03-29,ชุมพร,Chumphon,5,6,23:55,00:00,00:05,00:11,,
2026-03-29,สุราษฎร์ธานี,Surat Thani,27,27,02:20,02:47,02:23,02:50,,
2026-03-29,ชุมทางทุ่งสง,Thung Song Junction,15,15,04:08,04:23,04:18,04:33,,
2026-03-29,พัทลุง,Phatthalung,0,0,05:51,05:51,05:53,05:53,,
2026-03-29,ชุมทางหาดใหญ่,Hat Yai Junction,0,0,07:05,07:05,07:05,07:05,,
2026-03-30,กรุงเทพอภิวัฒน์,Bangkok (Krung Thep Aphiwat),-10,0,16:30,16:20,16:50,16:50,,
2026-03-30,บางบำหรุ,Bang Bamru,0,0,17:01,17:01,17:02,17:02,,
2026-03-30,ศาลายา,Sala Ya,0,2,17:22,17:22,17:23,17:25,,
2026-03-30,นครปฐม,Nakhon Pathom,10,10,17:48,17:58,17:50,18:00,,
2026-03-30,บ้านโป่ง,Ban Pong,16,16,18:08,18:24,18:09,18:25,,
2026-03-30,ราชบุรี,Ratchaburi,14,6,18:37,18:51,18:47,18:53,,
2026-03-30,เพชรบุรี,Phetchaburi,3,3,19:30,19:33,19:31,19:34,,
2026-03-30,หัวหิน,Hua Hin,27,25,20:20,20:47,20:25,20:50,,
2026-03-30,ประจวบคีรีขันธ์,Prachuap Khiri Khan,16,16,21:40,21:56,21:41,21:57,,
2026-03-30,ชุมพร,Chumphon,21,22,23:55,00:16,00:05,00:27,,
2026-03-30,สุราษฎร์ธานี,Surat Thani,20,20,02:20,02:40,02:23,02:43,,
2026-03-30,ชุมทางทุ่งสง,Thung Song Junction,22,20,04:08,04:30,04:18,04:38,,
2026-03-30,พัทลุง,Phatthalung,4,4,05:51,05:55,05:53,05:57,,
2026-03-30,ชุมทางหาดใหญ่,Hat Yai Junction,7,7,07:05,07:12,07:05,07:12,,
2026-03-31,กรุงเทพอภิวัฒน์,Bangkok (Krung Thep Aphiwat),-8,0,16:30,16:22,16:50,16:50,,
2026-03-31,บางบำหรุ,Bang Bamru,0,0,17:01,17:01,17:02,17:02,,
2026-03-31,ศาลายา,Sala Ya,0,1,17:22,17:22,17:23,17:24,,
2026-03-31,นครปฐม,Nakhon Pathom,6,6,17:48,17:54,17:50,17:56,,
2026-03-31,บ้านโป่ง,Ban Pong,9,9,18:08,18:17,18:09,18:18,,
2026-03-31,ราชบุรี,Ratchaburi,7,0,18:37,18:44,18:47,18:47,,
2026-03-31,เพชรบุรี,Phetchaburi,-5,0,19:30,19:25,19:31,19:31,,
2026-03-31,หัวหิน,Hua Hin,5,2,20:20,20:25,20:25,20:27,,
2026-03-31,ประจวบคีรีขันธ์,Prachuap Khiri Khan,-6,0,21:40,21:34,21:41,21:41,,
2026-03-31,ชุมพร,Chumphon,37,38,23:55,00:32,00:05,00:43,,
2026-03-31,สุราษฎร์ธานี,Surat Thani,40,40,02:20,03:00,02:23,03:03,,
2026-03-31,ชุมทางทุ่งสง,Thung Song Junction,33,32,04:08,04:41,04:18,04:50,,
2026-03-31,พัทลุง,Phatthalung,10,10,05:51,06:01,05:53,06:03,,
2026-03-31,ชุมทางหาดใหญ่,Hat Yai Junction,3,3,07:05,07:08,07:05,07:08,,
2026-04-01,กรุงเทพอภิวัฒน์,Bangkok (Krung Thep Aphiwat),-23,0,16:30,16:07,16:50,16:50,,
2026-04-01,บางบำหรุ,Bang Bamru,0,0,17:01,17:01,17:02,17:02,,
2026-04-01,ศาลายา,Sala Ya,0,0,17:22,17:22,17:23,17:23,,
2026-04-01,นครปฐม,Nakhon Pathom,5,5,17:48,17:53,17:50,17:55,,
2026-04-01,บ้านโป่ง,Ban Pong,9,9,18:08,18:17,18:09,18:18,,
2026-04-01,ราชบุรี,Ratchaburi,6,0,18:37,18:43,18:47,18:47,,
2026-04-01,เพชรบุรี,Phetchaburi,-4,0,19:30,19:26,19:31,19:31,,
2026-04-01,หัวหิน,Hua Hin,14,13,20:20,20:34,20:25,20:38,,
2026-04-01,ประจวบคีรีขันธ์,Prachuap Khiri Khan,8,8,21:40,21:48,21:41,21:49,,
2026-04-01,ชุมพร,Chumphon,20,20,23:55,00:15,00:05,00:25,,
2026-04-01,สุราษฎร์ธานี,Surat Thani,22,22,02:20,02:42,02:23,02:45,,
2026-04-01,ชุมทางทุ่งสง,Thung Song Junction,26,24,04:08,04:34,04:18,04:42,,
2026-04-01,พัทลุง,Phatthalung,13,13,05:51,06:04,05:53,06:06,,
2026-04-01,ชุมทางหาดใหญ่,Hat Yai Junction,19,19,07:05,07:24,07:05,07:24,,
2026-04-02,กรุงเทพอภิวัฒน์,Bangkok (Krung Thep Aphiwat),-10,0,16:30,16:20,16:50,16:50,,
2026-04-02,บางบำหรุ,Bang Bamru,0,0,17:01,17:01,17:02,17:02,,
2026-04-02,ศาลายา,Sala Ya,0,0,17:22,17:22,17:23,17:23,,
2026-04-02,นครปฐม,Nakhon Pathom,4,4,17:48,17:52,17:50,17:54,,
2026-04-02,บ้านโป่ง,Ban Pong,5,5,18:08,18:13,18:09,18:14,,
2026-04-02,ราชบุรี,Ratchaburi,0,0,18:37,18:37,18:47,18:47,,
2026-04-02,เพชรบุรี,Phetchaburi,-6,0,19:30,19:24,19:31,19:31,,
2026-04-02,หัวหิน,Hua Hin,3,1,20:20,20:23,20:25,20:26,,
2026-04-02,ประจวบคีรีขันธ์,Prachuap Khiri Khan,-14,0,21:40,21:26,21:41,21:41,,
2026-04-02,ชุมพร,Chumphon,-8,6,23:55,23:47,00:05,00:11,,
2026-04-02,สุราษฎร์ธานี,Surat Thani,20,20,02:20,02:40,02:23,02:43,,
2026-04-02,ชุมทางทุ่งสง,Thung Song Junction,26,20,04:08,04:34,04:18,04:38,,
2026-04-02,พัทลุง,Phatthalung,0,0,05:51,05:51,05:53,05:53,,
2026-04-02,ชุมทางหาดใหญ่,Hat Yai Junction,0,0,07:05,07:05,07:05,07:05,,
2026-04-03,กรุงเทพอภิวัฒน์,Bangkok (Krung Thep Aphiwat),-7,0,16:30,16:23,16:50,16:50,,
2026-04-03,บางบำหรุ,Bang Bamru,0,0,17:01,17:01,17:02,17:02,,
2026-04-03,ศาลายา,Sala Ya,0,0,17:22,17:22,17:23,17:23,,
2026-04-03,นครปฐม,Nakhon Pathom,4,4,17:48,17:52,17:50,17:54,,
2026-04-03,บ้านโป่ง,Ban Pong,9,9,18:08,18:17,18:09,18:18,,
2026-04-03,ราชบุรี,Ratchaburi,7,0,18:37,18:44,18:47,18:47,,
2026-04-03,เพชรบุรี,Phetchaburi,-5,0,19:30,19:25,19:31,19:31,,
2026-04-03,หัวหิน,Hua Hin,7,6,20:20,20:27,20:25,20:31,,
2026-04-03,ประจวบคีรีขันธ์,Prachuap Khiri Khan,0,0,21:40,21:40,21:41,21:41,,
2026-04-03,ชุมพร,Chumphon,5,6,23:55,00:00,00:05,00:11,,
2026-04-03,สุราษฎร์ธานี,Surat Thani,37,37,02:20,02:57,02:23,03:00,,
2026-04-03,ชุมทางทุ่งสง,Thung Song Junction,37,34,04:08,04:45,04:18,04:52,,
2026-04-03,พัทลุง,Phatthalung,18,18,05:51,06:09,05:53,06:11,,
2026-04-03,ชุมทางหาดใหญ่,Hat Yai Junction,20,20,07:05,07:25,07:05,07:25,,
2026-04-04,กรุงเทพอภิวัฒน์,Bangkok (Krung Thep Aphiwat),-21,0,16:30,16:09,16:50,16:50,,
2026-04-04,บางบำหรุ,Bang Bamru,0,0,17:01,17:01,17:02,17:02,,
2026-04-04,ศาลายา,Sala Ya,0,0,17:22,17:22,17:23,17:23,,
2026-04-04,นครปฐม,Nakhon Pathom,6,6,17:48,17:54,17:50,17:56,,
2026-04-04,บ้านโป่ง,Ban Pong,7,7,18:08,18:15,18:09,18:16,,
2026-04-04,ราชบุรี,Ratchaburi,3,0,18:37,18:40,18:47,18:47,,
2026-04-04,เพชรบุรี,Phetchaburi,-6,0,19:30,19:24,19:31,19:31,,
2026-04-04,หัวหิน,Hua Hin,8,6,20:20,20:28,20:25,20:31,,
2026-04-04,ประจวบคีรีขันธ์,Prachuap Khiri Khan,-5,0,21:40,21:35,21:41,21:41,,
2026-04-04,ชุมพร,Chumphon,3,3,23:55,23:58,00:05,00:08,,
2026-04-04,สุราษฎร์ธานี,Surat Thani,12,12,02:20,02:32,02:23,02:35,,
2026-04-04,ชุมทางทุ่งสง,Thung Song Junction,4,0,04:08,04:12,04:18,04:18,,
2026-04-04,พัทลุง,Phatthalung,0,0,05:51,05:51,05:53,05:53,,
2026-04-04,ชุมทางหาดใหญ่,Hat Yai Junction,7,7,07:05,07:12,07:05,07:12,,
2026-04-05,กรุงเทพอภิวัฒน์,Bangkok (Krung Thep Aphiwat),-11,0,16:30,16:19,16:50,16:50,,
2026-04-05,บางบำหรุ,Bang Bamru,0,0,17:01,17:01,17:02,17:02,,
2026-04-05,ศาลายา,Sala Ya,0,0,17:22,17:22,17:23,17:23,,
2026-04-05,นครปฐม,Nakhon Pathom,5,5,17:48,17:53,17:50,17:55,,
2026-04-05,บ้านโป่ง,Ban Pong,7,7,18:08,18:15,18:09,18:16,,
2026-04-05,ราชบุรี,Ratchaburi,4,0,18:37,18:41,18:47,18:47,,
2026-04-05,เพชรบุรี,Phetchaburi,-7,0,19:30,19:23,19:31,19:31,,
2026-04-05,หัวหิน,Hua Hin,5,3,20:20,20:25,20:25,20:28,,
2026-04-05,ประจวบคีรีขันธ์,Prachuap Khiri Khan,-8,1,21:40,21:32,21:41,21:42,,
2026-04-05,ชุมพร,Chumphon,14,14,23:55,00:09,00:05,00:19,,
2026-04-05,สุราษฎร์ธานี,Surat Thani,30,30,02:20,02:50,02:23,02:53,,
2026-04-05,ชุมทางทุ่งสง,Thung Song Junction,25,24,04:08,04:33,04:18,04:42,,
2026-04-05,พัทลุง,Phatthalung,5,5,05:51,05:56,05:53,05:58,,
2026-04-05,ชุมทางหาดใหญ่,Hat Yai Junction,7,7,07:05,07:12,07:05,07:12,,
2026-04-06,กรุงเทพอภิวัฒน์,Bangkok (Krung Thep Aphiwat),-11,0,16:30,16:19,16:50,16:50,,
2026-04-06,บางบำหรุ,Bang Bamru,0,0,17:01,17:01,17:02,17:02,,
2026-04-06,ศาลายา,Sala Ya,0,0,17:22,17:22,17:23,17:23,,
2026-04-06,นครปฐม,Nakhon Pathom,2,2,17:48,17:50,17:50,17:52,,
2026-04-06,บ้านโป่ง,Ban Pong,2,2,18:08,18:10,18:09,18:11,,
2026-04-06,ราชบุรี,Ratchaburi,-3,0,18:37,18:34,18:47,18:47,,
2026-04-06,เพชรบุรี,Phetchaburi,-9,0,19:30,19:21,19:31,19:31,,
2026-04-06,หัวหิน,Hua Hin,2,0,20:20,20:22,20:25,20:25,,
2026-04-06,ประจวบคีรีขันธ์,Prachuap Khiri Khan,-10,0,21:40,21:30,21:41,21:41,,
2026-04-06,ชุมพร,Chumphon,2,3,23:55,23:57,00:05,00:08,,
2026-04-06,สุราษฎร์ธานี,Surat Thani,12,12,02:20,02:32,02:23,02:35,,
2026-04-06,ชุมทางทุ่งสง,Thung Song Junction,4,0,04:08,04:12,04:18,04:18,,
2026-04-06,พัทลุง,Phatthalung,-9,0,05:51,05:42,05:53,05:53,,
2026-04-06,ชุมทางหาดใหญ่,Hat Yai Junction,0,0,07:05,07:05,07:05,07:05,,
2026-04-07,กรุงเทพอภิวัฒน์,Bangkok (Krung Thep Aphiwat),-9,0,16:30,16:21,16:50,16:50,,
2026-04-07,บางบำหรุ,Bang Bamru,0,0,17:01,17:01,17:02,17:02,,
2026-04-07,ศาลายา,Sala Ya,0,0,17:22,17:22,17:23,17:23,,
2026-04-07,นครปฐม,Nakhon Pathom,5,5,17:48,17:53,17:50,17:55,,
2026-04-07,บ้านโป่ง,Ban Pong,5,5,18:08,18:13,18:09,18:14,,
2026-04-07,ราชบุรี,Ratchaburi,2,3,18:37,18:39,18:47,18:50,,
2026-04-07,เพชรบุรี,Phetchaburi,-4,0,19:30,19:26,19:31,19:31,,
2026-04-07,หัวหิน,Hua Hin,4,1,20:20,20:24,20:25,20:26,,
2026-04-07,ประจวบคีรีขันธ์,Prachuap Khiri Khan,-5,0,21:40,21:35,21:41,21:41,,
2026-04-07,ชุมพร,Chumphon,7,7,23:55,00:02,00:05,00:12,,
2026-04-07,สุราษฎร์ธานี,Surat Thani,25,25,02:20,02:45,02:23,02:48,,
2026-04-07,ชุมทางทุ่งสง,Thung Song Junction,19,19,04:08,04:27,04:18,04:37,,
2026-04-07,พัทลุง,Phatthalung,0,0,05:51,05:51,05:53,05:53,,
2026-04-07,ชุมทางหาดใหญ่,Hat Yai Junction,3,3,07:05,07:08,07:05,07:08,,
2026-04-08,กรุงเทพอภิวัฒน์,Bangkok (Krung Thep Aphiwat),-13,0,16:30,16:17,16:50,16:50,,
2026-04-08,บางบำหรุ,Bang Bamru,0,0,17:01,17:01,17:02,17:02,,
2026-04-08,ศาลายา,Sala Ya,0,0,17:22,17:22,17:23,17:23,,
2026-04-08,นครปฐม,Nakhon Pathom,0,0,17:48,17:48,17:50,17:50,,
2026-04-08,บ้านโป่ง,Ban Pong,0,0,18:08,18:08,18:09,18:09,,
2026-04-08,ราชบุรี,Ratchaburi,-5,0,18:37,18:32,18:47,18:47,,
2026-04-08,เพชรบุรี,Phetchaburi,-9,0,19:30,19:21,19:31,19:31,,
2026-04-08,หัวหิน,Hua Hin,1,0,20:20,20:21,20:25,20:25,,
2026-04-08,ประจวบคีรีขันธ์,Prachuap Khiri Khan,-11,0,21:40,21:29,21:41,21:41,,
2026-04-08,ชุมพร,Chumphon,7,17,23:55,00:02,00:05,00:22,,
2026-04-08,สุราษฎร์ธานี,Surat Thani,37,37,02:20,02:57,02:23,03:00,,
2026-04-08,ชุมทางทุ่งสง,Thung Song Junction,29,31,04:08,04:37,04:18,04:49,,
2026-04-08,พัทลุง,Phatthalung,13,13,05:51,06:04,05:53,06:06,,
2026-04-08,ชุมทางหาดใหญ่,Hat Yai Junction,15,15,07:05,07:20,07:05,07:20,,
2026-04-09,กรุงเทพอภิวัฒน์,Bangkok (Krung Thep Aphiwat),4,0,16:30,16:34,16:50,16:50,"เนื่องจากผ่านพื้นที่ก่อสร้าง, รอหลีกขบวนรถ","due to Passing construction site, Wait for track cleared"
2026-04-09,บางบำหรุ,Bang Bamru,0,0,17:01,17:01,17:02,17:02,"เนื่องจากผ่านพื้นที่ก่อสร้าง, รอหลีกขบวนรถ","due to Passing construction site, Wait for track cleared"
2026-04-09,ศาลายา,Sala Ya,0,0,17:22,17:22,17:23,17:23,"เนื่องจากผ่านพื้นที่ก่อสร้าง, รอหลีกขบวนรถ","due to Passing construction site, Wait for track cleared"
2026-04-09,นครปฐม,Nakhon Pathom,7,7,17:48,17:55,17:50,17:57,"เนื่องจากผ่านพื้นที่ก่อสร้าง, รอหลีกขบวนรถ","due to Passing construction site, Wait for track cleared"
2026-04-09,บ้านโป่ง,Ban Pong,8,8,18:08,18:16,18:09,18:17,"เนื่องจากผ่านพื้นที่ก่อสร้าง, รอหลีกขบวนรถ","due to Passing construction site, Wait for track cleared"
2026-04-09,ราชบุรี,Ratchaburi,6,0,18:37,18:43,18:47,18:47,"เนื่องจากผ่านพื้นที่ก่อสร้าง, รอหลีกขบวนรถ","due to Passing construction site, Wait for track cleared"
2026-04-09,เพชรบุรี,Phetchaburi,-5,0,19:30,19:25,19:31,19:31,"เนื่องจากผ่านพื้นที่ก่อสร้าง, รอหลีกขบวนรถ","due to Passing construction site, Wait for track cleared"
2026-04-09,หัวหิน,Hua Hin,17,14,20:20,20:37,20:25,20:39,"เนื่องจากผ่านพื้นที่ก่อสร้าง, รอหลีกขบวนรถ","due to Passing construction site, Wait for track cleared"
2026-04-09,ประจวบคีรีขันธ์,Prachuap Khiri Khan,9,9,21:40,21:49,21:41,21:50,"เนื่องจากผ่านพื้นที่ก่อสร้าง, รอหลีกขบวนรถ","due to Passing construction site, Wait for track cleared"
2026-04-09,ชุมพร,Chumphon,26,26,23:55,00:21,00:05,00:31,"เนื่องจากผ่านพื้นที่ก่อสร้าง, รอหลีกขบวนรถ","due to Passing construction site, Wait for track cleared"
2026-04-09,สุราษฎร์ธานี,Surat Thani,40,40,02:20,03:00,02:23,03:03,"เนื่องจากผ่านพื้นที่ก่อสร้าง, รอหลีกขบวนรถ","due to Passing construction site, Wait for track cleared"
2026-04-09,ชุมทางทุ่งสง,Thung Song Junction,43,41,04:08,04:51,04:18,04:59,"เนื่องจากผ่านพื้นที่ก่อสร้าง, รอหลีกขบวนรถ","due to Passing construction site, Wait for track cleared"
2026-04-09,พัทลุง,Phatthalung,27,27,05:51,06:18,05:53,06:20,"เนื่องจากผ่านพื้นที่ก่อสร้าง, รอหลีกขบวนรถ","due to Passing construction site, Wait for track cleared"
2026-04-09,ชุมทางหาดใหญ่,Hat Yai Junction,45,45,07:05,07:50,07:05,07:50,"เนื่องจากผ่านพื้นที่ก่อสร้าง, รอหลีกขบวนรถ","due to Passing construction site, Wait for track cleared"
2026-04-10,กรุงเทพอภิวัฒน์,Bangkok (Krung Thep Aphiwat),-10,0,16:30,16:20,16:50,16:50,,
2026-04-10,บางบำหรุ,Bang Bamru,0,0,17:01,17:01,17:02,17:02,,
2026-04-10,ศาลายา,Sala Ya,0,0,17:22,17:22,17:23,17:23,,
2026-04-10,นครปฐม,Nakhon Pathom,2,2,17:48,17:50,17:50,17:52,,
2026-04-10,บ้านโป่ง,Ban Pong,2,2,18:08,18:10,18:09,18:11,,
2026-04-10,ราชบุรี,Ratchaburi,-2,0,18:37,18:35,18:47,18:47,,
2026-04-10,เพชรบุรี,Phetchaburi,-9,0,19:30,19:21,19:31,19:31,,
2026-04-10,หัวหิน,Hua Hin,0,0,20:20,20:20,20:25,20:25,,
2026-04-10,ประจวบคีรีขันธ์,Prachuap Khiri Khan,-8,0,21:40,21:32,21:41,21:41,,
2026-04-10,ชุมพร,Chumphon,9,9,23:55,00:04,00:05,00:14,,
2026-04-10,สุราษฎร์ธานี,Surat Thani,13,13,02:20,02:33,02:23,02:36,,
2026-04-10,ชุมทางทุ่งสง,Thung Song Junction,3,0,04:08,04:11,04:18,04:18,,
2026-04-10,พัทลุง,Phatthalung,-14,0,05:51,05:37,05:53,05:53,,
2026-04-10,ชุมทางหาดใหญ่,Hat Yai Junction,5,5,07:05,07:10,07:05,07:10,,
2026-04-11,กรุงเทพอภิวัฒน์,Bangkok (Krung Thep Aphiwat),-22,0,16:30,16:08,16:50,16:50,,
2026-04-11,บางบำหรุ,Bang Bamru,0,0,17:01,17:01,17:02,17:02,,
2026-04-11,ศาลายา,Sala Ya,0,0,17:22,17:22,17:23,17:23,,
2026-04-11,นครปฐม,Nakhon Pathom,-3,0,17:48,17:45,17:50,17:50,,
2026-04-11,บ้านโป่ง,Ban Pong,-2,0,18:08,18:06,18:09,18:09,,
2026-04-11,ราชบุรี,Ratchaburi,-5,0,18:37,18:32,18:47,18:47,,
2026-04-11,เพชรบุรี,Phetchaburi,-9,0,19:30,19:21,19:31,19:31,,
2026-04-11,หัวหิน,Hua Hin,-5,0,20:20,20:15,20:25,20:25,,
2026-04-11,ประจวบคีรีขันธ์,Prachuap Khiri Khan,-6,0,21:40,21:34,21:41,21:41,,
2026-04-11,ชุมพร,Chumphon,17,18,23:55,00:12,00:05,00:23,,
2026-04-11,สุราษฎร์ธานี,Surat Thani,14,14,02:20,02:34,02:23,02:37,,
2026-04-11,ชุมทางทุ่งสง,Thung Song Junction,10,10,04:08,04:18,04:18,04:28,,
2026-04-11,พัทลุง,Phatthalung,-11,0,05:51,05:40,05:53,05:53,,
2026-04-11,ชุมทางหาดใหญ่,Hat Yai Junction,0,0,07:05,07:05,07:05,07:05,,
2026-04-12,กรุงเทพอภิวัฒน์,Bangkok (Krung Thep Aphiwat),-10,0,16:30,16:20,16:50,16:50,"เนื่องจากผ่านพื้นที่ก่อสร้าง, รอทาง, รอหลีกขบวนรถ","due to Passing construction site, Wait for track cleared, Wait for track cleared"
2026-04-12,บางบำหรุ,Bang Bamru,0,0,17:01,17:01,17:02,17:02,"เนื่องจากผ่านพื้นที่ก่อสร้าง, รอทาง, รอหลีกขบวนรถ","due to Passing construction site, Wait for track cleared, Wait for track cleared"
2026-04-12,ศาลายา,Sala Ya,0,0,17:22,17:22,17:23,17:23,"เนื่องจากผ่านพื้นที่ก่อสร้าง, รอทาง, รอหลีกขบวนรถ","due to Passing construction site, Wait for track cleared, Wait for track cleared"
2026-04-12,นครปฐม,Nakhon Pathom,6,6,17:48,17:54,17:50,17:56,"เนื่องจากผ่านพื้นที่ก่อสร้าง, รอทาง, รอหลีกขบวนรถ","due to Passing construction site, Wait for track cleared, Wait for track cleared"
2026-04-12,บ้านโป่ง,Ban Pong,7,7,18:08,18:15,18:09,18:16,"เนื่องจากผ่านพื้นที่ก่อสร้าง, รอทาง, รอหลีกขบวนรถ","due to Passing construction site, Wait for track cleared, Wait for track cleared"
2026-04-12,ราชบุรี,Ratchaburi,3,0,18:37,18:40,18:47,18:47,"เนื่องจากผ่านพื้นที่ก่อสร้าง, รอทาง, รอหลีกขบวนรถ","due to Passing construction site, Wait for track cleared, Wait for track cleared"
2026-04-12,เพชรบุรี,Phetchaburi,-6,0,19:30,19:24,19:31,19:31,"เนื่องจากผ่านพื้นที่ก่อสร้าง, รอทาง, รอหลีกขบวนรถ","due to Passing construction site, Wait for track cleared, Wait for track cleared"
2026-04-12,หัวหิน,Hua Hin,0,0,20:20,20:20,20:25,20:25,"เนื่องจากผ่านพื้นที่ก่อสร้าง, รอทาง, รอหลีกขบวนรถ","due to Passing construction site, Wait for track cleared, Wait for track cleared"
2026-04-12,ประจวบคีรีขันธ์,Prachuap Khiri Khan,-10,0,21:40,21:30,21:41,21:41,"เนื่องจากผ่านพื้นที่ก่อสร้าง, รอทาง, รอหลีกขบวนรถ","due to Passing construction site, Wait for track cleared, Wait for track cleared"
2026-04-12,ชุมพร,Chumphon,2,3,23:55,23:57,00:05,00:08,"เนื่องจากผ่านพื้นที่ก่อสร้าง, รอทาง, รอหลีกขบวนรถ","due to Passing construction site, Wait for track cleared, Wait for track cleared"
2026-04-12,สุราษฎร์ธานี,Surat Thani,14,14,02:20,02:34,02:23,02:37,"เนื่องจากผ่านพื้นที่ก่อสร้าง, รอทาง, รอหลีกขบวนรถ","due to Passing construction site, Wait for track cleared, Wait for track cleared"
2026-04-12,ชุมทางทุ่งสง,Thung Song Junction,38,38,04:08,04:46,04:18,04:56,"เนื่องจากผ่านพื้นที่ก่อสร้าง, รอทาง, รอหลีกขบวนรถ","due to Passing construction site, Wait for track cleared, Wait for track cleared"
2026-04-12,พัทลุง,Phatthalung,23,23,05:51,06:14,05:53,06:16,"เนื่องจากผ่านพื้นที่ก่อสร้าง, รอทาง, รอหลีกขบวนรถ","due to Passing construction site, Wait for track cleared, Wait for track cleared"
2026-04-12,ชุมทางหาดใหญ่,Hat Yai Junction,43,43,07:05,07:48,07:05,07:48,"เนื่องจากผ่านพื้นที่ก่อสร้าง, รอทาง, รอหลีกขบวนรถ","due to Passing construction site, Wait for track cleared, Wait for track cleared"
2026-04-13,กรุงเทพอภิวัฒน์,Bangkok (Krung Thep Aphiwat),10,0,16:30,16:40,16:50,16:50,,
2026-04-13,บางบำหรุ,Bang Bamru,0,0,17:01,17:01,17:02,17:02,,
2026-04-13,ศาลายา,Sala Ya,0,0,17:22,17:22,17:23,17:23,,
2026-04-13,นครปฐม,Nakhon Pathom,2,2,17:48,17:50,17:50,17:52,,
2026-04-13,บ้านโป่ง,Ban Pong,0,0,18:08,18:08,18:09,18:09,,
2026-04-13,ราชบุรี,Ratchaburi,-5,0,18:37,18:32,18:47,18:47,,
2026-04-13,เพชรบุรี,Phetchaburi,-9,0,19:30,19:21,19:31,19:31,,
2026-04-13,หัวหิน,Hua Hin,0,0,20:20,20:20,20:25,20:25,,
2026-04-13,ประจวบคีรีขันธ์,Prachuap Khiri Khan,-6,0,21:40,21:34,21:41,21:41,,
2026-04-13,ชุมพร,Chumphon,16,17,23:55,00:11,00:05,00:22,,
2026-04-13,สุราษฎร์ธานี,Surat Thani,22,22,02:20,02:42,02:23,02:45,,
2026-04-13,ชุมทางทุ่งสง,Thung Song Junction,19,21,04:08,04:27,04:18,04:39,,
2026-04-13,พัทลุง,Phatthalung,0,0,05:51,05:51,05:53,05:53,,
2026-04-13,ชุมทางหาดใหญ่,Hat Yai Junction,6,6,07:05,07:11,07:05,07:11,,
2026-04-14,กรุงเทพอภิวัฒน์,Bangkok (Krung Thep Aphiwat),-21,0,16:30,16:09,16:50,16:50,เนื่องจากผ่านพื้นที่ก่อสร้าง,due to Passing construction site
2026-04-14,บางบำหรุ,Bang Bamru,0,0,17:01,17:01,17:02,17:02,เนื่องจากผ่านพื้นที่ก่อสร้าง,due to Passing construction site
2026-04-14,ศาลายา,Sala Ya,0,0,17:22,17:22,17:23,17:23,เนื่องจากผ่านพื้นที่ก่อสร้าง,due to Passing construction site
2026-04-14,นครปฐม,Nakhon Pathom,6,6,17:48,17:54,17:50,17:56,เนื่องจากผ่านพื้นที่ก่อสร้าง,due to Passing construction site
2026-04-14,บ้านโป่ง,Ban Pong,6,6,18:08,18:14,18:09,18:15,เนื่องจากผ่านพื้นที่ก่อสร้าง,due to Passing construction site
2026-04-14,ราชบุรี,Ratchaburi,5,0,18:37,18:42,18:47,18:47,เนื่องจากผ่านพื้นที่ก่อสร้าง,due to Passing construction site
2026-04-14,เพชรบุรี,Phetchaburi,-6,0,19:30,19:24,19:31,19:31,เนื่องจากผ่านพื้นที่ก่อสร้าง,due to Passing construction site
2026-04-14,หัวหิน,Hua Hin,22,21,20:20,20:42,20:25,20:46,เนื่องจากผ่านพื้นที่ก่อสร้าง,due to Passing construction site
2026-04-14,ประจวบคีรีขันธ์,Prachuap Khiri Khan,13,13,21:40,21:53,21:41,21:54,เนื่องจากผ่านพื้นที่ก่อสร้าง,due to Passing construction site
2026-04-14,ชุมพร,Chumphon,19,19,23:55,00:14,00:05,00:24,เนื่องจากผ่านพื้นที่ก่อสร้าง,due to Passing construction site
2026-04-14,สุราษฎร์ธานี,Surat Thani,35,35,02:20,02:55,02:23,02:58,เนื่องจากผ่านพื้นที่ก่อสร้าง,due to Passing construction site
2026-04-14,ชุมทางทุ่งสง,Thung Song Junction,40,39,04:08,04:48,04:18,04:57,เนื่องจากผ่านพื้นที่ก่อสร้าง,due to Passing construction site
2026-04-14,พัทลุง,Phatthalung,31,31,05:51,06:22,05:53,06:24,เนื่องจากผ่านพื้นที่ก่อสร้าง,due to Passing construction site
2026-04-14,ชุมทางหาดใหญ่,Hat Yai Junction,39,39,07:05,07:44,07:05,07:44,เนื่องจากผ่านพื้นที่ก่อสร้าง,due to Passing construction site
2026-04-15,กรุงเทพอภิวัฒน์,Bangkok (Krung Thep Aphiwat),-11,0,16:30,16:19,16:50,16:50,,
2026-04-15,บางบำหรุ,Bang Bamru,2,2,17:01,17:03,17:02,17:04,,
2026-04-15,ศาลายา,Sala Ya,0,0,17:22,17:22,17:23,17:23,,
2026-04-15,นครปฐม,Nakhon Pathom,4,4,17:48,17:52,17:50,17:54,,
2026-04-15,บ้านโป่ง,Ban Pong,5,5,18:08,18:13,18:09,18:14,,
2026-04-15,ราชบุรี,Ratchaburi,9,0,18:37,18:46,18:47,18:47,,
2026-04-15,เพชรบุรี,Phetchaburi,4,15,19:30,19:34,19:31,19:46,,
2026-04-15,หัวหิน,Hua Hin,35,34,20:20,20:55,20:25,20:59,,
2026-04-15,ประจวบคีรีขันธ์,Prachuap Khiri Khan,26,26,21:40,22:06,21:41,22:07,,
2026-04-15,ชุมพร,Chumphon,28,31,23:55,00:23,00:05,00:36,,
2026-04-15,สุราษฎร์ธานี,Surat Thani,53,53,02:20,03:13,02:23,03:16,,
2026-04-15,ชุมทางทุ่งสง,Thung Song Junction,53,53,04:08,05:01,04:18,05:11,,
2026-04-15,พัทลุง,Phatthalung,23,23,05:51,06:14,05:53,06:16,,
2026-04-15,ชุมทางหาดใหญ่,Hat Yai Junction,15,15,07:05,07:20,07:05,07:20,,
2026-04-16,กรุงเทพอภิวัฒน์,Bangkok (Krung Thep Aphiwat),-10,0,16:30,16:20,16:50,16:50,,
2026-04-16,บางบำหรุ,Bang Bamru,0,0,17:01,17:01,17:02,17:02,,
2026-04-16,ศาลายา,Sala Ya,0,0,17:22,17:22,17:23,17:23,,
2026-04-16,นครปฐม,Nakhon Pathom,3,3,17:48,17:51,17:50,17:53,,
2026-04-16,บ้านโป่ง,Ban Pong,3,3,18:08,18:11,18:09,18:12,,
2026-04-16,ราชบุรี,Ratchaburi,5,0,18:37,18:42,18:47,18:47,,
2026-04-16,เพชรบุรี,Phetchaburi,-6,0,19:30,19:24,19:31,19:31,,
2026-04-16,หัวหิน,Hua Hin,0,0,20:20,20:20,20:25,20:25,,
2026-04-16,ประจวบคีรีขันธ์,Prachuap Khiri Khan,-8,0,21:40,21:32,21:41,21:41,,
2026-04-16,ชุมพร,Chumphon,9,12,23:55,00:04,00:05,00:17,,
2026-04-16,สุราษฎร์ธานี,Surat Thani,6,6,02:20,02:26,02:23,02:29,,
2026-04-16,ชุมทางทุ่งสง,Thung Song Junction,14,19,04:08,04:22,04:18,04:37,,
2026-04-16,พัทลุง,Phatthalung,0,0,05:51,05:51,05:53,05:53,,
2026-04-16,ชุมทางหาดใหญ่,Hat Yai Junction,10,10,07:05,07:15,07:05,07:15,,
2026-04-17,กรุงเทพอภิวัฒน์,Bangkok (Krung Thep Aphiwat),-12,0,16:30,16:18,16:50,16:50,"เนื่องจากผ่านพื้นที่ก่อสร้าง, รอเปิดทาง, รอหลีกขบวนรถ","due to Passing construction site, Wait for track cleared, Wait for track cleared"
2026-04-17,บางบำหรุ,Bang Bamru,0,0,17:01,17:01,17:02,17:02,"เนื่องจากผ่านพื้นที่ก่อสร้าง, รอเปิดทาง, รอหลีกขบวนรถ","due to Passing construction site, Wait for track cleared, Wait for track cleared"
2026-04-17,ศาลายา,Sala Ya,0,0,17:22,17:22,17:23,17:23,"เนื่องจากผ่านพื้นที่ก่อสร้าง, รอเปิดทาง, รอหลีกขบวนรถ","due to Passing construction site, Wait for track cleared, Wait for track cleared"
2026-04-17,นครปฐม,Nakhon Pathom,5,5,17:48,17:53,17:50,17:55,"เนื่องจากผ่านพื้นที่ก่อสร้าง, รอเปิดทาง, รอหลีกขบวนรถ","due to Passing construction site, Wait for track cleared, Wait for track cleared"
2026-04-17,บ้านโป่ง,Ban Pong,6,6,18:08,18:14,18:09,18:15,"เนื่องจากผ่านพื้นที่ก่อสร้าง, รอเปิดทาง, รอหลีกขบวนรถ","due to Passing construction site, Wait for track cleared, Wait for track cleared"
2026-04-17,ราชบุรี,Ratchaburi,3,0,18:37,18:40,18:47,18:47,"เนื่องจากผ่านพื้นที่ก่อสร้าง, รอเปิดทาง, รอหลีกขบวนรถ","due to Passing construction site, Wait for track cleared, Wait for track cleared"
2026-04-17,เพชรบุรี,Phetchaburi,-7,0,19:30,19:23,19:31,19:31,"เนื่องจากผ่านพื้นที่ก่อสร้าง, รอเปิดทาง, รอหลีกขบวนรถ","due to Passing construction site, Wait for track cleared, Wait for track cleared"
2026-04-17,หัวหิน,Hua Hin,9,9,20:20,20:29,20:25,20:34,"เนื่องจากผ่านพื้นที่ก่อสร้าง, รอเปิดทาง, รอหลีกขบวนรถ","due to Passing construction site, Wait for track cleared, Wait for track cleared"
2026-04-17,ประจวบคีรีขันธ์,Prachuap Khiri Khan,-2,0,21:40,21:38,21:41,21:41,"เนื่องจากผ่านพื้นที่ก่อสร้าง, รอเปิดทาง, รอหลีกขบวนรถ","due to Passing construction site, Wait for track cleared, Wait for track cleared"
2026-04-17,ชุมพร,Chumphon,-7,0,23:55,23:48,00:05,00:05,"เนื่องจากผ่านพื้นที่ก่อสร้าง, รอเปิดทาง, รอหลีกขบวนรถ","due to Passing construction site, Wait for track cleared, Wait for track cleared"
2026-04-17,สุราษฎร์ธานี,Surat Thani,31,31,02:20,02:51,02:23,02:54,"เนื่องจากผ่านพื้นที่ก่อสร้าง, รอเปิดทาง, รอหลีกขบวนรถ","due to Passing construction site, Wait for track cleared, Wait for track cleared"
2026-04-17,ชุมทางทุ่งสง,Thung Song Junction,41,41,04:08,04:49,04:18,04:59,"เนื่องจากผ่านพื้นที่ก่อสร้าง, รอเปิดทาง, รอหลีกขบวนรถ","due to Passing construction site, Wait for track cleared, Wait for track cleared"
2026-04-17,พัทลุง,Phatthalung,21,21,05:51,06:12,05:53,06:14,"เนื่องจากผ่านพื้นที่ก่อสร้าง, รอเปิดทาง, รอหลีกขบวนรถ","due to Passing construction site, Wait for track cleared, Wait for track cleared"
2026-04-17,ชุมทางหาดใหญ่,Hat Yai Junction,40,40,07:05,07:45,07:05,07:45,"เนื่องจากผ่านพื้นที่ก่อสร้าง, รอเปิดทาง, รอหลีกขบวนรถ","due to Passing construction site, Wait for track cleared, Wait for track cleared"
2026-04-18,กรุงเทพอภิวัฒน์,Bangkok (Krung Thep Aphiwat),-19,0,16:30,16:11,16:50,16:50,เนื่องจากผ่านพื้นที่ก่อสร้าง,due to Passing construction site
2026-04-18,บางบำหรุ,Bang Bamru,3,3,17:01,17:04,17:02,17:05,เนื่องจากผ่านพื้นที่ก่อสร้าง,due to Passing construction site
2026-04-18,ศาลายา,Sala Ya,5,5,17:22,17:27,17:23,17:28,เนื่องจากผ่านพื้นที่ก่อสร้าง,due to Passing construction site
2026-04-18,นครปฐม,Nakhon Pathom,13,13,17:48,18:01,17:50,18:03,เนื่องจากผ่านพื้นที่ก่อสร้าง,due to Passing construction site
2026-04-18,บ้านโป่ง,Ban Pong,15,20,18:08,18:23,18:09,18:29,เนื่องจากผ่านพื้นที่ก่อสร้าง,due to Passing construction site
2026-04-18,ราชบุรี,Ratchaburi,20,13,18:37,18:57,18:47,19:00,เนื่องจากผ่านพื้นที่ก่อสร้าง,due to Passing construction site
2026-04-18,เพชรบุรี,Phetchaburi,9,9,19:30,19:39,19:31,19:40,เนื่องจากผ่านพื้นที่ก่อสร้าง,due to Passing construction site
2026-04-18,หัวหิน,Hua Hin,33,31,20:20,20:53,20:25,20:56,เนื่องจากผ่านพื้นที่ก่อสร้าง,due to Passing construction site
2026-04-18,ประจวบคีรีขันธ์,Prachuap Khiri Khan,21,21,21:40,22:01,21:41,22:02,เนื่องจากผ่านพื้นที่ก่อสร้าง,due to Passing construction site
2026-04-18,ชุมพร,Chumphon,26,28,23:55,00:21,00:05,00:33,เนื่องจากผ่านพื้นที่ก่อสร้าง,due to Passing construction site
2026-04-18,สุราษฎร์ธานี,Surat Thani,51,51,02:20,03:11,02:23,03:14,เนื่องจากผ่านพื้นที่ก่อสร้าง,due to Passing construction site
2026-04-18,ชุมทางทุ่งสง,Thung Song Junction,55,55,04:08,05:03,04:18,05:13,เนื่องจากผ่านพื้นที่ก่อสร้าง,due to Passing construction site
2026-04-18,พัทลุง,Phatthalung,40,40,05:51,06:31,05:53,06:33,เนื่องจากผ่านพื้นที่ก่อสร้าง,due to Passing construction site
2026-04-18,ชุมทางหาดใหญ่,Hat Yai Junction,55,55,07:05,08:00,07:05,08:00,เนื่องจากผ่านพื้นที่ก่อสร้าง,due to Passing construction site
2026-04-19,กรุงเทพอภิวัฒน์,Bangkok (Krung Thep Aphiwat),-24,0,16:30,16:06,16:50,16:50,"เนื่องจากผ่านพื้นที่ก่อสร้าง, รอหลีกขบวนรถ","due to Passing construction site, Wait for track cleared"
2026-04-19,บางบำหรุ,Bang Bamru,0,0,17:01,17:01,17:02,17:02,"เนื่องจากผ่านพื้นที่ก่อสร้าง, รอหลีกขบวนรถ","due to Passing construction site, Wait for track cleared"
2026-04-19,ศาลายา,Sala Ya,0,0,17:22,17:22,17:23,17:23,"เนื่องจากผ่านพื้นที่ก่อสร้าง, รอหลีกขบวนรถ","due to Passing construction site, Wait for track cleared"
2026-04-19,นครปฐม,Nakhon Pathom,1,1,17:48,17:49,17:50,17:51,"เนื่องจากผ่านพื้นที่ก่อสร้าง, รอหลีกขบวนรถ","due to Passing construction site, Wait for track cleared"
2026-04-19,บ้านโป่ง,Ban Pong,0,0,18:08,18:08,18:09,18:09,"เนื่องจากผ่านพื้นที่ก่อสร้าง, รอหลีกขบวนรถ","due to Passing construction site, Wait for track cleared"
2026-04-19,ราชบุรี,Ratchaburi,-4,0,18:37,18:33,18:47,18:47,"เนื่องจากผ่านพื้นที่ก่อสร้าง, รอหลีกขบวนรถ","due to Passing construction site, Wait for track cleared"
2026-04-19,เพชรบุรี,Phetchaburi,-8,0,19:30,19:22,19:31,19:31,"เนื่องจากผ่านพื้นที่ก่อสร้าง, รอหลีกขบวนรถ","due to Passing construction site, Wait for track cleared"
2026-04-19,หัวหิน,Hua Hin,-1,0,20:20,20:19,20:25,20:25,"เนื่องจากผ่านพื้นที่ก่อสร้าง, รอหลีกขบวนรถ","due to Passing construction site, Wait for track cleared"
2026-04-19,ประจวบคีรีขันธ์,Prachuap Khiri Khan,-13,0,21:40,21:27,21:41,21:41,"เนื่องจากผ่านพื้นที่ก่อสร้าง, รอหลีกขบวนรถ","due to Passing construction site, Wait for track cleared"
2026-04-19,ชุมพร,Chumphon,-3,0,23:55,23:52,00:05,00:05,"เนื่องจากผ่านพื้นที่ก่อสร้าง, รอหลีกขบวนรถ","due to Passing construction site, Wait for track cleared"
2026-04-19,สุราษฎร์ธานี,Surat Thani,37,37,02:20,02:57,02:23,03:00,"เนื่องจากผ่านพื้นที่ก่อสร้าง, รอหลีกขบวนรถ","due to Passing construction site, Wait for track cleared"
2026-04-19,ชุมทางทุ่งสง,Thung Song Junction,42,40,04:08,04:50,04:18,04:58,"เนื่องจากผ่านพื้นที่ก่อสร้าง, รอหลีกขบวนรถ","due to Passing construction site, Wait for track cleared"
2026-04-19,พัทลุง,Phatthalung,20,20,05:51,06:11,05:53,06:13,"เนื่องจากผ่านพื้นที่ก่อสร้าง, รอหลีกขบวนรถ","due to Passing construction site, Wait for track cleared"
2026-04-19,ชุมทางหาดใหญ่,Hat Yai Junction,29,29,07:05,07:34,07:05,07:34,"เนื่องจากผ่านพื้นที่ก่อสร้าง, รอหลีกขบวนรถ","due to Passing construction site, Wait for track cleared"
2026-04-20,กรุงเทพอภิวัฒน์,Bangkok (Krung Thep Aphiwat),-12,0,16:30,16:18,16:50,16:50,,
2026-04-20,บางบำหรุ,Bang Bamru,0,0,17:01,17:01,17:02,17:02,,
2026-04-20,ศาลายา,Sala Ya,0,0,17:22,17:22,17:23,17:23,,
2026-04-20,นครปฐม,Nakhon Pathom,0,0,17:48,17:48,17:50,17:50,,
2026-04-20,บ้านโป่ง,Ban Pong,1,1,18:08,18:09,18:09,18:10,,
2026-04-20,ราชบุรี,Ratchaburi,0,0,18:37,18:37,18:47,18:47,,
2026-04-20,เพชรบุรี,Phetchaburi,-9,0,19:30,19:21,19:31,19:31,,
2026-04-20,หัวหิน,Hua Hin,0,0,20:20,20:20,20:25,20:25,,
2026-04-20,ประจวบคีรีขันธ์,Prachuap Khiri Khan,-11,0,21:40,21:29,21:41,21:41,,
2026-04-20,ชุมพร,Chumphon,-3,0,23:55,23:52,00:05,00:05,,
2026-04-20,สุราษฎร์ธานี,Surat Thani,15,15,02:20,02:35,02:23,02:38,,
2026-04-20,ชุมทางทุ่งสง,Thung Song Junction,12,10,04:08,04:20,04:18,04:28,,
2026-04-20,พัทลุง,Phatthalung,0,0,05:51,05:51,05:53,05:53,,
2026-04-20,ชุมทางหาดใหญ่,Hat Yai Junction,20,20,07:05,07:25,07:05,07:25,,
2026-04-21,กรุงเทพอภิวัฒน์,Bangkok (Krung Thep Aphiwat),-11,0,16:30,16:19,16:50,16:50,,
2026-04-21,บางบำหรุ,Bang Bamru,0,0,17:01,17:01,17:02,17:02,,
2026-04-21,ศาลายา,Sala Ya,0,0,17:22,17:22,17:23,17:23,,
2026-04-21,นครปฐม,Nakhon Pathom,0,0,17:48,17:48,17:50,17:50,,
2026-04-21,บ้านโป่ง,Ban Pong,0,0,18:08,18:08,18:09,18:09,,
2026-04-21,ราชบุรี,Ratchaburi,-4,0,18:37,18:33,18:47,18:47,,
2026-04-21,เพชรบุรี,Phetchaburi,-8,0,19:30,19:22,19:31,19:31,,
2026-04-21,หัวหิน,Hua Hin,2,0,20:20,20:22,20:25,20:25,,
2026-04-21,ประจวบคีรีขันธ์,Prachuap Khiri Khan,-7,0,21:40,21:33,21:41,21:41,,
2026-04-21,ชุมพร,Chumphon,-10,0,23:55,23:45,00:05,00:05,,
2026-04-21,สุราษฎร์ธานี,Surat Thani,12,12,02:20,02:32,02:23,02:35,,
2026-04-21,ชุมทางทุ่งสง,Thung Song Junction,9,7,04:08,04:17,04:18,04:25,,
2026-04-21,พัทลุง,Phatthalung,0,0,05:51,05:51,05:53,05:53,,
2026-04-21,ชุมทางหาดใหญ่,Hat Yai Junction,0,0,07:05,07:05,07:05,07:05,,
2026-04-22,กรุงเทพอภิวัฒน์,Bangkok (Krung Thep Aphiwat),-22,0,16:30,16:08,16:50,16:50,,
2026-04-22,บางบำหรุ,Bang Bamru,0,0,17:01,17:01,17:02,17:02,,
2026-04-22,ศาลายา,Sala Ya,0,0,17:22,17:22,17:23,17:23,,
2026-04-22,นครปฐม,Nakhon Pathom,3,3,17:48,17:51,17:50,17:53,,
2026-04-22,บ้านโป่ง,Ban Pong,2,2,18:08,18:10,18:09,18:11,,
2026-04-22,ราชบุรี,Ratchaburi,0,0,18:37,18:37,18:47,18:47,,
2026-04-22,เพชรบุรี,Phetchaburi,-7,0,19:30,19:23,19:31,19:31,,
2026-04-22,หัวหิน,Hua Hin,0,0,20:20,20:20,20:25,20:25,,
2026-04-22,ประจวบคีรีขันธ์,Prachuap Khiri Khan,-12,0,21:40,21:28,21:41,21:41,,
2026-04-22,ชุมพร,Chumphon,0,12,23:55,23:55,00:05,00:17,,
2026-04-22,สุราษฎร์ธานี,Surat Thani,15,15,02:20,02:35,02:23,02:38,,
2026-04-22,ชุมทางทุ่งสง,Thung Song Junction,13,13,04:08,04:21,04:18,04:31,,
2026-04-22,พัทลุง,Phatthalung,-6,0,05:51,05:45,05:53,05:53,,
2026-04-22,ชุมทางหาดใหญ่,Hat Yai Junction,0,0,07:05,07:05,07:05,07:05,,
2026-04-23,กรุงเทพอภิวัฒน์,Bangkok (Krung Thep Aphiwat),-9,0,16:30,16:21,16:50,16:50,,
2026-04-23,บางบำหรุ,Bang Bamru,0,0,17:01,17:01,17:02,17:02,,
2026-04-23,ศาลายา,Sala Ya,0,0,17:22,17:22,17:23,17:23,,
2026-04-23,นครปฐม,Nakhon Pathom,2,2,17:48,17:50,17:50,17:52,,
2026-04-23,บ้านโป่ง,Ban Pong,1,1,18:08,18:09,18:09,18:10,,
2026-04-23,ราชบุรี,Ratchaburi,-3,0,18:37,18:34,18:47,18:47,,
2026-04-23,เพชรบุรี,Phetchaburi,-9,0,19:30,19:21,19:31,19:31,,
2026-04-23,หัวหิน,Hua Hin,7,5,20:20,20:27,20:25,20:30,,
2026-04-23,ประจวบคีรีขันธ์,Prachuap Khiri Khan,-4,4,21:40,21:36,21:41,21:45,,
2026-04-23,ชุมพร,Chumphon,27,28,23:55,00:22,00:05,00:33,,
2026-04-23,สุราษฎร์ธานี,Surat Thani,50,50,02:20,03:10,02:23,03:13,,
2026-04-23,ชุมทางทุ่งสง,Thung Song Junction,46,46,04:08,04:54,04:18,05:04,,
2026-04-23,พัทลุง,Phatthalung,23,23,05:51,06:14,05:53,06:16,,
2026-04-23,ชุมทางหาดใหญ่,Hat Yai Junction,20,20,07:05,07:25,07:05,07:25,,
2026-04-24,กรุงเทพอภิวัฒน์,Bangkok (Krung Thep Aphiwat),-10,0,16:30,16:20,16:50,16:50,,
2026-04-24,บางบำหรุ,Bang Bamru,0,0,17:01,17:01,17:02,17:02,,
2026-04-24,ศาลายา,Sala Ya,0,0,17:22,17:22,17:23,17:23,,
2026-04-24,นครปฐม,Nakhon Pathom,4,4,17:48,17:52,17:50,17:54,,
2026-04-24,บ้านโป่ง,Ban Pong,3,3,18:08,18:11,18:09,18:12,,
2026-04-24,ราชบุรี,Ratchaburi,0,0,18:37,18:37,18:47,18:47,,
2026-04-24,เพชรบุรี,Phetchaburi,-7,0,19:30,19:23,19:31,19:31,,
2026-04-24,หัวหิน,Hua Hin,20,19,20:20,20:40,20:25,20:44,,
2026-04-24,ประจวบคีรีขันธ์,Prachuap Khiri Khan,5,5,21:40,21:45,21:41,21:46,,
2026-04-24,ชุมพร,Chumphon,10,10,23:55,00:05,00:05,00:15,,
2026-04-24,สุราษฎร์ธานี,Surat Thani,27,27,02:20,02:47,02:23,02:50,,
2026-04-24,ชุมทางทุ่งสง,Thung Song Junction,27,25,04:08,04:35,04:18,04:43,,
2026-04-24,พัทลุง,Phatthalung,7,7,05:51,05:58,05:53,06:00,,
2026-04-24,ชุมทางหาดใหญ่,Hat Yai Junction,18,18,07:05,07:23,07:05,07:23,,
2026-04-25,กรุงเทพอภิวัฒน์,Bangkok (Krung Thep Aphiwat),-11,0,16:30,16:19,16:50,16:50,,
2026-04-25,บางบำหรุ,Bang Bamru,0,0,17:01,17:01,17:02,17:02,,
2026-04-25,ศาลายา,Sala Ya,0,0,17:22,17:22,17:23,17:23,,
2026-04-25,นครปฐม,Nakhon Pathom,2,2,17:48,17:50,17:50,17:52,,
2026-04-25,บ้านโป่ง,Ban Pong,4,4,18:08,18:12,18:09,18:13,,
2026-04-25,ราชบุรี,Ratchaburi,1,0,18:37,18:38,18:47,18:47,,
2026-04-25,เพชรบุรี,Phetchaburi,-6,0,19:30,19:24,19:31,19:31,,
2026-04-25,หัวหิน,Hua Hin,0,0,20:20,20:20,20:25,20:25,,
2026-04-25,ประจวบคีรีขันธ์,Prachuap Khiri Khan,-10,0,21:40,21:30,21:41,21:41,,
2026-04-25,ชุมพร,Chumphon,-3,9,23:55,23:52,00:05,00:14,,
2026-04-25,สุราษฎร์ธานี,Surat Thani,44,44,02:20,03:04,02:23,03:07,,
2026-04-25,ชุมทางทุ่งสง,Thung Song Junction,43,42,04:08,04:51,04:18,05:00,,
2026-04-25,พัทลุง,Phatthalung,23,23,05:51,06:14,05:53,06:16,,
2026-04-25,ชุมทางหาดใหญ่,Hat Yai Junction,20,20,07:05,07:25,07:05,07:25,,
2026-04-26,กรุงเทพอภิวัฒน์,Bangkok (Krung Thep Aphiwat),-10,0,16:30,16:20,16:50,16:50,,
2026-04-26,บางบำหรุ,Bang Bamru,0,0,17:01,17:01,17:02,17:02,,
2026-04-26,ศาลายา,Sala Ya,0,0,17:22,17:22,17:23,17:23,,
2026-04-26,นครปฐม,Nakhon Pathom,0,0,17:48,17:48,17:50,17:50,,
2026-04-26,บ้านโป่ง,Ban Pong,0,0,18:08,18:08,18:09,18:09,,
2026-04-26,ราชบุรี,Ratchaburi,-4,0,18:37,18:33,18:47,18:47,,
2026-04-26,เพชรบุรี,Phetchaburi,-4,0,19:30,19:26,19:31,19:31,,
2026-04-26,หัวหิน,Hua Hin,0,0,20:20,20:20,20:25,20:25,,
2026-04-26,ประจวบคีรีขันธ์,Prachuap Khiri Khan,-9,0,21:40,21:31,21:41,21:41,,
2026-04-26,ชุมพร,Chumphon,1,0,23:55,23:56,00:05,00:05,,
2026-04-26,สุราษฎร์ธานี,Surat Thani,17,17,02:20,02:37,02:23,02:40,,
2026-04-26,ชุมทางทุ่งสง,Thung Song Junction,10,12,04:08,04:18,04:18,04:30,,
2026-04-26,พัทลุง,Phatthalung,-5,0,05:51,05:46,05:53,05:53,,
2026-04-26,ชุมทางหาดใหญ่,Hat Yai Junction,0,0,07:05,07:05,07:05,07:05,,
2026-04-27,กรุงเทพอภิวัฒน์,Bangkok (Krung Thep Aphiwat),-24,0,16:30,16:06,16:50,16:50,,
2026-04-27,บางบำหรุ,Bang Bamru,0,0,17:01,17:01,17:02,17:02,,
2026-04-27,ศาลายา,Sala Ya,0,0,17:22,17:22,17:23,17:23,,
2026-04-27,นครปฐม,Nakhon Pathom,3,3,17:48,17:51,17:50,17:53,,
2026-04-27,บ้านโป่ง,Ban Pong,4,4,18:08,18:12,18:09,18:13,,
2026-04-27,ราชบุรี,Ratchaburi,0,0,18:37,18:37,18:47,18:47,,
2026-04-27,เพชรบุรี,Phetchaburi,-8,0,19:30,19:22,19:31,19:31,,
2026-04-27,หัวหิน,Hua Hin,12,10,20:20,20:32,20:25,20:35,,
2026-04-27,ประจวบคีรีขันธ์,Prachuap Khiri Khan,3,3,21:40,21:43,21:41,21:44,,
2026-04-27,ชุมพร,Chumphon,-4,0,23:55,23:51,00:05,00:05,,
2026-04-27,สุราษฎร์ธานี,Surat Thani,7,7,02:20,02:27,02:23,02:30,,
2026-04-27,ชุมทางทุ่งสง,Thung Song Junction,10,10,04:08,04:18,04:18,04:28,,
2026-04-27,พัทลุง,Phatthalung,0,0,05:51,05:51,05:53,05:53,,
2026-04-27,ชุมทางหาดใหญ่,Hat Yai Junction,11,11,07:05,07:16,07:05,07:16,,
2026-04-28,กรุงเทพอภิวัฒน์,Bangkok (Krung Thep Aphiwat),-11,0,16:30,16:19,16:50,16:50,"เนื่องจากผ่านพื้นที่ก่อสร้าง, รอหลีกขบวนรถ","due to Passing construction site, Wait for track cleared"
2026-04-28,บางบำหรุ,Bang Bamru,0,0,17:01,17:01,17:02,17:02,"เนื่องจากผ่านพื้นที่ก่อสร้าง, รอหลีกขบวนรถ","due to Passing construction site, Wait for track cleared"
2026-04-28,ศาลายา,Sala Ya,0,0,17:22,17:22,17:23,17:23,"เนื่องจากผ่านพื้นที่ก่อสร้าง, รอหลีกขบวนรถ","due to Passing construction site, Wait for track cleared"
2026-04-28,นครปฐม,Nakhon Pathom,4,4,17:48,17:52,17:50,17:54,"เนื่องจากผ่านพื้นที่ก่อสร้าง, รอหลีกขบวนรถ","due to Passing construction site, Wait for track cleared"
2026-04-28,บ้านโป่ง,Ban Pong,4,4,18:08,18:12,18:09,18:13,"เนื่องจากผ่านพื้นที่ก่อสร้าง, รอหลีกขบวนรถ","due to Passing construction site, Wait for track cleared"
2026-04-28,ราชบุรี,Ratchaburi,0,0,18:37,18:37,18:47,18:47,"เนื่องจากผ่านพื้นที่ก่อสร้าง, รอหลีกขบวนรถ","due to Passing construction site, Wait for track cleared"
2026-04-28,เพชรบุรี,Phetchaburi,-8,0,19:30,19:22,19:31,19:31,"เนื่องจากผ่านพื้นที่ก่อสร้าง, รอหลีกขบวนรถ","due to Passing construction site, Wait for track cleared"
2026-04-28,หัวหิน,Hua Hin,14,13,20:20,20:34,20:25,20:38,"เนื่องจากผ่านพื้นที่ก่อสร้าง, รอหลีกขบวนรถ","due to Passing construction site, Wait for track cleared"
2026-04-28,ประจวบคีรีขันธ์,Prachuap Khiri Khan,1,1,21:40,21:41,21:41,21:42,"เนื่องจากผ่านพื้นที่ก่อสร้าง, รอหลีกขบวนรถ","due to Passing construction site, Wait for track cleared"
2026-04-28,ชุมพร,Chumphon,7,8,23:55,00:02,00:05,00:13,"เนื่องจากผ่านพื้นที่ก่อสร้าง, รอหลีกขบวนรถ","due to Passing construction site, Wait for track cleared"
2026-04-28,สุราษฎร์ธานี,Surat Thani,53,53,02:20,03:13,02:23,03:16,"เนื่องจากผ่านพื้นที่ก่อสร้าง, รอหลีกขบวนรถ","due to Passing construction site, Wait for track cleared"
2026-04-28,ชุมทางทุ่งสง,Thung Song Junction,62,61,04:08,05:10,04:18,05:19,"เนื่องจากผ่านพื้นที่ก่อสร้าง, รอหลีกขบวนรถ","due to Passing construction site, Wait for track cleared"
2026-04-28,พัทลุง,Phatthalung,42,42,05:51,06:33,05:53,06:35,"เนื่องจากผ่านพื้นที่ก่อสร้าง, รอหลีกขบวนรถ","due to Passing construction site, Wait for track cleared"
2026-04-28,ชุมทางหาดใหญ่,Hat Yai Junction,50,50,07:05,07:55,07:05,07:55,"เนื่องจากผ่านพื้นที่ก่อสร้าง, รอหลีกขบวนรถ","due to Passing construction site, Wait for track cleared"
2026-04-29,กรุงเทพอภิวัฒน์,Bangkok (Krung Thep Aphiwat),-9,0,16:30,16:21,16:50,16:50,,
2026-04-29,บางบำหรุ,Bang Bamru,0,0,17:01,17:01,17:02,17:02,,
2026-04-29,ศาลายา,Sala Ya,0,0,17:22,17:22,17:23,17:23,,
2026-04-29,นครปฐม,Nakhon Pathom,0,0,17:48,17:48,17:50,17:50,,
2026-04-29,บ้านโป่ง,Ban Pong,1,1,18:08,18:09,18:09,18:10,,
2026-04-29,ราชบุรี,Ratchaburi,0,0,18:37,18:37,18:47,18:47,,
2026-04-29,เพชรบุรี,Phetchaburi,-10,0,19:30,19:20,19:31,19:31,,
2026-04-29,หัวหิน,Hua Hin,3,2,20:20,20:23,20:25,20:27,,
2026-04-29,ประจวบคีรีขันธ์,Prachuap Khiri Khan,-8,0,21:40,21:32,21:41,21:41,,
2026-04-29,ชุมพร,Chumphon,-5,0,23:55,23:50,00:05,00:05,,
2026-04-29,สุราษฎร์ธานี,Surat Thani,7,6,02:20,02:27,02:23,02:29,,
2026-04-29,ชุมทางทุ่งสง,Thung Song Junction,13,13,04:08,04:21,04:18,04:31,,
2026-04-29,พัทลุง,Phatthalung,0,0,05:51,05:51,05:53,05:53,,
2026-04-29,ชุมทางหาดใหญ่,Hat Yai Junction,5,5,07:05,07:10,07:05,07:10,,
2026-04-30,กรุงเทพอภิวัฒน์,Bangkok (Krung Thep Aphiwat),-10,0,16:30,16:20,16:50,16:50,"เนื่องจากผ่านพื้นที่ก่อสร้าง, รอหลีกขบวนรถ","due to Passing construction site, Wait for track cleared"
2026-04-30,บางบำหรุ,Bang Bamru,0,0,17:01,17:01,17:02,17:02,"เนื่องจากผ่านพื้นที่ก่อสร้าง, รอหลีกขบวนรถ","due to Passing construction site, Wait for track cleared"
2026-04-30,ศาลายา,Sala Ya,0,0,17:22,17:22,17:23,17:23,"เนื่องจากผ่านพื้นที่ก่อสร้าง, รอหลีกขบวนรถ","due to Passing construction site, Wait for track cleared"
2026-04-30,นครปฐม,Nakhon Pathom,5,5,17:48,17:53,17:50,17:55,"เนื่องจากผ่านพื้นที่ก่อสร้าง, รอหลีกขบวนรถ","due to Passing construction site, Wait for track cleared"
2026-04-30,บ้านโป่ง,Ban Pong,5,5,18:08,18:13,18:09,18:14,"เนื่องจากผ่านพื้นที่ก่อสร้าง, รอหลีกขบวนรถ","due to Passing construction site, Wait for track cleared"
2026-04-30,ราชบุรี,Ratchaburi,0,0,18:37,18:37,18:47,18:47,"เนื่องจากผ่านพื้นที่ก่อสร้าง, รอหลีกขบวนรถ","due to Passing construction site, Wait for track cleared"
2026-04-30,เพชรบุรี,Phetchaburi,-7,0,19:30,19:23,19:31,19:31,"เนื่องจากผ่านพื้นที่ก่อสร้าง, รอหลีกขบวนรถ","due to Passing construction site, Wait for track cleared"
2026-04-30,หัวหิน,Hua Hin,2,0,20:20,20:22,20:25,20:25,"เนื่องจากผ่านพื้นที่ก่อสร้าง, รอหลีกขบวนรถ","due to Passing construction site, Wait for track cleared"
2026-04-30,ประจวบคีรีขันธ์,Prachuap Khiri Khan,-6,0,21:40,21:34,21:41,21:41,"เนื่องจากผ่านพื้นที่ก่อสร้าง, รอหลีกขบวนรถ","due to Passing construction site, Wait for track cleared"
2026-04-30,ชุมพร,Chumphon,2,0,23:55,23:57,00:05,00:05,"เนื่องจากผ่านพื้นที่ก่อสร้าง, รอหลีกขบวนรถ","due to Passing construction site, Wait for track cleared"
2026-04-30,สุราษฎร์ธานี,Surat Thani,48,48,02:20,03:08,02:23,03:11,"เนื่องจากผ่านพื้นที่ก่อสร้าง, รอหลีกขบวนรถ","due to Passing construction site, Wait for track cleared"
2026-04-30,ชุมทางทุ่งสง,Thung Song Junction,54,56,04:08,05:02,04:18,05:14,"เนื่องจากผ่านพื้นที่ก่อสร้าง, รอหลีกขบวนรถ","due to Passing construction site, Wait for track cleared"
2026-04-30,พัทลุง,Phatthalung,37,37,05:51,06:28,05:53,06:30,"เนื่องจากผ่านพื้นที่ก่อสร้าง, รอหลีกขบวนรถ","due to Passing construction site, Wait for track cleared"
2026-04-30,ชุมทางหาดใหญ่,Hat Yai Junction,40,40,07:05,07:45,07:05,07:45,"เนื่องจากผ่านพื้นที่ก่อสร้าง, รอหลีกขบวนรถ","due to Passing construction site, Wait for track cleared"
2026-05-01,กรุงเทพอภิวัฒน์,Bangkok (Krung Thep Aphiwat),-10,0,16:30,16:20,16:50,16:50,,
2026-05-01,บางบำหรุ,Bang Bamru,0,0,17:01,17:01,17:02,17:02,,
2026-05-01,ศาลายา,Sala Ya,0,0,17:22,17:22,17:23,17:23,,
2026-05-01,นครปฐม,Nakhon Pathom,0,0,17:48,17:48,17:50,17:50,,
2026-05-01,บ้านโป่ง,Ban Pong,0,0,18:08,18:08,18:09,18:09,,
2026-05-01,ราชบุรี,Ratchaburi,-3,0,18:37,18:34,18:47,18:47,,
2026-05-01,เพชรบุรี,Phetchaburi,-8,0,19:30,19:22,19:31,19:31,,
2026-05-01,หัวหิน,Hua Hin,0,0,20:20,20:20,20:25,20:25,,
2026-05-01,ประจวบคีรีขันธ์,Prachuap Khiri Khan,-9,0,21:40,21:31,21:41,21:41,,
2026-05-01,ชุมพร,Chumphon,0,0,23:55,23:55,00:05,00:05,,
2026-05-01,สุราษฎร์ธานี,Surat Thani,10,10,02:20,02:30,02:23,02:33,,
2026-05-01,ชุมทางทุ่งสง,Thung Song Junction,1,15,04:08,04:09,04:18,04:33,,
2026-05-01,พัทลุง,Phatthalung,5,5,05:51,05:56,05:53,05:58,,
2026-05-01,ชุมทางหาดใหญ่,Hat Yai Junction,9,9,07:05,07:14,07:05,07:14,,
2026-05-02,กรุงเทพอภิวัฒน์,Bangkok (Krung Thep Aphiwat),-12,0,16:30,16:18,16:50,16:50,,
2026-05-02,บางบำหรุ,Bang Bamru,0,0,17:01,17:01,17:02,17:02,,
2026-05-02,ศาลายา,Sala Ya,0,0,17:22,17:22,17:23,17:23,,
2026-05-02,นครปฐม,Nakhon Pathom,4,4,17:48,17:52,17:50,17:54,,
2026-05-02,บ้านโป่ง,Ban Pong,4,4,18:08,18:12,18:09,18:13,,
2026-05-02,ราชบุรี,Ratchaburi,1,0,18:37,18:38,18:47,18:47,,
2026-05-02,เพชรบุรี,Phetchaburi,-9,0,19:30,19:21,19:31,19:31,,
2026-05-02,หัวหิน,Hua Hin,2,0,20:20,20:22,20:25,20:25,,
2026-05-02,ประจวบคีรีขันธ์,Prachuap Khiri Khan,-10,0,21:40,21:30,21:41,21:41,,
2026-05-02,ชุมพร,Chumphon,3,5,23:55,23:58,00:05,00:10,,
2026-05-02,สุราษฎร์ธานี,Surat Thani,23,23,02:20,02:43,02:23,02:46,,
2026-05-02,ชุมทางทุ่งสง,Thung Song Junction,18,18,04:08,04:26,04:18,04:36,,
2026-05-02,พัทลุง,Phatthalung,0,0,05:51,05:51,05:53,05:53,,
2026-05-02,ชุมทางหาดใหญ่,Hat Yai Junction,0,0,07:05,07:05,07:05,07:05,,
2026-05-03,กรุงเทพอภิวัฒน์,Bangkok (Krung Thep Aphiwat),-9,0,16:30,16:21,16:50,16:50,,
2026-05-03,บางบำหรุ,Bang Bamru,1,1,17:01,17:02,17:02,17:03,,
2026-05-03,ศาลายา,Sala Ya,0,0,17:22,17:22,17:23,17:23,,
2026-05-03,นครปฐม,Nakhon Pathom,7,7,17:48,17:55,17:50,17:57,,
2026-05-03,บ้านโป่ง,Ban Pong,8,8,18:08,18:16,18:09,18:17,,
2026-05-03,ราชบุรี,Ratchaburi,4,0,18:37,18:41,18:47,18:47,,
2026-05-03,เพชรบุรี,Phetchaburi,-8,0,19:30,19:22,19:31,19:31,,
2026-05-03,หัวหิน,Hua Hin,23,22,20:20,20:43,20:25,20:47,,
2026-05-03,ประจวบคีรีขันธ์,Prachuap Khiri Khan,9,9,21:40,21:49,21:41,21:50,,
2026-05-03,ชุมพร,Chumphon,0,7,23:55,23:55,00:05,00:12,,
2026-05-03,สุราษฎร์ธานี,Surat Thani,32,32,02:20,02:52,02:23,02:55,,
2026-05-03,ชุมทางทุ่งสง,Thung Song Junction,32,32,04:08,04:40,04:18,04:50,,
2026-05-03,พัทลุง,Phatthalung,7,7,05:51,05:58,05:53,06:00,,
2026-05-03,ชุมทางหาดใหญ่,Hat Yai Junction,5,5,07:05,07:10,07:05,07:10,,
2026-05-04,กรุงเทพอภิวัฒน์,Bangkok (Krung Thep Aphiwat),-23,0,16:30,16:07,16:50,16:50,,
2026-05-04,บางบำหรุ,Bang Bamru,2,2,17:01,17:03,17:02,17:04,,
2026-05-04,ศาลายา,Sala Ya,1,1,17:22,17:23,17:23,17:24,,
2026-05-04,นครปฐม,Nakhon Pathom,6,6,17:48,17:54,17:50,17:56,,
2026-05-04,บ้านโป่ง,Ban Pong,7,7,18:08,18:15,18:09,18:16,,
2026-05-04,ราชบุรี,Ratchaburi,5,0,18:37,18:42,18:47,18:47,,
2026-05-04,เพชรบุรี,Phetchaburi,-5,0,19:30,19:25,19:31,19:31,,
2026-05-04,หัวหิน,Hua Hin,11,11,20:20,20:31,20:25,20:36,,
2026-05-04,ประจวบคีรีขันธ์,Prachuap Khiri Khan,6,6,21:40,21:46,21:41,21:47,,
2026-05-04,ชุมพร,Chumphon,23,22,23:55,00:18,00:05,00:27,,
2026-05-04,สุราษฎร์ธานี,Surat Thani,34,34,02:20,02:54,02:23,02:57,,
2026-05-04,ชุมทางทุ่งสง,Thung Song Junction,30,32,04:08,04:38,04:18,04:50,,
2026-05-04,พัทลุง,Phatthalung,13,13,05:51,06:04,05:53,06:06,,
2026-05-04,ชุมทางหาดใหญ่,Hat Yai Junction,20,20,07:05,07:25,07:05,07:25,,
2026-05-05,กรุงเทพอภิวัฒน์,Bangkok (Krung Thep Aphiwat),-19,15,16:30,16:11,16:50,17:05,,
2026-05-05,บางบำหรุ,Bang Bamru,13,13,17:01,17:14,17:02,17:15,,
2026-05-05,ศาลายา,Sala Ya,17,17,17:22,17:39,17:23,17:40,,
2026-05-05,นครปฐม,Nakhon Pathom,20,20,17:48,18:08,17:50,18:10,,
2026-05-05,บ้านโป่ง,Ban Pong,19,19,18:08,18:27,18:09,18:28,,
2026-05-05,ราชบุรี,Ratchaburi,20,13,18:37,18:57,18:47,19:00,,
2026-05-05,เพชรบุรี,Phetchaburi,10,14,19:30,19:40,19:31,19:45,,
2026-05-05,หัวหิน,Hua Hin,17,15,20:20,20:37,20:25,20:40,,
2026-05-05,ประจวบคีรีขันธ์,Prachuap Khiri Khan,3,3,21:40,21:43,21:41,21:44,,
2026-05-05,ชุมพร,Chumphon,8,9,23:55,00:03,00:05,00:14,,
2026-05-05,สุราษฎร์ธานี,Surat Thani,15,15,02:20,02:35,02:23,02:38,,
2026-05-05,ชุมทางทุ่งสง,Thung Song Junction,7,6,04:08,04:15,04:18,04:24,,
2026-05-05,พัทลุง,Phatthalung,0,0,05:51,05:51,05:53,05:53,,
2026-05-05,ชุมทางหาดใหญ่,Hat Yai Junction,5,5,07:05,07:10,07:05,07:10,,
2026-05-06,กรุงเทพอภิวัฒน์,Bangkok (Krung Thep Aphiwat),-11,0,16:30,16:19,16:50,16:50,,
2026-05-06,บางบำหรุ,Bang Bamru,0,0,17:01,17:01,17:02,17:02,,
2026-05-06,ศาลายา,Sala Ya,0,0,17:22,17:22,17:23,17:23,,
2026-05-06,นครปฐม,Nakhon Pathom,0,0,17:48,17:48,17:50,17:50,,
2026-05-06,บ้านโป่ง,Ban Pong,0,0,18:08,18:08,18:09,18:09,,
2026-05-06,ราชบุรี,Ratchaburi,-5,0,18:37,18:32,18:47,18:47,,
2026-05-06,เพชรบุรี,Phetchaburi,-9,0,19:30,19:21,19:31,19:31,,
2026-05-06,หัวหิน,Hua Hin,3,1,20:20,20:23,20:25,20:26,,
2026-05-06,ประจวบคีรีขันธ์,Prachuap Khiri Khan,-7,0,21:40,21:33,21:41,21:41,,
2026-05-06,ชุมพร,Chumphon,7,8,23:55,00:02,00:05,00:13,,
2026-05-06,สุราษฎร์ธานี,Surat Thani,15,15,02:20,02:35,02:23,02:38,,
2026-05-06,ชุมทางทุ่งสง,Thung Song Junction,8,7,04:08,04:16,04:18,04:25,,
2026-05-06,พัทลุง,Phatthalung,-4,0,05:51,05:47,05:53,05:53,,
2026-05-06,ชุมทางหาดใหญ่,Hat Yai Junction,4,4,07:05,07:09,07:05,07:09,,
2026-05-08,กรุงเทพอภิวัฒน์,Bangkok (Krung Thep Aphiwat),-7,0,16:30,16:23,16:50,16:50,,
2026-05-08,บางบำหรุ,Bang Bamru,0,0,17:01,17:01,17:02,17:02,,
2026-05-08,ศาลายา,Sala Ya,0,0,17:22,17:22,17:23,17:23,,
2026-05-08,นครปฐม,Nakhon Pathom,5,5,17:48,17:53,17:50,17:55,,
2026-05-08,บ้านโป่ง,Ban Pong,7,7,18:08,18:15,18:09,18:16,,
2026-05-08,ราชบุรี,Ratchaburi,5,0,18:37,18:42,18:47,18:47,,
2026-05-08,เพชรบุรี,Phetchaburi,-4,0,19:30,19:26,19:31,19:31,,
2026-05-08,หัวหิน,Hua Hin,10,8,20:20,20:30,20:25,20:33,,
2026-05-08,ประจวบคีรีขันธ์,Prachuap Khiri Khan,2,2,21:40,21:42,21:41,21:43,,
2026-05-08,ชุมพร,Chumphon,0,0,23:55,23:55,00:05,00:05,,
2026-05-08,สุราษฎร์ธานี,Surat Thani,21,21,02:20,02:41,02:23,02:44,,
2026-05-08,ชุมทางทุ่งสง,Thung Song Junction,23,22,04:08,04:31,04:18,04:40,,
2026-05-08,พัทลุง,Phatthalung,1,1,05:51,05:52,05:53,05:54,,
2026-05-08,ชุมทางหาดใหญ่,Hat Yai Junction,13,13,07:05,07:18,07:05,07:18,,
